id,order_id,payment_method,amount
1,1,credit_card,418
2,2,bank_transfer,1111
3,3,gift_card,2759
4,3,credit_card,295
5,4,coupon,229
6,4,gift_card,957
7,5,bank_transfer,1617
8,6,bank_transfer,1214
9,6,bank_transfer,2257
10,7,bank_transfer,994
11,7,gift_card,410
12,8,credit_card,2347
13,9,gift_card,2401
14,10,credit_card,2582
15,11,bank_transfer,623
16,11,credit_card,2162
17,12,bank_transfer,1791
18,12,credit_card,1143
19,13,coupon,2854
20,14,gift_card,2730
21,14,coupon,1762
22,15,bank_transfer,111
23,15,coupon,2246
24,16,credit_card,2533
25,17,bank_transfer,359
26,17,credit_card,315
27,18,credit_card,1486
28,18,gift_card,2635
29,19,gift_card,1586
30,20,gift_card,2295
31,20,gift_card,1234
32,21,credit_card,1040
33,21,coupon,601
34,22,gift_card,1131
35,22,coupon,187
36,23,bank_transfer,263
37,24,coupon,1031
38,25,gift_card,2508
39,26,gift_card,225
40,26,gift_card,981
41,27,credit_card,300
42,27,gift_card,1810
43,28,gift_card,1256
44,29,coupon,547
45,29,bank_transfer,2446
46,30,bank_transfer,2834
47,30,credit_card,1882
48,31,gift_card,127
49,31,bank_transfer,2031
50,32,bank_transfer,2566
51,32,credit_card,2552
52,33,credit_card,2100
53,33,bank_transfer,2283
54,34,credit_card,2162
55,34,coupon,1564
56,35,coupon,1196
57,36,coupon,2923
58,37,bank_transfer,1795
59,37,bank_transfer,2848
60,38,coupon,1448
61,38,credit_card,2384
62,39,bank_transfer,1845
63,40,bank_transfer,2950
64,40,bank_transfer,1854
65,41,coupon,2970
66,42,bank_transfer,504
67,43,gift_card,2915
68,43,coupon,2029
69,44,gift_card,1466
70,45,coupon,1469
71,46,gift_card,657
72,46,credit_card,2620
73,47,bank_transfer,2135
74,48,bank_transfer,2579
75,49,bank_transfer,739
76,50,gift_card,2593
77,50,gift_card,354
78,51,credit_card,2773
79,52,bank_transfer,781
80,52,credit_card,2810
81,53,credit_card,1805
82,53,coupon,2326
83,54,bank_transfer,1257
84,55,coupon,974
85,55,bank_transfer,2201
86,56,credit_card,732
87,56,gift_card,1606
88,57,bank_transfer,2753
89,58,coupon,1403
90,59,bank_transfer,2087
91,60,coupon,2384
92,60,bank_transfer,2797
93,61,credit_card,2165
94,61,bank_transfer,1553
95,62,gift_card,2888
96,62,coupon,2047
97,63,credit_card,829
98,64,credit_card,1097
99,64,coupon,695
100,65,gift_card,634
101,66,gift_card,1238
102,66,credit_card,1723
103,67,bank_transfer,2801
104,68,coupon,212
105,69,credit_card,1211
106,70,bank_transfer,1739
107,70,credit_card,1721
108,71,coupon,2984
109,72,bank_transfer,171
110,73,coupon,2404
111,73,credit_card,668
112,74,bank_transfer,453
113,74,coupon,2641
114,75,bank_transfer,2965
115,75,coupon,1675
116,76,gift_card,229
117,77,gift_card,2677
118,77,bank_transfer,848
119,78,bank_transfer,2665
120,78,coupon,1672
121,79,gift_card,2233
122,79,credit_card,2713
123,80,bank_transfer,1527
124,80,coupon,1635
125,81,coupon,1504
126,82,coupon,1319
127,82,bank_transfer,1221
128,83,credit_card,2547
129,84,credit_card,2638
130,84,bank_transfer,2526
131,85,credit_card,2175
132,85,gift_card,1105
133,86,gift_card,2584
134,86,bank_transfer,2328
135,87,gift_card,594
136,87,gift_card,250
137,88,gift_card,743
138,88,coupon,1129
139,89,credit_card,1763
140,89,gift_card,2602
141,90,credit_card,912
142,90,credit_card,849
143,91,bank_transfer,2241
144,91,credit_card,2278
145,92,credit_card,2847
146,92,coupon,2707
147,93,gift_card,1752
148,93,credit_card,2429
149,94,credit_card,762
150,95,credit_card,2652
151,96,coupon,2171
152,96,bank_transfer,2908
153,97,coupon,2974
154,97,gift_card,855
155,98,gift_card,1527
156,99,coupon,2274
157,99,gift_card,949
158,100,credit_card,948
159,101,coupon,1453
160,101,credit_card,2187
161,102,bank_transfer,1985
162,103,gift_card,2952
163,104,coupon,1490
164,104,coupon,1006
165,105,coupon,2129
166,106,bank_transfer,2828
167,107,bank_transfer,1967
168,108,credit_card,2602
169,109,credit_card,1049
170,109,bank_transfer,669
171,110,gift_card,582
172,111,bank_transfer,370
173,111,bank_transfer,782
174,112,bank_transfer,2514
175,113,coupon,845
176,113,bank_transfer,2550
177,114,credit_card,1393
178,115,bank_transfer,2499
179,116,gift_card,2773
180,116,credit_card,771
181,117,credit_card,2442
182,117,coupon,1482
183,118,credit_card,1627
184,118,credit_card,1732
185,119,coupon,2671
186,119,credit_card,1648
187,120,gift_card,1584
188,121,gift_card,213
189,121,credit_card,1369
190,122,bank_transfer,2168
191,122,credit_card,1726
192,123,coupon,2238
193,124,gift_card,1439
194,124,credit_card,1687
195,125,gift_card,711
196,125,credit_card,1792
197,126,credit_card,2403
198,126,gift_card,1751
199,127,coupon,1355
200,127,gift_card,1501
201,128,bank_transfer,178
202,129,gift_card,1563
203,129,coupon,1059
204,130,coupon,310
205,130,coupon,2466
206,131,bank_transfer,1012
207,131,credit_card,1482
208,132,bank_transfer,1396
209,132,credit_card,361
210,133,bank_transfer,2077
211,133,bank_transfer,858
212,134,coupon,2404
213,134,bank_transfer,1872
214,135,bank_transfer,169
215,135,credit_card,1456
216,136,gift_card,1587
217,137,coupon,236
218,137,coupon,2865
219,138,bank_transfer,262
220,139,gift_card,1516
221,140,credit_card,1392
222,141,coupon,1180
223,141,gift_card,331
224,142,coupon,1581
225,142,gift_card,2603
226,143,gift_card,2536
227,143,credit_card,2108
228,144,coupon,2601
229,145,bank_transfer,768
230,146,bank_transfer,220
231,147,bank_transfer,1725
232,148,coupon,135
233,149,credit_card,2582
234,149,credit_card,514
235,150,gift_card,2437
236,151,credit_card,1231
237,152,credit_card,2171
238,153,bank_transfer,288
239,154,gift_card,778
240,155,coupon,220
241,156,gift_card,1655
242,157,coupon,1363
243,157,gift_card,1912
244,158,bank_transfer,1148
245,158,bank_transfer,2039
246,159,bank_transfer,2819
247,159,coupon,2293
248,160,credit_card,973
249,160,coupon,1353
250,161,coupon,335
251,162,coupon,2688
252,163,coupon,2056
253,163,coupon,1551
254,164,credit_card,1750
255,165,credit_card,438
256,166,coupon,1948
257,166,gift_card,1694
258,167,bank_transfer,518
259,167,gift_card,1825
260,168,bank_transfer,1402
261,168,coupon,205
262,169,coupon,2373
263,169,credit_card,300
264,170,bank_transfer,2397
265,171,bank_transfer,435
266,172,coupon,1224
267,172,gift_card,275
268,173,gift_card,141
269,173,bank_transfer,1947
270,174,gift_card,2675
271,174,credit_card,2174
272,175,coupon,741
273,175,gift_card,2740
274,176,bank_transfer,2526
275,176,coupon,813
276,177,coupon,2251
277,177,gift_card,305
278,178,bank_transfer,578
279,178,bank_transfer,2874
280,179,gift_card,2483
281,179,credit_card,2161
282,180,coupon,2936
283,181,gift_card,1449
284,181,gift_card,398
285,182,coupon,552
286,183,coupon,835
287,183,credit_card,842
288,184,coupon,1300
289,185,bank_transfer,340
290,185,gift_card,1593
291,186,bank_transfer,1997
292,186,bank_transfer,677
293,187,credit_card,2122
294,187,credit_card,436
295,188,credit_card,2186
296,188,credit_card,386
297,189,credit_card,985
298,190,bank_transfer,2451
299,191,credit_card,652
300,191,gift_card,807
301,192,coupon,748
302,193,credit_card,771
303,194,credit_card,524
304,195,gift_card,2457
305,195,bank_transfer,2904
306,196,gift_card,1733
307,197,gift_card,2909
308,198,bank_transfer,1115
309,199,coupon,2426
310,199,bank_transfer,2228
311,200,bank_transfer,1464
312,201,coupon,857
313,202,bank_transfer,2084
314,203,credit_card,1494
315,203,credit_card,143
316,204,gift_card,470
317,205,gift_card,1275
318,206,gift_card,1062
319,207,coupon,1149
320,207,gift_card,2729
321,208,gift_card,1951
322,208,bank_transfer,2088
323,209,coupon,2116
324,210,bank_transfer,1327
325,211,gift_card,1425
326,211,bank_transfer,953
327,212,credit_card,1575
328,213,bank_transfer,1549
329,213,gift_card,2613
330,214,coupon,883
331,215,credit_card,1868
332,215,coupon,2138
333,216,bank_transfer,1956
334,217,credit_card,1552
335,217,credit_card,2240
336,218,coupon,2688
337,219,coupon,2454
338,219,gift_card,2353
339,220,coupon,2645
340,220,coupon,1875
341,221,credit_card,417
342,222,credit_card,2524
343,223,bank_transfer,2680
344,224,gift_card,811
345,224,coupon,569
346,225,credit_card,1689
347,226,coupon,932
348,227,credit_card,181
349,228,coupon,813
350,229,gift_card,2794
351,230,gift_card,1068
352,230,coupon,2942
353,231,coupon,590
354,231,bank_transfer,2125
355,232,coupon,438
356,232,coupon,1420
357,233,coupon,2790
358,233,coupon,1114
359,234,credit_card,561
360,235,coupon,1475
361,235,credit_card,1524
362,236,gift_card,2598
363,236,gift_card,450
364,237,credit_card,2319
365,238,bank_transfer,1045
366,238,gift_card,1019
367,239,credit_card,1523
368,239,coupon,1456
369,240,coupon,1530
370,241,gift_card,2119
371,241,coupon,638
372,242,bank_transfer,1152
373,242,credit_card,984
374,243,bank_transfer,1885
375,244,bank_transfer,2727
376,244,credit_card,906
377,245,bank_transfer,2861
378,246,credit_card,1092
379,247,bank_transfer,1942
380,248,bank_transfer,1251
381,248,credit_card,1663
382,249,gift_card,943
383,250,coupon,962
384,251,credit_card,2984
385,251,credit_card,2093
386,252,credit_card,1089
387,253,coupon,241
388,253,credit_card,423
389,254,bank_transfer,684
390,255,gift_card,1345
391,255,credit_card,1066
392,256,gift_card,1741
393,257,credit_card,1052
394,258,credit_card,572
395,259,credit_card,677
396,260,gift_card,104
397,260,credit_card,2097
398,261,bank_transfer,2259
399,262,coupon,2809
400,262,coupon,2309
401,263,coupon,586
402,263,coupon,641
403,264,bank_transfer,1790
404,265,credit_card,1515
405,265,gift_card,214
406,266,credit_card,394
407,267,coupon,1961
408,267,bank_transfer,2298
409,268,bank_transfer,300
410,268,coupon,956
411,269,bank_transfer,2616
412,269,credit_card,234
413,270,gift_card,2118
414,271,credit_card,1172
415,272,bank_transfer,1556
416,273,credit_card,1907
417,273,coupon,1406
418,274,bank_transfer,2774
419,275,coupon,2612
420,275,bank_transfer,1729
421,276,bank_transfer,1847
422,276,gift_card,2725
423,277,gift_card,2894
424,278,credit_card,1235
425,278,coupon,400
426,279,bank_transfer,1019
427,280,credit_card,2888
428,281,credit_card,1761
429,281,gift_card,299
430,282,credit_card,2597
431,283,gift_card,1461
432,283,gift_card,2883
433,284,credit_card,1948
434,285,coupon,2613
435,285,coupon,458
436,286,coupon,1150
437,286,coupon,1219
438,287,credit_card,1036
439,287,gift_card,600
440,288,gift_card,2618
441,289,bank_transfer,185
442,289,credit_card,1870
443,290,coupon,1103
444,290,credit_card,1443
445,291,bank_transfer,2068
446,291,credit_card,3000
447,292,coupon,516
448,292,coupon,390
449,293,bank_transfer,396
450,293,gift_card,2212
451,294,gift_card,315
452,294,bank_transfer,2601
453,295,bank_transfer,2969
454,296,bank_transfer,2551
455,296,coupon,2656
456,297,credit_card,2222
457,298,gift_card,2496
458,299,credit_card,1261
459,299,credit_card,533
460,300,coupon,2677
461,300,bank_transfer,443
462,301,credit_card,1653
463,301,bank_transfer,2195
464,302,gift_card,1900
465,302,coupon,411
466,303,coupon,628
467,304,gift_card,543
468,304,coupon,1937
469,305,coupon,1830
470,305,coupon,2558
471,306,gift_card,457
472,306,bank_transfer,410
473,307,credit_card,2640
474,308,coupon,953
475,309,gift_card,672
476,309,credit_card,157
477,310,coupon,1269
478,311,gift_card,1519
479,311,bank_transfer,1239
480,312,coupon,2440
481,313,bank_transfer,432
482,314,coupon,2505
483,315,coupon,2850
484,315,bank_transfer,2899
485,316,credit_card,2040
486,317,bank_transfer,1754
487,318,credit_card,2853
488,319,credit_card,2729
489,320,gift_card,2501
490,321,bank_transfer,1906
491,322,coupon,2449
492,322,coupon,660
493,323,credit_card,2548
494,323,gift_card,1160
495,324,gift_card,1110
496,324,credit_card,1228
497,325,bank_transfer,565
498,326,credit_card,1980
499,327,gift_card,2636
500,328,gift_card,2477
501,328,bank_transfer,1102
502,329,gift_card,524
503,330,bank_transfer,997
504,330,coupon,2290
505,331,coupon,2220
506,331,credit_card,519
507,332,credit_card,2726
508,333,bank_transfer,1087
509,334,gift_card,648
510,334,credit_card,1346
511,335,gift_card,863
512,336,credit_card,740
513,336,coupon,889
514,337,coupon,1273
515,337,coupon,2129
516,338,bank_transfer,2847
517,338,bank_transfer,2613
518,339,gift_card,771
519,340,gift_card,326
520,341,bank_transfer,637
521,341,coupon,1627
522,342,gift_card,2226
523,342,bank_transfer,370
524,343,bank_transfer,1729
525,344,credit_card,1662
526,344,gift_card,2505
527,345,credit_card,2689
528,346,credit_card,2340
529,347,gift_card,139
530,347,credit_card,1819
531,348,credit_card,544
532,348,bank_transfer,2766
533,349,bank_transfer,2889
534,349,credit_card,1386
535,350,credit_card,1302
536,350,coupon,2372
537,351,coupon,1454
538,351,bank_transfer,996
539,352,credit_card,2254
540,352,bank_transfer,2207
541,353,gift_card,137
542,353,gift_card,2165
543,354,bank_transfer,2443
544,354,gift_card,1367
545,355,gift_card,1805
546,355,credit_card,2278
547,356,bank_transfer,842
548,357,coupon,1896
549,357,coupon,1492
550,358,bank_transfer,1076
551,358,gift_card,2011
552,359,credit_card,1284
553,360,coupon,2242
554,361,bank_transfer,1121
555,361,coupon,2185
556,362,coupon,2486
557,362,credit_card,2214
558,363,bank_transfer,1190
559,364,credit_card,522
560,364,credit_card,2465
561,365,bank_transfer,488
562,366,bank_transfer,2500
563,367,credit_card,2860
564,367,coupon,2436
565,368,bank_transfer,535
566,369,credit_card,357
567,370,bank_transfer,200
568,371,coupon,1767
569,372,coupon,259
570,373,gift_card,1597
571,374,coupon,1858
572,375,credit_card,2798
573,376,gift_card,2974
574,376,bank_transfer,2902
575,377,coupon,1949
576,377,credit_card,1552
577,378,coupon,1403
578,379,coupon,2870
579,379,credit_card,1287
580,380,credit_card,1677
581,381,bank_transfer,2600
582,381,gift_card,2416
583,382,credit_card,1843
584,382,bank_transfer,2062
585,383,credit_card,2203
586,383,coupon,916
587,384,gift_card,2659
588,385,credit_card,1910
589,386,gift_card,624
590,387,gift_card,956
591,388,coupon,456
592,389,bank_transfer,1921
593,389,coupon,1168
594,390,bank_transfer,1893
595,391,coupon,1777
596,392,coupon,2279
597,393,coupon,2138
598,394,credit_card,2460
599,394,credit_card,325
600,395,gift_card,988
601,396,bank_transfer,218
602,396,coupon,2704
603,397,credit_card,1803
604,397,coupon,1176
605,398,credit_card,2403
606,398,credit_card,1775
607,399,gift_card,1531
608,399,credit_card,1541
609,400,bank_transfer,677
610,400,coupon,2102
611,401,gift_card,1173
612,401,coupon,1329
613,402,gift_card,411
614,402,credit_card,2658
615,403,coupon,1873
616,404,bank_transfer,2595
617,404,coupon,1794
618,405,bank_transfer,2886
619,405,coupon,1805
620,406,coupon,405
621,406,credit_card,2975
622,407,gift_card,673
623,408,gift_card,2018
624,408,coupon,1926
625,409,coupon,1816
626,409,coupon,2830
627,410,coupon,1517
628,410,coupon,1905
629,411,credit_card,2190
630,411,credit_card,1241
631,412,bank_transfer,705
632,413,credit_card,2871
633,413,credit_card,1868
634,414,bank_transfer,884
635,414,coupon,272
636,415,bank_transfer,2735
637,415,credit_card,1308
638,416,credit_card,2517
639,416,gift_card,725
640,417,coupon,836
641,418,credit_card,2927
642,419,gift_card,1540
643,419,gift_card,2999
644,420,bank_transfer,2382
645,421,credit_card,1750
646,422,coupon,1493
647,422,coupon,1430
648,423,coupon,2983
649,424,gift_card,2444
649,424,bank_transfer,1983
650,425,bank_transfer,1717
651,426,bank_transfer,166
652,426,gift_card,315
653,427,gift_card,1765
654,428,bank_transfer,311
655,429,coupon,830
656,430,bank_transfer,1067
657,431,coupon,1210
658,432,bank_transfer,1194
659,433,bank_transfer,2612
660,434,bank_transfer,2632
661,434,bank_transfer,2149
662,435,bank_transfer,2519
663,435,credit_card,771
664,436,credit_card,1068
665,436,coupon,2010
666,437,bank_transfer,1078
667,438,bank_transfer,2544
668,438,gift_card,2769
669,439,gift_card,850
670,439,bank_transfer,2662
671,440,coupon,2597
672,441,credit_card,2620
673,442,coupon,125
674,443,coupon,2362
675,443,gift_card,1687
676,444,credit_card,2610
677,445,bank_transfer,1272
678,445,gift_card,2832
679,446,bank_transfer,1577
680,447,coupon,321
681,447,gift_card,1362
682,448,credit_card,890
683,449,gift_card,2616
684,449,gift_card,956
685,450,gift_card,2720
686,450,coupon,2327
687,451,bank_transfer,2668
688,452,credit_card,2927
689,453,bank_transfer,2266
690,454,bank_transfer,1870
691,455,gift_card,1419
692,456,bank_transfer,604
693,456,gift_card,986
694,457,bank_transfer,586
695,458,coupon,1249
696,459,coupon,1354
697,460,credit_card,2442
698,460,credit_card,490
699,461,gift_card,964
700,462,bank_transfer,1660
701,462,coupon,2405
702,463,bank_transfer,2258
703,464,bank_transfer,1977
704,465,gift_card,112
705,465,gift_card,383
706,466,gift_card,430
707,467,gift_card,1092
708,468,bank_transfer,1605
709,469,bank_transfer,2762
710,470,gift_card,117
711,470,credit_card,2293
712,471,coupon,1661
713,471,gift_card,108
714,472,gift_card,612
715,473,credit_card,1779
716,474,bank_transfer,987
717,475,coupon,452
718,475,gift_card,1516
719,476,coupon,810
720,477,bank_transfer,1143
721,478,bank_transfer,1874
722,479,credit_card,142
723,479,bank_transfer,2741
724,480,bank_transfer,1431
725,481,credit_card,882
726,482,bank_transfer,2124
727,483,gift_card,1025
728,484,coupon,2954
729,484,credit_card,977
730,485,bank_transfer,898
731,485,bank_transfer,498
732,486,credit_card,2683
733,486,bank_transfer,998
734,487,coupon,2808
735,488,coupon,732
736,488,bank_transfer,267
737,489,coupon,578
738,490,coupon,1577
739,491,credit_card,941
740,492,credit_card,2240
741,492,credit_card,1476
742,493,credit_card,2462
743,494,credit_card,744
744,495,gift_card,1855
745,495,bank_transfer,2462
746,496,bank_transfer,2815
747,496,credit_card,1819
748,497,gift_card,1793
749,497,gift_card,2101
750,498,gift_card,2605
751,499,gift_card,2921
752,499,gift_card,2086
753,500,coupon,1906
754,501,coupon,2323
755,501,credit_card,1777
756,502,bank_transfer,1537
757,503,gift_card,2847
758,504,coupon,1283
759,505,credit_card,2219
760,506,gift_card,706
761,506,bank_transfer,1087
762,507,coupon,949
763,507,credit_card,610
764,508,bank_transfer,2900
765,509,coupon,2056
766,509,bank_transfer,630
767,510,credit_card,211
768,510,bank_transfer,396
769,511,credit_card,2411
770,512,bank_transfer,2440
771,512,gift_card,1565
772,513,gift_card,154
773,514,coupon,2253
774,515,credit_card,657
775,515,credit_card,1963
776,516,credit_card,1261
777,516,credit_card,1743
778,517,bank_transfer,2068
779,517,bank_transfer,2092
780,518,coupon,869
781,518,credit_card,1272
782,519,credit_card,1928
783,520,coupon,1561
784,521,gift_card,2243
785,521,gift_card,2736
786,522,coupon,2619
787,523,credit_card,2496
788,523,gift_card,2131
789,524,gift_card,206
790,524,credit_card,1523
791,525,credit_card,2714
792,526,gift_card,249
793,527,coupon,700
794,528,coupon,2626
795,529,credit_card,950
796,530,coupon,679
797,531,bank_transfer,2860
798,532,bank_transfer,1494
799,532,coupon,1545
800,533,bank_transfer,1586
801,533,credit_card,1659
802,534,coupon,2686
803,534,coupon,2921
804,535,gift_card,2689
805,535,bank_transfer,187
806,536,gift_card,1840
807,537,gift_card,337
808,538,credit_card,2873
809,538,bank_transfer,497
810,539,credit_card,1062
811,539,bank_transfer,1121
812,540,gift_card,1110
813,540,gift_card,507
814,541,coupon,533
815,542,credit_card,1740
816,543,gift_card,1656
817,543,coupon,188
818,544,credit_card,1879
819,545,bank_transfer,2719
820,545,gift_card,2392
821,546,gift_card,665
822,546,gift_card,1712
823,547,gift_card,982
824,547,bank_transfer,1244
825,548,bank_transfer,1760
826,549,bank_transfer,1304
827,550,bank_transfer,2405
828,550,bank_transfer,1082
829,551,coupon,548
830,551,coupon,1735
831,552,credit_card,2950
832,553,coupon,877
833,553,bank_transfer,295
834,554,coupon,2584
835,555,coupon,2158
836,555,bank_transfer,1847
837,556,credit_card,1772
838,557,bank_transfer,1186
839,557,coupon,656
840,558,gift_card,116
841,558,coupon,480
842,559,coupon,1707
843,559,gift_card,2056
844,560,gift_card,2682
845,560,gift_card,2341
846,561,bank_transfer,1857
847,562,coupon,969
848,562,coupon,1344
849,563,gift_card,371
850,563,bank_transfer,2141
851,564,gift_card,393
852,564,credit_card,1230
853,565,gift_card,591
854,566,credit_card,2015
855,566,credit_card,2315
856,567,coupon,2258
857,567,credit_card,380
858,568,gift_card,2344
859,568,gift_card,315
860,569,bank_transfer,2106
861,570,coupon,927
862,570,credit_card,2083
863,571,gift_card,1329
864,572,bank_transfer,2383
865,572,bank_transfer,2188
866,573,coupon,1231
867,573,credit_card,780
868,574,coupon,2959
869,575,credit_card,2806
870,576,credit_card,1532
871,577,bank_transfer,1295
872,578,gift_card,1017
873,578,credit_card,2869
874,579,bank_transfer,793
875,579,coupon,556
876,580,bank_transfer,2636
877,580,coupon,951
878,581,gift_card,1986
879,581,coupon,341
880,582,bank_transfer,1961
881,582,gift_card,267
882,583,credit_card,574
883,584,credit_card,1112
884,584,coupon,1966
885,585,bank_transfer,938
886,586,bank_transfer,512
887,587,coupon,1817
888,587,credit_card,839
889,588,credit_card,535
890,589,bank_transfer,2264
891,590,coupon,860
892,590,gift_card,2367
893,591,bank_transfer,2963
894,592,bank_transfer,768
895,592,bank_transfer,1139
896,593,bank_transfer,1643
897,594,bank_transfer,2876
898,594,gift_card,1023
899,595,coupon,2397
900,596,bank_transfer,2259
901,596,gift_card,2154
902,597,credit_card,978
903,597,bank_transfer,1673
904,598,coupon,2558
905,599,coupon,601
906,600,credit_card,1188
907,601,gift_card,139
908,602,credit_card,2600
909,602,credit_card,2990
910,603,credit_card,331
911,604,bank_transfer,2194
912,605,gift_card,2777
913,606,credit_card,174
914,606,bank_transfer,1300
915,607,bank_transfer,466
916,607,gift_card,1840
917,608,bank_transfer,662
918,609,coupon,504
919,610,coupon,1581
920,610,bank_transfer,871
921,611,coupon,785
922,611,gift_card,539
923,612,gift_card,922
924,613,bank_transfer,958
925,613,credit_card,1957
926,614,bank_transfer,790
927,615,coupon,2653
928,616,coupon,290
929,617,coupon,336
930,617,credit_card,611
931,618,coupon,2312
932,619,credit_card,2301
933,619,credit_card,2504
934,620,coupon,460
935,621,credit_card,2124
936,621,credit_card,1516
937,622,gift_card,286
938,622,coupon,2843
939,623,credit_card,1057
940,623,coupon,1982
941,624,gift_card,2442
942,625,gift_card,161
943,625,gift_card,988
944,626,gift_card,163
945,627,credit_card,1279
946,627,gift_card,1502
947,628,gift_card,2420
948,629,gift_card,386
949,630,gift_card,1249
950,630,credit_card,1191
951,631,coupon,434
952,631,bank_transfer,1531
953,632,bank_transfer,249
954,633,coupon,2880
955,634,credit_card,2410
956,634,bank_transfer,1867
957,635,bank_transfer,2684
958,636,credit_card,2107
959,637,gift_card,2401
960,637,coupon,2075
961,638,coupon,2889
962,638,bank_transfer,2911
963,639,credit_card,2462
964,640,gift_card,906
965,640,gift_card,2604
966,641,credit_card,496
967,641,coupon,239
968,642,bank_transfer,1250
969,642,credit_card,1670
970,643,gift_card,2070
971,643,bank_transfer,1530
972,644,coupon,2311
973,645,gift_card,1129
974,646,credit_card,1526
975,647,bank_transfer,1577
976,648,coupon,225
977,649,coupon,1205
978,650,bank_transfer,1035
979,650,bank_transfer,1143
980,651,coupon,457
981,652,gift_card,2092
982,653,coupon,830
983,653,gift_card,520
984,654,gift_card,1788
985,655,bank_transfer,1208
986,655,gift_card,1214
987,656,bank_transfer,406
988,657,coupon,2733
989,658,coupon,695
990,658,credit_card,1250
991,659,gift_card,2442
992,660,bank_transfer,293
993,661,gift_card,2039
994,661,bank_transfer,2626
995,662,gift_card,1464
996,662,bank_transfer,379
997,663,credit_card,2048
998,663,gift_card,783
999,664,bank_transfer,2278
1000,664,bank_transfer,2389
1001,665,gift_card,1262
1002,666,coupon,2924
1003,667,coupon,309
1004,668,gift_card,2865
1005,669,bank_transfer,152
1006,669,bank_transfer,1432
1007,670,gift_card,844
1008,671,coupon,558
1009,671,credit_card,893
1010,672,gift_card,883
1011,673,coupon,971
1012,673,gift_card,183
1013,674,credit_card,2393
1014,674,credit_card,2847
1015,675,bank_transfer,1885
1016,675,gift_card,2097
1017,676,gift_card,2036
1018,676,gift_card,1161
1019,677,gift_card,2257
1020,677,gift_card,2605
1021,678,gift_card,753
1022,678,bank_transfer,1341
1023,679,gift_card,2342
1024,680,bank_transfer,1038
1025,680,coupon,1660
1026,681,credit_card,1404
1027,681,coupon,889
1028,682,gift_card,2236
1029,683,credit_card,1313
1030,683,coupon,2957
1031,684,credit_card,1269
1032,684,credit_card,1337
1033,685,credit_card,1593
1034,686,bank_transfer,286
1035,686,gift_card,2961
1036,687,credit_card,1815
1037,688,gift_card,2201
1038,688,bank_transfer,1693
1039,689,bank_transfer,1241
1040,690,bank_transfer,1955
1041,691,gift_card,457
1042,691,coupon,2996
1043,692,coupon,178
1044,693,bank_transfer,1896
1045,693,gift_card,2032
1046,694,gift_card,2517
1047,694,gift_card,325
1048,695,coupon,2073
1049,696,coupon,1791
1050,697,gift_card,1058
1051,697,gift_card,2598
1052,698,bank_transfer,2572
1053,698,credit_card,2249
1054,699,coupon,898
1055,700,gift_card,443
1056,701,gift_card,2520
1057,701,credit_card,1514
1058,702,gift_card,2512
1059,702,coupon,2886
1060,703,credit_card,786
1061,703,bank_transfer,2234
1062,704,bank_transfer,740
1063,704,gift_card,1086
1064,705,coupon,2856
1065,706,bank_transfer,135
1066,707,gift_card,1233
1067,708,gift_card,1613
1068,708,gift_card,2015
1069,709,bank_transfer,738
1070,710,coupon,1698
1071,710,gift_card,1141
1072,711,credit_card,763
1073,711,coupon,2943
1074,712,gift_card,2933
1075,712,bank_transfer,1292
1076,713,credit_card,2175
1077,713,bank_transfer,381
1078,714,gift_card,494
1079,714,bank_transfer,2859
1080,715,gift_card,2003
1081,716,credit_card,2981
1082,716,gift_card,2253
1083,717,credit_card,2790
1084,718,bank_transfer,633
1085,718,credit_card,2914
1086,719,gift_card,2780
1087,720,gift_card,2129
1088,720,bank_transfer,1061
1089,721,coupon,1028
1090,721,bank_transfer,1690
1091,722,bank_transfer,439
1092,723,credit_card,1544
1093,723,bank_transfer,1928
1094,724,coupon,1664
1095,725,gift_card,2116
1096,725,coupon,1776
1097,726,gift_card,2576
1098,727,credit_card,608
1099,727,gift_card,1894
1100,728,gift_card,2956
1101,729,bank_transfer,610
1102,730,credit_card,2283
1103,731,gift_card,1664
1104,731,credit_card,555
1105,732,bank_transfer,1614
1106,732,bank_transfer,1547
1107,733,credit_card,2051
1108,734,coupon,2513
1109,734,coupon,1968
1110,735,bank_transfer,1089
1111,735,credit_card,1820
1112,736,coupon,265
1113,736,credit_card,687
1114,737,bank_transfer,1466
1115,738,gift_card,2648
1116,738,gift_card,819
1117,739,gift_card,1629
1118,739,coupon,2343
1119,740,coupon,910
1120,740,gift_card,1729
1121,741,coupon,2047
1122,742,credit_card,1491
1123,742,gift_card,1820
1124,743,credit_card,1223
1125,744,credit_card,735
1126,745,bank_transfer,2196
1127,745,credit_card,1698
1128,746,coupon,715
1129,746,gift_card,1685
1130,747,bank_transfer,2453
1131,747,bank_transfer,609
1132,748,gift_card,996
1133,748,gift_card,1259
1134,749,coupon,199
1135,749,gift_card,1670
1136,750,coupon,2276
1137,750,gift_card,2827
1138,751,credit_card,2467
1139,751,gift_card,2202
1140,752,gift_card,518
1141,752,credit_card,2150
1142,753,gift_card,2005
1143,753,gift_card,2373
1144,754,bank_transfer,2229
1145,755,gift_card,1205
1146,756,bank_transfer,2098
1147,756,bank_transfer,1720
1148,757,coupon,2788
1149,757,credit_card,442
1150,758,bank_transfer,715
1151,758,credit_card,1954
1152,759,bank_transfer,1760
1153,760,credit_card,1170
1154,761,gift_card,2419
1155,761,bank_transfer,2567
1156,762,credit_card,1762
1157,762,credit_card,1564
1158,763,bank_transfer,2259
1159,764,coupon,1428
1160,765,coupon,2190
1161,765,bank_transfer,928
1162,766,credit_card,1375
1163,766,gift_card,654
1164,767,coupon,100
1165,767,bank_transfer,527
1166,768,bank_transfer,2002
1167,768,credit_card,2500
1168,769,credit_card,246
1169,769,gift_card,176
1170,770,gift_card,1597
1171,771,coupon,2119
1172,771,bank_transfer,105
1173,772,gift_card,2886
1174,773,bank_transfer,2896
1175,773,gift_card,743
1176,774,coupon,1545
1177,775,gift_card,2872
1178,775,credit_card,2375
1179,776,bank_transfer,454
1180,777,gift_card,2862
1181,777,coupon,1113
1182,778,gift_card,962
1183,779,gift_card,999
1184,779,gift_card,1052
1185,780,credit_card,1678
1186,780,gift_card,249
1187,781,credit_card,235
1188,782,gift_card,1685
1189,782,bank_transfer,2130
1190,783,coupon,1989
1191,783,credit_card,1688
1192,784,coupon,1592
1193,785,coupon,854
1194,786,coupon,2182
1195,787,credit_card,2556
1196,787,gift_card,256
1197,788,coupon,1274
1198,789,bank_transfer,656
1199,790,coupon,2880
1200,791,credit_card,1557
1201,791,bank_transfer,2672
1202,792,bank_transfer,2579
1203,793,bank_transfer,1865
1204,794,credit_card,524
1205,794,credit_card,1440
1206,795,bank_transfer,354
1207,796,credit_card,506
1208,797,credit_card,1153
1209,797,bank_transfer,831
1210,798,gift_card,760
1211,799,credit_card,1084
1212,800,coupon,736
1213,800,gift_card,593
1214,801,bank_transfer,839
1215,801,credit_card,203
1216,802,gift_card,1851
1217,803,coupon,1888
1218,803,gift_card,1291
1219,804,bank_transfer,2851
1220,804,gift_card,2279
1221,805,bank_transfer,1703
1222,805,credit_card,1266
1223,806,coupon,1771
1224,806,credit_card,2695
1225,807,gift_card,862
1226,808,coupon,198
1227,809,credit_card,1821
1228,810,bank_transfer,685
1229,810,gift_card,1975
1230,811,coupon,1549
1231,812,gift_card,2378
1232,812,gift_card,2888
1233,813,coupon,227
1234,814,credit_card,913
1235,815,gift_card,2933
1236,815,bank_transfer,623
1237,816,bank_transfer,1959
1238,816,coupon,1484
1239,817,gift_card,1861
1240,817,coupon,2514
1241,818,gift_card,917
1242,818,bank_transfer,1337
1243,819,credit_card,1257
1244,819,coupon,186
1245,820,bank_transfer,299
1246,821,credit_card,2943
1247,821,bank_transfer,1657
1248,822,credit_card,2910
1249,823,coupon,2362
1250,823,gift_card,1511
1251,824,bank_transfer,854
1252,825,bank_transfer,2344
1253,826,coupon,2908
1254,826,bank_transfer,2812
1255,827,gift_card,810
1256,828,coupon,2499
1257,828,bank_transfer,2865
1258,829,credit_card,969
1259,830,gift_card,2719
1260,831,credit_card,579
1261,832,gift_card,2708
1262,832,gift_card,2980
1263,833,bank_transfer,2720
1264,834,credit_card,1118
1265,834,coupon,370
1266,835,gift_card,1727
1267,836,bank_transfer,591
1268,836,bank_transfer,1232
1269,837,gift_card,1792
1270,837,bank_transfer,2511
1271,838,credit_card,1377
1272,839,bank_transfer,1576
1273,839,coupon,1149
1274,840,gift_card,357
1275,841,gift_card,275
1276,842,bank_transfer,2393
1277,842,bank_transfer,2115
1278,843,coupon,1162
1279,844,bank_transfer,1017
1280,845,gift_card,2679
1281,845,gift_card,1863
1282,846,gift_card,1626
1283,846,bank_transfer,702
1284,847,gift_card,1018
1285,848,gift_card,2380
1286,848,credit_card,1973
1287,849,credit_card,2547
1288,849,bank_transfer,172
1289,850,coupon,709
1290,850,gift_card,1783
1291,851,bank_transfer,1632
1292,852,gift_card,2735
1293,853,bank_transfer,873
1294,854,credit_card,515
1295,855,gift_card,1656
1296,855,bank_transfer,2802
1297,856,coupon,2483
1298,857,bank_transfer,2346
1299,857,coupon,1782
1300,858,bank_transfer,1532
1301,858,bank_transfer,2426
1302,859,gift_card,1983
1303,859,credit_card,2737
1304,860,coupon,2122
1305,861,credit_card,652
1306,862,gift_card,2449
1307,862,coupon,2557
1308,863,gift_card,635
1309,864,credit_card,2594
1310,864,gift_card,2532
1311,865,gift_card,2226
1312,866,bank_transfer,813
1313,867,bank_transfer,106
1314,868,bank_transfer,1608
1315,868,coupon,858
1316,869,credit_card,2633
1317,870,bank_transfer,330
1318,871,gift_card,1584
1319,871,gift_card,1810
1320,872,credit_card,2044
1321,872,credit_card,2003
1322,873,credit_card,792
1323,873,bank_transfer,1842
1324,874,gift_card,1602
1325,875,coupon,1678
1326,876,credit_card,2181
1327,876,credit_card,885
1328,877,credit_card,1556
1329,878,gift_card,2293
1330,879,coupon,1757
1331,880,bank_transfer,2995
1332,880,bank_transfer,841
1333,881,coupon,1176
1334,881,gift_card,2536
1335,882,credit_card,973
1336,883,coupon,1768
1337,884,bank_transfer,676
1338,884,gift_card,870
1339,885,gift_card,739
1340,886,gift_card,2261
1341,886,gift_card,1904
1342,887,bank_transfer,1229
1343,887,coupon,1192
1344,888,bank_transfer,1140
1345,888,coupon,2602
1346,889,bank_transfer,2722
1347,890,coupon,1481
1348,891,coupon,2902
1349,892,coupon,1513
1350,893,gift_card,2721
1351,894,bank_transfer,2448
1352,894,gift_card,513
1353,895,coupon,1966
1354,895,bank_transfer,1670
1355,896,credit_card,2071
1356,897,credit_card,2594
1357,898,bank_transfer,115
1358,898,gift_card,647
1359,899,credit_card,550
1360,899,bank_transfer,825
1361,900,credit_card,971
1362,900,bank_transfer,1557
1363,901,credit_card,1990
1364,902,credit_card,1592
1365,902,gift_card,944
1366,903,gift_card,1359
1367,904,bank_transfer,875
1368,905,credit_card,355
1369,906,coupon,517
1370,906,bank_transfer,1722
1371,907,gift_card,1239
1372,907,gift_card,284
1373,908,credit_card,552
1374,909,gift_card,2513
1375,909,bank_transfer,2366
1376,910,coupon,597
1377,910,bank_transfer,2564
1378,911,coupon,839
1379,911,coupon,1967
1380,912,gift_card,523
1381,913,coupon,506
1382,913,credit_card,2607
1383,914,credit_card,906
1384,914,coupon,546
1385,915,coupon,1345
1386,916,coupon,1171
1387,917,gift_card,2437
1388,917,gift_card,620
1389,918,gift_card,2388
1390,918,bank_transfer,904
1391,919,coupon,114
1392,919,gift_card,2140
1393,920,bank_transfer,2049
1394,921,gift_card,871
1395,922,credit_card,1167
1396,923,credit_card,850
1397,924,credit_card,998
1398,924,bank_transfer,1815
1399,925,bank_transfer,1124
1400,926,bank_transfer,2812
1401,927,bank_transfer,158
1402,927,gift_card,2380
1403,928,coupon,484
1404,929,gift_card,2642
1405,929,coupon,2819
1406,930,gift_card,393
1407,930,coupon,393
1408,931,gift_card,1801
1409,932,coupon,1366
1410,933,credit_card,984
1411,933,gift_card,210
1412,934,bank_transfer,183
1413,935,bank_transfer,2543
1414,935,bank_transfer,238
1415,936,gift_card,2093
1416,937,coupon,2708
1417,938,bank_transfer,1600
1418,938,bank_transfer,2117
1419,939,credit_card,1907
1420,940,gift_card,2627
1421,941,coupon,101
1422,941,gift_card,2306
1423,942,credit_card,291
1424,943,gift_card,2224
1425,943,gift_card,266
1426,944,coupon,428
1427,945,coupon,1182
1428,946,coupon,501
1429,947,coupon,1793
1430,948,coupon,2060
1431,948,bank_transfer,1620
1432,949,gift_card,2853
1433,949,coupon,1115
1434,950,bank_transfer,2110
1435,951,credit_card,837
1436,951,coupon,1960
1437,952,gift_card,2389
1438,952,coupon,679
1439,953,coupon,612
1440,953,bank_transfer,271
1441,954,coupon,1345
1442,955,bank_transfer,952
1443,956,credit_card,2181
1444,957,coupon,2940
1445,957,credit_card,517
1446,958,gift_card,1769
1447,958,gift_card,593
1448,959,coupon,444
1449,960,gift_card,247
1450,961,coupon,259
1451,962,credit_card,2127
1452,963,credit_card,2930
1453,963,gift_card,521
1454,964,gift_card,2611
1455,965,gift_card,2253
1456,965,bank_transfer,2710
1457,966,bank_transfer,527
1458,967,coupon,2128
1459,967,bank_transfer,2782
1460,968,gift_card,1012
1461,969,credit_card,202
1462,970,credit_card,2259
1463,970,bank_transfer,2069
1464,971,credit_card,2114
1465,971,credit_card,787
1466,972,credit_card,2988
1467,973,gift_card,2141
1468,973,coupon,2412
1469,974,coupon,1681
1470,974,coupon,1119
1471,975,bank_transfer,1492
1472,976,gift_card,1379
1473,977,bank_transfer,931
1474,977,gift_card,1518
1475,978,gift_card,2411
1476,978,coupon,2253
1477,979,coupon,998
1478,980,bank_transfer,1045
1479,981,bank_transfer,2556
1480,982,credit_card,730
1481,982,bank_transfer,2240
1482,983,bank_transfer,429
1483,983,coupon,2757
1484,984,coupon,2008
1485,984,credit_card,2806
1486,985,bank_transfer,1506
1487,986,coupon,590
1488,986,bank_transfer,1237
1489,987,coupon,1320
1490,987,bank_transfer,737
1491,988,bank_transfer,142
1492,989,gift_card,1262
1493,989,gift_card,1752
1494,990,credit_card,678
1495,990,credit_card,1293
1496,991,coupon,2617
1497,992,bank_transfer,1139
1498,992,bank_transfer,2798
1499,993,gift_card,1235
1500,994,gift_card,1561
1501,994,coupon,1763
1502,995,coupon,2190
1503,995,credit_card,2056
1504,996,credit_card,575
1505,996,bank_transfer,1579
1506,997,gift_card,1130
1507,998,bank_transfer,663
1508,999,credit_card,1047
1509,1000,bank_transfer,973
1510,1000,credit_card,2102
1511,1001,bank_transfer,2385
1512,1001,credit_card,1039
1513,1002,bank_transfer,2553
1514,1002,bank_transfer,1694
1515,1003,gift_card,1979
1516,1004,coupon,793
1517,1004,bank_transfer,1810
1518,1005,bank_transfer,1378
1519,1005,bank_transfer,1795
1520,1006,credit_card,2609
1521,1006,coupon,2731
1522,1007,gift_card,1171
1523,1007,coupon,545
1524,1008,gift_card,2139
1525,1009,credit_card,2525
1526,1009,coupon,2273
1527,1010,bank_transfer,588
1528,1011,gift_card,2054
1529,1011,coupon,1509
1530,1012,bank_transfer,1105
1531,1013,gift_card,812
1532,1014,bank_transfer,1127
1533,1014,bank_transfer,965
1534,1015,credit_card,494
1535,1016,credit_card,2040
1536,1016,coupon,1551
1537,1017,credit_card,2570
1538,1018,credit_card,547
1539,1018,credit_card,1731
1540,1019,credit_card,926
1541,1020,bank_transfer,2482
1542,1020,credit_card,1783
1543,1021,gift_card,1234
1544,1022,gift_card,1521
1545,1022,gift_card,2081
1546,1023,credit_card,643
1547,1024,gift_card,522
1548,1025,bank_transfer,302
1549,1025,credit_card,1730
1550,1026,bank_transfer,1804
1551,1027,credit_card,275
1552,1027,bank_transfer,1895
1553,1028,bank_transfer,741
1554,1028,gift_card,900
1555,1029,bank_transfer,2724
1556,1029,gift_card,2377
1557,1030,credit_card,139
1558,1030,bank_transfer,1256
1559,1031,credit_card,721
1560,1031,credit_card,215
1561,1032,bank_transfer,1656
1562,1032,gift_card,2477
1563,1033,credit_card,2132
1564,1033,gift_card,237
1565,1034,bank_transfer,116
1566,1034,coupon,1386
1567,1035,coupon,1194
1568,1036,credit_card,1172
1569,1037,coupon,373
1570,1038,credit_card,412
1571,1038,bank_transfer,2356
1572,1039,bank_transfer,1329
1573,1040,credit_card,1531
1574,1041,bank_transfer,305
1575,1041,bank_transfer,496
1576,1042,bank_transfer,2632
1577,1043,credit_card,2069
1578,1043,gift_card,2441
1579,1044,coupon,916
1580,1044,bank_transfer,319
1581,1045,gift_card,222
1582,1046,credit_card,1193
1583,1047,gift_card,1096
1584,1047,bank_transfer,2138
1585,1048,bank_transfer,432
1586,1048,gift_card,1564
1587,1049,coupon,2142
1588,1049,coupon,2246
1589,1050,credit_card,2407
1590,1051,gift_card,642
1591,1052,coupon,2686
1592,1052,credit_card,2419
1593,1053,credit_card,2253
1594,1053,credit_card,2151
1595,1054,credit_card,734
1596,1055,coupon,1575
1597,1056,coupon,2069
1598,1057,bank_transfer,1717
1599,1058,credit_card,2859
1600,1058,coupon,2470
1601,1059,gift_card,1816
1602,1059,coupon,233
1603,1060,coupon,1896
1604,1061,credit_card,2631
1605,1061,credit_card,2886
1606,1062,coupon,2175
1607,1062,coupon,729
1608,1063,bank_transfer,1572
1609,1064,credit_card,2733
1610,1065,coupon,199
1611,1066,coupon,945
1612,1066,coupon,2081
1613,1067,gift_card,2900
1614,1067,credit_card,2332
1615,1068,credit_card,2294
1616,1069,gift_card,1405
1617,1070,credit_card,337
1618,1070,bank_transfer,1482
1619,1071,bank_transfer,1387
1620,1071,credit_card,2533
1621,1072,credit_card,1063
1622,1073,bank_transfer,639
1623,1073,bank_transfer,1718
1624,1074,credit_card,1883
1625,1075,gift_card,913
1626,1076,gift_card,646
1627,1076,credit_card,248
1628,1077,coupon,1173
1629,1078,bank_transfer,1503
1630,1079,coupon,1137
1631,1079,bank_transfer,678
1632,1080,bank_transfer,2496
1633,1080,credit_card,2980
1634,1081,bank_transfer,2786
1635,1082,coupon,1325
1636,1082,coupon,2447
1637,1083,gift_card,126
1638,1084,gift_card,195
1639,1085,coupon,472
1640,1086,credit_card,1133
1641,1087,credit_card,1367
1642,1087,credit_card,704
1643,1088,coupon,1168
1644,1089,coupon,2654
1645,1089,coupon,2647
1646,1090,bank_transfer,1608
1647,1091,coupon,2493
1648,1092,coupon,1899
1649,1093,bank_transfer,2841
1650,1093,gift_card,2446
1651,1094,coupon,899
1652,1095,coupon,2123
1653,1095,gift_card,2968
1654,1096,credit_card,619
1655,1097,coupon,2872
1656,1097,credit_card,2114
1657,1098,bank_transfer,1062
1658,1099,bank_transfer,1091
1659,1100,bank_transfer,2693
1660,1101,bank_transfer,936
1661,1101,gift_card,709
1662,1102,credit_card,461
1663,1103,bank_transfer,567
1664,1104,gift_card,2306
1665,1105,credit_card,562
1666,1106,bank_transfer,2458
1667,1106,gift_card,2154
1668,1107,credit_card,831
1669,1108,gift_card,753
1670,1109,coupon,2410
1671,1110,coupon,2141
1672,1111,coupon,1748
1673,1112,gift_card,1464
1674,1112,gift_card,1444
1675,1113,credit_card,173
1676,1114,credit_card,2381
1677,1114,gift_card,1056
1678,1115,coupon,998
1679,1115,credit_card,2172
1680,1116,gift_card,1530
1681,1117,bank_transfer,1919
1682,1117,coupon,2351
1683,1118,bank_transfer,2430
1684,1119,coupon,1283
1685,1119,bank_transfer,951
1686,1120,credit_card,1199
1687,1120,credit_card,1604
1688,1121,gift_card,1855
1689,1122,gift_card,2737
1690,1123,gift_card,2401
1691,1124,gift_card,625
1692,1125,gift_card,2285
1693,1126,gift_card,2871
1694,1126,bank_transfer,732
1695,1127,gift_card,1344
1696,1128,gift_card,767
1697,1129,coupon,1758
1698,1129,credit_card,1447
1699,1130,gift_card,1898
1700,1130,bank_transfer,2118
1701,1131,coupon,2084
1702,1131,bank_transfer,823
1703,1132,coupon,505
1704,1133,credit_card,521
1705,1133,credit_card,1812
1706,1134,credit_card,157
1707,1134,credit_card,519
1708,1135,credit_card,322
1709,1136,coupon,1480
1710,1136,bank_transfer,679
1711,1137,gift_card,1955
1712,1138,credit_card,536
1713,1138,credit_card,234
1714,1139,bank_transfer,2600
1715,1140,bank_transfer,2806
1716,1141,credit_card,2495
1717,1142,credit_card,794
1718,1143,bank_transfer,1136
1719,1144,credit_card,1298
1720,1145,coupon,2178
1721,1146,gift_card,2274
1722,1147,credit_card,1909
1723,1147,coupon,1873
1724,1148,gift_card,2632
1725,1149,credit_card,2636
1726,1150,credit_card,2226
1727,1150,bank_transfer,1927
1728,1151,bank_transfer,1334
1729,1152,credit_card,677
1730,1152,bank_transfer,2906
1731,1153,coupon,1915
1732,1154,coupon,2643
1733,1155,bank_transfer,2102
1734,1156,credit_card,2918
1735,1156,gift_card,1131
1736,1157,credit_card,1263
1737,1158,credit_card,1115
1738,1159,gift_card,1658
1739,1160,credit_card,2262
1740,1160,bank_transfer,181
1741,1161,coupon,300
1742,1161,credit_card,603
1743,1162,gift_card,2747
1744,1163,gift_card,2698
1745,1163,gift_card,229
1746,1164,gift_card,2115
1747,1165,bank_transfer,763
1748,1165,bank_transfer,118
1749,1166,credit_card,726
1750,1167,gift_card,2859
1751,1167,coupon,655
1752,1168,coupon,2579
1753,1169,bank_transfer,726
1754,1170,bank_transfer,1238
1755,1171,coupon,375
1756,1172,gift_card,1852
1757,1172,gift_card,2098
1758,1173,gift_card,1644
1759,1173,bank_transfer,2489
1760,1174,credit_card,2682
1761,1174,coupon,1360
1762,1175,bank_transfer,1708
1763,1176,bank_transfer,2318
1764,1176,bank_transfer,2561
1765,1177,coupon,682
1766,1178,credit_card,926
1767,1178,credit_card,1829
1768,1179,gift_card,634
1769,1179,gift_card,1693
1770,1180,coupon,2946
1771,1180,credit_card,1199
1772,1181,credit_card,293
1773,1182,gift_card,2834
1774,1183,credit_card,2889
1775,1183,gift_card,1632
1776,1184,bank_transfer,488
1777,1185,credit_card,676
1778,1185,bank_transfer,748
1779,1186,credit_card,1636
1780,1186,bank_transfer,1284
1781,1187,bank_transfer,1354
1782,1188,credit_card,1094
1783,1189,gift_card,1228
1784,1190,coupon,2377
1785,1191,credit_card,831
1786,1191,coupon,2658
1787,1192,credit_card,1832
1788,1192,coupon,471
1789,1193,coupon,2607
1790,1193,bank_transfer,1532
1791,1194,gift_card,152
1792,1195,credit_card,2305
1793,1196,bank_transfer,1218
1794,1197,credit_card,2188
1795,1197,credit_card,2202
1796,1198,gift_card,2916
1797,1198,credit_card,2160
1798,1199,credit_card,2387
1799,1200,credit_card,952
1800,1200,bank_transfer,1972
1801,1201,gift_card,1077
1802,1202,bank_transfer,2382
1803,1203,gift_card,449
1804,1203,credit_card,2560
1805,1204,gift_card,1829
1806,1204,credit_card,2866
1807,1205,credit_card,1119
1808,1206,coupon,598
1809,1206,bank_transfer,605
1810,1207,coupon,1605
1811,1208,coupon,1766
1812,1209,coupon,433
1813,1210,credit_card,868
1814,1210,gift_card,1258
1815,1211,credit_card,1828
1816,1212,bank_transfer,1049
1817,1212,bank_transfer,1326
1818,1213,bank_transfer,1528
1819,1213,bank_transfer,846
1820,1214,gift_card,367
1821,1214,credit_card,595
1822,1215,bank_transfer,2994
1823,1216,credit_card,2623
1824,1217,credit_card,2412
1825,1217,coupon,1987
1826,1218,coupon,1491
1827,1218,gift_card,2821
1828,1219,credit_card,1540
1829,1220,credit_card,1249
1830,1221,bank_transfer,2296
1831,1222,bank_transfer,273
1832,1223,credit_card,139
1833,1223,coupon,1297
1834,1224,gift_card,391
1835,1225,gift_card,2094
1836,1226,bank_transfer,2770
1837,1226,bank_transfer,1832
1838,1227,gift_card,2102
1839,1228,coupon,2922
1840,1228,gift_card,849
1841,1229,bank_transfer,1335
1842,1229,coupon,1714
1843,1230,credit_card,518
1844,1231,coupon,2457
1845,1232,credit_card,1459
1846,1233,gift_card,1092
1847,1233,gift_card,220
1848,1234,gift_card,2593
1849,1235,bank_transfer,2431
1850,1235,gift_card,774
1851,1236,credit_card,2882
1852,1236,coupon,1393
1853,1237,coupon,1502
1854,1237,coupon,738
1855,1238,coupon,2844
1856,1239,credit_card,2674
1857,1239,credit_card,1560
1858,1240,bank_transfer,1387
1859,1240,gift_card,816
1860,1241,gift_card,1620
1861,1242,coupon,1702
1862,1243,coupon,1295
1863,1243,gift_card,2906
1864,1244,credit_card,2600
1865,1244,coupon,1147
1866,1245,gift_card,2088
1867,1245,coupon,320
1868,1246,bank_transfer,912
1869,1246,bank_transfer,2271
1870,1247,coupon,1572
1871,1247,credit_card,1150
1872,1248,gift_card,2526
1873,1248,credit_card,2998
1874,1249,bank_transfer,834
1875,1249,bank_transfer,768
1876,1250,gift_card,2558
1877,1250,gift_card,1195
1878,1251,gift_card,2755
1879,1252,bank_transfer,390
1880,1253,bank_transfer,2615
1881,1253,bank_transfer,734
1882,1254,credit_card,2095
1883,1254,gift_card,515
1884,1255,bank_transfer,1658
1885,1256,gift_card,481
1886,1257,bank_transfer,2810
1887,1257,credit_card,361
1888,1258,coupon,2345
1889,1258,coupon,1400
1890,1259,bank_transfer,575
1891,1259,bank_transfer,1885
1892,1260,bank_transfer,422
1893,1261,credit_card,690
1894,1261,bank_transfer,634
1895,1262,gift_card,2520
1896,1263,coupon,2080
1897,1263,credit_card,1865
1898,1264,gift_card,1930
1899,1265,credit_card,640
1900,1265,bank_transfer,982
1901,1266,gift_card,2776
1902,1267,gift_card,1784
1903,1268,credit_card,1564
1904,1268,gift_card,280
1905,1269,gift_card,2251
1906,1270,coupon,2756
1907,1270,coupon,595
1908,1271,bank_transfer,1337
1909,1271,gift_card,1409
1910,1272,credit_card,2171
1911,1273,bank_transfer,2258
1912,1273,gift_card,2860
1913,1274,coupon,2395
1914,1275,credit_card,973
1915,1275,gift_card,2729
1916,1276,bank_transfer,599
1917,1277,coupon,1914
1918,1277,credit_card,1377
1919,1278,credit_card,2799
1920,1278,gift_card,2511
1921,1279,gift_card,1902
1922,1279,bank_transfer,1847
1923,1280,credit_card,2226
1924,1280,coupon,969
1925,1281,bank_transfer,1829
1926,1282,gift_card,2202
1927,1283,credit_card,1294
1928,1284,bank_transfer,2319
1929,1284,coupon,2812
1930,1285,bank_transfer,510
1931,1285,bank_transfer,1100
1932,1286,bank_transfer,2202
1933,1287,coupon,2648
1934,1288,credit_card,397
1935,1289,coupon,1526
1936,1289,credit_card,2227
1937,1290,gift_card,603
1938,1291,credit_card,395
1939,1291,coupon,606
1940,1292,bank_transfer,286
1941,1292,bank_transfer,2376
1942,1293,gift_card,2173
1943,1294,bank_transfer,1979
1944,1295,credit_card,1430
1945,1296,bank_transfer,1276
1946,1296,gift_card,2806
1947,1297,credit_card,122
1948,1298,gift_card,1967
1949,1298,credit_card,1180
1950,1299,bank_transfer,1630
1951,1299,bank_transfer,1616
1952,1300,credit_card,605
1953,1300,bank_transfer,2900
1954,1301,gift_card,1340
1955,1301,gift_card,2063
1956,1302,coupon,1422
1957,1303,coupon,670
1958,1304,bank_transfer,830
1959,1305,credit_card,2404
1960,1305,bank_transfer,2126
1961,1306,coupon,585
1962,1306,gift_card,1880
1963,1307,credit_card,922
1964,1307,credit_card,1121
1965,1308,coupon,1436
1966,1308,credit_card,1785
1967,1309,credit_card,601
1968,1310,gift_card,1974
1969,1311,credit_card,1224
1970,1311,coupon,2969
1971,1312,coupon,1091
1972,1313,bank_transfer,2227
1973,1313,credit_card,1766
1974,1314,credit_card,1085
1975,1315,bank_transfer,2302
1976,1316,gift_card,2812
1977,1316,coupon,2246
1978,1317,credit_card,2545
1979,1317,coupon,1127
1980,1318,coupon,1494
1981,1318,bank_transfer,2983
1982,1319,credit_card,1089
1983,1320,credit_card,2660
1984,1321,credit_card,2159
1985,1321,credit_card,1508
1986,1322,gift_card,932
1987,1322,credit_card,1343
1988,1323,gift_card,844
1989,1323,bank_transfer,2983
1990,1324,gift_card,1617
1991,1325,credit_card,1329
1992,1326,bank_transfer,2279
1993,1327,bank_transfer,425
1994,1327,credit_card,1074
1995,1328,credit_card,2437
1996,1328,credit_card,1013
1997,1329,coupon,626
1998,1329,coupon,1584
1999,1330,gift_card,1046
2000,1330,credit_card,2089
2001,1331,bank_transfer,953
2002,1331,gift_card,1685
2003,1332,coupon,2052
2004,1332,gift_card,1167
2005,1333,credit_card,2014
2006,1333,credit_card,2454
2007,1334,coupon,2133
2008,1335,bank_transfer,700
2009,1336,credit_card,1670
2010,1336,bank_transfer,828
2011,1337,bank_transfer,2974
2012,1337,bank_transfer,2935
2013,1338,bank_transfer,2153
2014,1338,credit_card,758
2015,1339,coupon,1286
2016,1340,credit_card,1112
2017,1341,coupon,1378
2018,1342,coupon,2826
2019,1343,coupon,523
2020,1343,gift_card,546
2021,1344,gift_card,2342
2022,1345,bank_transfer,2840
2023,1345,gift_card,1352
2024,1346,gift_card,1095
2025,1347,gift_card,2600
2026,1348,credit_card,210
2027,1349,bank_transfer,514
2028,1349,bank_transfer,557
2029,1350,bank_transfer,2178
2030,1351,credit_card,822
2031,1352,bank_transfer,2271
2032,1352,coupon,2327
2033,1353,bank_transfer,560
2034,1353,credit_card,1672
2035,1354,gift_card,2833
2036,1354,credit_card,392
2037,1355,gift_card,273
2038,1355,coupon,1917
2039,1356,gift_card,2451
2040,1357,credit_card,711
2041,1358,credit_card,1426
2042,1358,gift_card,779
2043,1359,bank_transfer,1967
2044,1359,bank_transfer,608
2045,1360,credit_card,2976
2046,1361,credit_card,991
2047,1361,bank_transfer,1763
2048,1362,bank_transfer,1110
2049,1362,coupon,1946
2050,1363,gift_card,2479
2051,1363,bank_transfer,903
2052,1364,bank_transfer,1669
2053,1364,bank_transfer,672
2054,1365,bank_transfer,2344
2055,1366,gift_card,2034
2056,1366,gift_card,1695
2057,1367,gift_card,2543
2058,1367,gift_card,754
2059,1368,coupon,344
2060,1369,bank_transfer,1985
2061,1369,coupon,149
2062,1370,credit_card,2045
2063,1370,coupon,2432
2064,1371,bank_transfer,2760
2065,1372,bank_transfer,1085
2066,1372,bank_transfer,1880
2067,1373,coupon,1806
2068,1374,coupon,2084
2069,1374,bank_transfer,2469
2070,1375,coupon,199
2071,1376,gift_card,570
2072,1377,gift_card,429
2073,1377,bank_transfer,2807
2074,1378,coupon,1823
2075,1378,credit_card,359
2076,1379,gift_card,1923
2077,1380,credit_card,546
2078,1380,coupon,2753
2079,1381,gift_card,513
2080,1382,bank_transfer,2980
2081,1382,gift_card,1709
2082,1383,credit_card,205
2083,1384,bank_transfer,1991
2084,1384,gift_card,2229
2085,1385,gift_card,495
2086,1385,gift_card,182
2087,1386,credit_card,2982
2088,1387,bank_transfer,446
2089,1388,credit_card,461
2090,1388,gift_card,2260
2091,1389,credit_card,2452
2092,1389,coupon,981
2093,1390,credit_card,579
2094,1390,coupon,784
2095,1391,bank_transfer,439
2096,1392,bank_transfer,2599
2097,1392,gift_card,2320
2098,1393,credit_card,2382
2099,1394,bank_transfer,1454
2100,1395,bank_transfer,2088
2101,1395,credit_card,1807
2102,1396,credit_card,1085
2103,1397,coupon,1025
2104,1397,gift_card,975
2105,1398,gift_card,1324
2106,1399,credit_card,1679
2107,1399,gift_card,1648
2108,1400,bank_transfer,2721
2109,1401,coupon,1904
2110,1402,bank_transfer,773
2111,1403,gift_card,207
2112,1404,gift_card,760
2113,1404,bank_transfer,1877
2114,1405,bank_transfer,545
2115,1405,credit_card,765
2116,1406,credit_card,1833
2117,1407,coupon,1982
2118,1407,credit_card,1900
2119,1408,credit_card,1136
2120,1409,credit_card,1826
2121,1409,coupon,2291
2122,1410,credit_card,1179
2123,1410,credit_card,582
2124,1411,credit_card,933
2125,1412,bank_transfer,2977
2126,1412,credit_card,305
2127,1413,gift_card,458
2128,1413,gift_card,1169
2129,1414,credit_card,1159
2130,1415,bank_transfer,2012
2131,1415,bank_transfer,2376
2132,1416,bank_transfer,2639
2133,1417,credit_card,2496
2134,1418,bank_transfer,1503
2135,1419,coupon,2529
2136,1419,coupon,2714
2137,1420,gift_card,648
2138,1421,bank_transfer,196
2139,1422,credit_card,2756
2140,1422,gift_card,338
2141,1423,gift_card,651
2142,1423,coupon,691
2143,1424,credit_card,437
2144,1425,bank_transfer,652
2145,1425,credit_card,757
2146,1426,bank_transfer,914
2147,1426,credit_card,2148
2148,1427,coupon,714
2149,1428,credit_card,2141
2150,1429,bank_transfer,2801
2151,1430,bank_transfer,1139
2152,1430,coupon,1543
2153,1431,gift_card,764
2154,1432,bank_transfer,1231
2155,1433,coupon,969
2156,1434,credit_card,1314
2157,1434,coupon,2747
2158,1435,credit_card,626
2159,1435,bank_transfer,549
2160,1436,credit_card,1878
2161,1436,coupon,1492
2162,1437,bank_transfer,159
2163,1438,bank_transfer,1706
2164,1438,coupon,1964
2165,1439,bank_transfer,1347
2166,1440,coupon,1191
2167,1440,credit_card,2166
2168,1441,gift_card,1608
2169,1442,coupon,2639
2170,1443,bank_transfer,469
2171,1444,credit_card,1866
2172,1444,gift_card,2936
2173,1445,credit_card,1644
2174,1445,coupon,672
2175,1446,gift_card,506
2176,1447,gift_card,2318
2177,1448,gift_card,1121
2178,1449,gift_card,418
2179,1450,bank_transfer,2636
2180,1451,credit_card,331
2181,1452,credit_card,390
2182,1452,coupon,1913
2183,1453,credit_card,424
2184,1454,credit_card,1546
2185,1455,bank_transfer,406
2186,1456,coupon,2894
2187,1456,bank_transfer,588
2188,1457,coupon,1615
2189,1458,gift_card,716
2190,1459,bank_transfer,870
2191,1459,coupon,742
2192,1460,bank_transfer,1886
2193,1461,credit_card,2893
2194,1462,credit_card,1230
2195,1462,coupon,2753
2196,1463,gift_card,2191
2197,1464,coupon,1085
2198,1465,gift_card,2847
2199,1466,bank_transfer,2883
2200,1467,gift_card,1142
2201,1467,credit_card,1071
2202,1468,bank_transfer,1732
2203,1469,gift_card,799
2204,1470,coupon,1312
2205,1470,gift_card,2839
2206,1471,gift_card,1464
2207,1472,credit_card,2119
2208,1472,gift_card,2491
2209,1473,gift_card,809
2210,1473,gift_card,491
2211,1474,coupon,291
2212,1475,coupon,473
2213,1476,credit_card,348
2214,1477,gift_card,123
2215,1477,bank_transfer,2284
2216,1478,bank_transfer,1856
2217,1478,gift_card,1617
2218,1479,coupon,2579
2219,1480,credit_card,2604
2220,1480,coupon,343
2221,1481,bank_transfer,1531
2222,1481,gift_card,2796
2223,1482,gift_card,2768
2224,1483,credit_card,2461
2225,1484,credit_card,2103
2226,1485,gift_card,1279
2227,1485,credit_card,1480
2228,1486,bank_transfer,1920
2229,1487,credit_card,1830
2230,1488,credit_card,367
2231,1489,gift_card,2573
2232,1490,coupon,896
2233,1491,credit_card,1126
2234,1491,gift_card,2743
2235,1492,bank_transfer,816
2236,1492,bank_transfer,944
2237,1493,gift_card,2347
2238,1493,credit_card,114
2239,1494,bank_transfer,1769
2240,1494,coupon,1447
2241,1495,bank_transfer,141
2242,1496,bank_transfer,1988
2243,1497,credit_card,2034
2244,1497,coupon,2542
2245,1498,bank_transfer,2435
2246,1498,credit_card,2738
2247,1499,credit_card,474
2248,1499,bank_transfer,991
2249,1500,gift_card,2088
2250,1501,credit_card,2510
2251,1502,bank_transfer,134
2252,1502,bank_transfer,1160
2253,1503,coupon,793
2254,1504,coupon,442
2255,1504,gift_card,1339
2256,1505,credit_card,402
2257,1505,coupon,1628
2258,1506,bank_transfer,1060
2259,1506,credit_card,632
2260,1507,credit_card,739
2261,1507,coupon,337
2262,1508,coupon,1964
2263,1508,credit_card,2812
2264,1509,credit_card,652
2265,1509,coupon,193
2266,1510,bank_transfer,891
2267,1510,coupon,1169
2268,1511,coupon,422
2269,1512,credit_card,2828
2270,1512,bank_transfer,1510
2271,1513,coupon,1967
2272,1514,bank_transfer,1799
2273,1515,gift_card,795
2274,1516,credit_card,1608
2275,1516,credit_card,106
2276,1517,coupon,2139
2277,1518,credit_card,2787
2278,1518,credit_card,2079
2279,1519,bank_transfer,1727
2280,1520,credit_card,864
2281,1521,credit_card,511
2282,1522,bank_transfer,2875
2283,1523,gift_card,131
2284,1524,bank_transfer,1244
2285,1524,bank_transfer,2426
2286,1525,gift_card,2328
2287,1525,credit_card,1992
2288,1526,gift_card,2103
2289,1526,coupon,2031
2290,1527,coupon,2035
2291,1528,coupon,1953
2292,1529,gift_card,752
2293,1529,bank_transfer,1089
2294,1530,bank_transfer,1451
2295,1530,bank_transfer,2010
2296,1531,gift_card,1797
2297,1531,credit_card,2999
2298,1532,bank_transfer,2594
2299,1533,gift_card,2291
2300,1534,bank_transfer,1566
2301,1534,coupon,2232
2302,1535,gift_card,482
2303,1536,gift_card,1205
2304,1536,gift_card,1772
2305,1537,gift_card,2178
2306,1537,credit_card,1965
2307,1538,credit_card,1272
2308,1538,coupon,2102
2309,1539,coupon,1701
2310,1539,credit_card,2475
2311,1540,gift_card,1054
2312,1541,credit_card,2363
2313,1542,gift_card,1791
2314,1543,bank_transfer,1536
2314,1543,coupon,736
2315,1544,coupon,2922
2316,1544,credit_card,1394
2317,1545,bank_transfer,2755
2318,1545,bank_transfer,1834
2319,1546,gift_card,620
2320,1546,gift_card,2123
2321,1547,gift_card,513
2322,1547,bank_transfer,1526
2323,1548,bank_transfer,2780
2324,1548,coupon,612
2325,1549,gift_card,2937
2326,1549,gift_card,2026
2327,1550,credit_card,1536
2328,1551,credit_card,2872
2329,1551,bank_transfer,196
2330,1552,bank_transfer,651
2331,1553,credit_card,1088
2332,1554,coupon,474
2333,1554,credit_card,2066
2334,1555,credit_card,2524
2335,1556,bank_transfer,906
2336,1557,gift_card,589
2337,1558,coupon,1785
2338,1558,bank_transfer,2626
2339,1559,gift_card,1121
2340,1560,credit_card,2214
2341,1560,coupon,2116
2342,1561,coupon,1990
2343,1562,bank_transfer,1972
2344,1562,bank_transfer,1109
2345,1563,gift_card,321
2346,1564,coupon,1993
2347,1564,credit_card,1965
2348,1565,bank_transfer,200
2349,1565,bank_transfer,1584
2350,1566,credit_card,2077
2351,1566,bank_transfer,1292
2352,1567,credit_card,524
2353,1568,credit_card,1099
2354,1569,bank_transfer,2048
2355,1569,bank_transfer,2954
2356,1570,bank_transfer,1932
2357,1571,credit_card,1381
2358,1572,bank_transfer,174
2359,1572,gift_card,2187
2360,1573,coupon,2737
2361,1574,credit_card,439
2362,1575,coupon,444
2363,1576,bank_transfer,2816
2364,1576,gift_card,2047
2365,1577,coupon,1003
2366,1578,bank_transfer,440
2367,1578,credit_card,392
2368,1579,credit_card,246
2369,1579,credit_card,1790
2370,1580,credit_card,752
2371,1581,gift_card,866
2372,1581,credit_card,2478
2373,1582,coupon,893
2374,1583,coupon,731
2375,1583,credit_card,1261
2376,1584,gift_card,2219
2377,1585,coupon,1590
2378,1585,credit_card,2976
2379,1586,gift_card,1736
2380,1587,gift_card,618
2381,1588,gift_card,2564
2382,1589,coupon,1360
2383,1589,bank_transfer,1166
2384,1590,gift_card,2328
2385,1590,bank_transfer,2624
2386,1591,gift_card,616
2387,1592,bank_transfer,2962
2388,1593,gift_card,761
2389,1594,gift_card,1173
2390,1595,bank_transfer,2115
2391,1596,gift_card,333
2392,1597,bank_transfer,2389
2393,1598,gift_card,2052
2394,1599,credit_card,1738
2395,1600,bank_transfer,2281
2396,1600,gift_card,814
2397,1601,coupon,952
2398,1601,credit_card,363
2399,1602,credit_card,2253
2400,1603,gift_card,2302
2401,1604,credit_card,738
2402,1604,credit_card,1815
2403,1605,bank_transfer,583
2404,1606,bank_transfer,2758
2405,1607,bank_transfer,1424
2406,1608,bank_transfer,1564
2407,1609,coupon,2477
2408,1610,gift_card,1968
2409,1611,gift_card,353
2410,1611,bank_transfer,794
2411,1612,credit_card,1556
2412,1613,credit_card,864
2413,1614,coupon,2808
2414,1615,bank_transfer,2867
2415,1615,coupon,2247
2416,1616,coupon,2676
2417,1616,credit_card,1034
2418,1617,bank_transfer,2843
2419,1617,gift_card,2636
2420,1618,coupon,2856
2421,1618,gift_card,2309
2422,1619,gift_card,1546
2423,1619,coupon,776
2424,1620,coupon,2859
2425,1621,credit_card,2032
2426,1621,coupon,1364
2427,1622,gift_card,633
2428,1622,coupon,573
2429,1623,gift_card,135
2430,1624,coupon,145
2431,1625,bank_transfer,2888
2432,1626,coupon,1704
2433,1626,gift_card,2059
2434,1627,credit_card,2565
2435,1628,credit_card,2769
2436,1628,credit_card,687
2437,1629,bank_transfer,939
2438,1629,coupon,1982
2439,1630,bank_transfer,1434
2440,1630,coupon,218
2441,1631,bank_transfer,1333
2442,1631,credit_card,882
2443,1632,coupon,150
2444,1632,bank_transfer,554
2445,1633,coupon,1634
2446,1634,credit_card,1906
2447,1635,coupon,1843
2448,1635,coupon,2459
2449,1636,gift_card,2660
2450,1637,gift_card,243
2451,1637,credit_card,627
2452,1638,bank_transfer,2026
2453,1638,gift_card,2353
2454,1639,coupon,1364
2455,1639,bank_transfer,2841
2456,1640,credit_card,2290
2457,1641,bank_transfer,724
2458,1641,coupon,954
2459,1642,gift_card,483
2460,1643,coupon,2166
2461,1643,credit_card,2986
2462,1644,bank_transfer,2697
2463,1645,credit_card,660
2464,1645,credit_card,719
2465,1646,gift_card,2244
2466,1647,gift_card,787
2467,1648,credit_card,2959
2468,1649,credit_card,475
2469,1650,coupon,2949
2470,1650,coupon,2349
2471,1651,gift_card,1913
2472,1651,bank_transfer,888
2473,1652,credit_card,2668
2474,1653,credit_card,711
2475,1654,credit_card,1051
2476,1655,credit_card,1519
2477,1656,credit_card,2014
2478,1656,coupon,356
2479,1657,bank_transfer,874
2480,1658,gift_card,635
2481,1658,coupon,1236
2482,1659,coupon,268
2483,1659,credit_card,2511
2484,1660,credit_card,2623
2485,1661,credit_card,1645
2486,1661,bank_transfer,2890
2487,1662,coupon,633
2488,1662,coupon,2731
2489,1663,bank_transfer,1893
2490,1664,coupon,2427
2491,1665,gift_card,2293
2492,1665,coupon,2700
2493,1666,bank_transfer,1868
2494,1667,credit_card,1938
2495,1668,credit_card,473
2496,1668,gift_card,1557
2497,1669,coupon,616
2498,1669,coupon,1890
2499,1670,coupon,1794
2500,1671,credit_card,2711
2501,1672,bank_transfer,551
2502,1673,bank_transfer,1046
2503,1674,gift_card,196
2504,1674,coupon,2530
2505,1675,coupon,321
2506,1676,bank_transfer,2918
2507,1676,bank_transfer,1238
2508,1677,credit_card,1057
2509,1678,gift_card,409
2510,1678,gift_card,2143
2511,1679,bank_transfer,2203
2512,1679,bank_transfer,2127
2513,1680,bank_transfer,226
2514,1680,bank_transfer,1012
2515,1681,coupon,2849
2516,1681,credit_card,1895
2517,1682,gift_card,2773
2518,1683,credit_card,1802
2519,1684,bank_transfer,2763
2520,1684,bank_transfer,1166
2521,1685,credit_card,688
2522,1685,credit_card,713
2523,1686,bank_transfer,624
2524,1687,credit_card,2902
2525,1688,credit_card,2870
2526,1688,bank_transfer,220
2527,1689,bank_transfer,2780
2528,1689,coupon,2537
2529,1690,bank_transfer,1286
2530,1690,gift_card,830
2531,1691,credit_card,1254
2532,1692,bank_transfer,1425
2533,1692,bank_transfer,1012
2534,1693,bank_transfer,1625
2535,1693,bank_transfer,300
2536,1694,gift_card,940
2537,1695,coupon,662
2538,1695,coupon,2274
2539,1696,bank_transfer,1950
2540,1696,bank_transfer,1690
2541,1697,gift_card,1276
2542,1698,bank_transfer,2316
2543,1699,gift_card,1738
2544,1700,coupon,2612
2545,1701,credit_card,1357
2546,1701,gift_card,1421
2547,1702,credit_card,2764
2548,1703,coupon,372
2549,1704,credit_card,2304
2550,1704,coupon,2599
2551,1705,credit_card,474
2552,1706,gift_card,2279
2553,1706,coupon,1213
2554,1707,gift_card,2882
2555,1708,credit_card,2895
2556,1708,credit_card,2546
2557,1709,gift_card,293
2558,1710,bank_transfer,2220
2559,1711,gift_card,149
2560,1711,credit_card,2892
2561,1712,credit_card,265
2562,1712,bank_transfer,653
2563,1713,coupon,2313
2564,1713,bank_transfer,2102
2565,1714,credit_card,669
2566,1714,bank_transfer,1498
2567,1715,bank_transfer,2794
2568,1715,coupon,2820
2569,1716,gift_card,2274
2570,1717,gift_card,1276
2571,1718,coupon,782
2572,1718,bank_transfer,1909
2573,1719,coupon,2154
2574,1720,coupon,2149
2575,1720,gift_card,614
2576,1721,coupon,376
2577,1722,coupon,1411
2578,1722,credit_card,2245
2579,1723,credit_card,2329
2580,1724,gift_card,714
2581,1724,bank_transfer,2826
2582,1725,coupon,2011
2583,1726,credit_card,2373
2584,1727,gift_card,2693
2585,1728,gift_card,436
2586,1728,credit_card,2754
2587,1729,gift_card,430
2588,1730,coupon,1938
2589,1731,bank_transfer,1051
2590,1732,coupon,212
2591,1732,coupon,1627
2592,1733,gift_card,401
2593,1734,gift_card,2530
2594,1734,coupon,1696
2595,1735,credit_card,2135
2596,1736,bank_transfer,1023
2597,1736,coupon,2122
2598,1737,bank_transfer,1016
2599,1737,bank_transfer,1090
2600,1738,gift_card,1266
2601,1738,credit_card,328
2602,1739,gift_card,2305
2603,1739,bank_transfer,1196
2604,1740,bank_transfer,2374
2605,1741,gift_card,446
2606,1741,credit_card,2096
2607,1742,bank_transfer,2585
2608,1742,bank_transfer,831
2609,1743,gift_card,1473
2610,1744,coupon,2623
2611,1745,gift_card,1138
2612,1746,coupon,1070
2613,1747,gift_card,1139
2614,1747,gift_card,920
2615,1748,bank_transfer,554
2616,1748,gift_card,1705
2617,1749,coupon,740
2618,1750,bank_transfer,2908
2619,1750,credit_card,2746
2620,1751,coupon,352
2621,1751,credit_card,654
2622,1752,gift_card,2718
2623,1753,coupon,587
2624,1753,bank_transfer,596
2625,1754,bank_transfer,2001
2626,1755,bank_transfer,1135
2627,1756,coupon,2351
2628,1757,credit_card,1315
2629,1758,credit_card,1419
2630,1758,coupon,845
2631,1759,coupon,159
2632,1760,gift_card,1466
2633,1760,bank_transfer,1828
2634,1761,coupon,1593
2635,1761,coupon,999
2636,1762,credit_card,1422
2637,1763,gift_card,512
2638,1764,coupon,2372
2639,1764,coupon,1488
2640,1765,credit_card,2256
2641,1766,credit_card,1093
2642,1767,credit_card,2198
2643,1767,gift_card,1862
2644,1768,bank_transfer,1066
2645,1768,credit_card,2143
2646,1769,gift_card,243
2647,1770,bank_transfer,2469
2648,1771,coupon,712
2649,1771,bank_transfer,1343
2650,1772,credit_card,2862
2651,1772,coupon,1831
2652,1773,coupon,2414
2653,1773,coupon,2846
2654,1774,coupon,2225
2655,1774,gift_card,471
2656,1775,credit_card,644
2657,1775,gift_card,571
2658,1776,bank_transfer,1742
2659,1777,bank_transfer,1152
2660,1778,coupon,2885
2661,1779,bank_transfer,2396
2662,1780,bank_transfer,1776
2663,1780,gift_card,2330
2664,1781,coupon,1071
2665,1781,bank_transfer,2674
2666,1782,credit_card,2830
2667,1782,credit_card,2377
2668,1783,bank_transfer,1886
2669,1784,coupon,2815
2670,1785,gift_card,2027
2671,1786,credit_card,2752
2672,1786,bank_transfer,1106
2673,1787,coupon,1448
2674,1788,coupon,902
2675,1789,bank_transfer,2320
2676,1789,coupon,505
2677,1790,credit_card,191
2678,1790,credit_card,1563
2679,1791,coupon,1536
2680,1792,gift_card,2053
2681,1793,credit_card,1775
2682,1793,gift_card,447
2683,1794,credit_card,787
2684,1794,gift_card,2762
2685,1795,credit_card,1976
2686,1796,credit_card,2348
2687,1797,gift_card,2002
2688,1798,credit_card,2781
2689,1799,bank_transfer,1952
2690,1799,coupon,1559
2691,1800,bank_transfer,2279
2692,1801,coupon,1221
2693,1802,gift_card,1436
2694,1803,coupon,1502
2695,1804,coupon,2933
2696,1804,credit_card,616
2697,1805,coupon,718
2698,1806,coupon,2089
2699,1806,coupon,2047
2700,1807,credit_card,774
2701,1807,gift_card,1691
2702,1808,credit_card,2826
2703,1809,credit_card,300
2704,1810,credit_card,1864
2705,1810,bank_transfer,877
2706,1811,bank_transfer,1463
2707,1812,gift_card,2609
2708,1812,bank_transfer,2363
2709,1813,coupon,2782
2710,1814,coupon,904
2711,1815,bank_transfer,2073
2712,1816,bank_transfer,356
2713,1816,coupon,676
2714,1817,gift_card,2282
2715,1818,bank_transfer,1739
2716,1818,credit_card,717
2717,1819,credit_card,1701
2718,1819,gift_card,714
2719,1820,bank_transfer,1328
2720,1821,coupon,647
2721,1822,credit_card,486
2722,1823,gift_card,963
2723,1824,coupon,502
2724,1825,gift_card,1901
2725,1825,gift_card,2476
2726,1826,gift_card,1935
2727,1827,gift_card,652
2728,1828,coupon,1238
2729,1829,gift_card,2160
2730,1829,gift_card,1645
2731,1830,bank_transfer,1230
2732,1831,credit_card,876
2733,1832,gift_card,1920
2734,1832,coupon,1204
2735,1833,credit_card,2156
2736,1834,coupon,2194
2737,1834,coupon,1767
2738,1835,bank_transfer,1644
2739,1835,bank_transfer,1053
2740,1836,coupon,325
2741,1836,bank_transfer,2814
2742,1837,gift_card,1466
2743,1838,coupon,535
2744,1839,credit_card,2791
2745,1840,coupon,685
2746,1841,gift_card,1323
2747,1841,gift_card,1192
2748,1842,bank_transfer,2882
2749,1842,gift_card,1673
2750,1843,bank_transfer,1265
2751,1844,credit_card,2067
2752,1845,bank_transfer,1437
2753,1845,gift_card,1636
2754,1846,credit_card,1532
2755,1847,credit_card,1569
2756,1848,credit_card,1323
2757,1849,coupon,1018
2758,1850,coupon,144
2759,1851,credit_card,2834
2760,1852,bank_transfer,1562
2761,1852,gift_card,522
2762,1853,gift_card,1196
2763,1853,bank_transfer,1148
2764,1854,bank_transfer,1469
2765,1855,gift_card,2800
2766,1855,bank_transfer,1399
2767,1856,bank_transfer,693
2768,1856,gift_card,2814
2769,1857,bank_transfer,798
2770,1857,credit_card,2400
2771,1858,coupon,1994
2772,1858,coupon,1399
2773,1859,gift_card,2905
2774,1859,coupon,576
2775,1860,coupon,953
2776,1860,coupon,577
2777,1861,bank_transfer,620
2778,1862,coupon,145
2779,1863,credit_card,1345
2780,1863,gift_card,329
2781,1864,gift_card,2108
2782,1865,coupon,1522
2783,1866,coupon,1757
2784,1866,bank_transfer,587
2785,1867,coupon,1187
2786,1868,credit_card,1659
2787,1868,credit_card,969
2788,1869,bank_transfer,1735
2789,1869,credit_card,2771
2790,1870,gift_card,2198
2791,1870,bank_transfer,1975
2792,1871,gift_card,308
2793,1872,gift_card,1511
2794,1872,coupon,1075
2795,1873,coupon,830
2796,1874,bank_transfer,979
2797,1875,credit_card,578
2798,1876,credit_card,1622
2799,1876,gift_card,1966
2800,1877,gift_card,1450
2801,1878,coupon,997
2802,1878,bank_transfer,1063
2803,1879,bank_transfer,105
2804,1880,gift_card,1196
2805,1880,credit_card,2714
2806,1881,credit_card,216
2807,1881,credit_card,1196
2808,1882,gift_card,2156
2809,1882,coupon,2761
2810,1883,coupon,772
2811,1884,credit_card,2734
2812,1884,gift_card,324
2813,1885,bank_transfer,1157
2814,1885,coupon,1172
2815,1886,gift_card,2941
2816,1886,bank_transfer,2345
2817,1887,gift_card,1999
2818,1888,gift_card,2722
2819,1888,gift_card,1479
2820,1889,bank_transfer,1594
2821,1890,gift_card,2358
2822,1890,gift_card,164
2823,1891,credit_card,636
2824,1891,coupon,1333
2825,1892,coupon,2806
2826,1893,coupon,858
2827,1893,gift_card,2173
2828,1894,coupon,564
2829,1895,coupon,797
2830,1895,credit_card,2917
2831,1896,bank_transfer,2720
2832,1897,gift_card,631
2833,1897,credit_card,1751
2834,1898,credit_card,2448
2835,1898,bank_transfer,1282
2836,1899,coupon,1040
2837,1900,gift_card,2783
2838,1901,coupon,351
2839,1901,coupon,581
2840,1902,gift_card,406
2841,1902,coupon,518
2842,1903,credit_card,953
2843,1903,credit_card,2567
2844,1904,credit_card,2689
2845,1904,gift_card,1699
2846,1905,bank_transfer,1226
2847,1905,credit_card,1168
2848,1906,bank_transfer,333
2849,1906,credit_card,2418
2850,1907,bank_transfer,1035
2851,1908,credit_card,1710
2852,1909,credit_card,1107
2853,1910,gift_card,315
2854,1910,gift_card,2265
2855,1911,bank_transfer,142
2856,1911,credit_card,298
2857,1912,bank_transfer,2600
2858,1913,bank_transfer,1610
2859,1914,credit_card,789
2860,1914,gift_card,2022
2861,1915,gift_card,1808
2862,1915,gift_card,1579
2863,1916,bank_transfer,2167
2864,1917,gift_card,260
2865,1918,gift_card,708
2866,1918,credit_card,175
2867,1919,credit_card,722
2868,1920,bank_transfer,427
2869,1921,credit_card,1419
2870,1921,coupon,2645
2871,1922,gift_card,2550
2872,1923,gift_card,1425
2873,1924,credit_card,2965
2874,1924,gift_card,2812
2875,1925,gift_card,2076
2876,1926,coupon,1032
2877,1927,coupon,2892
2878,1927,bank_transfer,2201
2879,1928,gift_card,1576
2880,1929,coupon,950
2881,1930,bank_transfer,2039
2882,1930,gift_card,2207
2883,1931,coupon,1454
2884,1932,coupon,2535
2885,1933,bank_transfer,1220
2886,1933,coupon,2105
2887,1934,coupon,1705
2888,1934,credit_card,722
2889,1935,bank_transfer,711
2890,1935,credit_card,2409
2891,1936,gift_card,2930
2892,1936,coupon,2378
2893,1937,bank_transfer,1925
2894,1937,coupon,313
2895,1938,coupon,1720
2896,1939,credit_card,1378
2897,1939,bank_transfer,2466
2898,1940,credit_card,248
2899,1941,coupon,1394
2900,1941,bank_transfer,2995
2901,1942,gift_card,195
2902,1943,credit_card,2080
2903,1943,credit_card,1681
2904,1944,gift_card,669
2905,1945,coupon,1675
2906,1946,credit_card,911
2907,1946,bank_transfer,993
2908,1947,bank_transfer,571
2909,1947,gift_card,1552
2910,1948,coupon,1626
2911,1948,bank_transfer,426
2912,1949,credit_card,2449
2913,1950,gift_card,848
2914,1951,gift_card,890
2915,1952,coupon,1558
2916,1953,coupon,702
2917,1953,coupon,172
2918,1954,credit_card,1605
2919,1954,bank_transfer,2986
2920,1955,bank_transfer,2951
2921,1955,credit_card,2510
2922,1956,credit_card,1896
2923,1957,coupon,505
2924,1958,coupon,595
2925,1959,gift_card,2336
2926,1960,coupon,2681
2927,1961,coupon,1823
2928,1961,bank_transfer,1084
2929,1962,coupon,1056
2930,1962,credit_card,526
2931,1963,coupon,1530
2932,1964,gift_card,218
2933,1964,gift_card,977
2934,1965,bank_transfer,243
2935,1966,coupon,1439
2936,1967,gift_card,2561
2937,1968,gift_card,2364
2938,1968,bank_transfer,1515
2939,1969,gift_card,2712
2940,1969,credit_card,2798
2941,1970,gift_card,2870
2942,1970,gift_card,2962
2943,1971,coupon,899
2944,1972,credit_card,1575
2945,1973,credit_card,151
2946,1973,credit_card,1648
2947,1974,coupon,1382
2948,1974,bank_transfer,2294
2949,1975,credit_card,1651
2950,1976,gift_card,594
2951,1976,credit_card,2220
2952,1977,credit_card,2133
2953,1977,gift_card,563
2954,1978,coupon,1463
2955,1979,gift_card,2473
2956,1979,bank_transfer,1803
2957,1980,bank_transfer,2074
2958,1981,bank_transfer,115
2959,1982,gift_card,1409
2960,1983,bank_transfer,1625
2961,1984,gift_card,668
2962,1985,gift_card,445
2963,1986,gift_card,2716
2964,1986,coupon,414
2965,1987,coupon,1445
2966,1987,bank_transfer,1921
2967,1988,bank_transfer,2529
2968,1988,bank_transfer,228
2969,1989,gift_card,802
2970,1990,bank_transfer,1007
2971,1990,credit_card,2426
2972,1991,coupon,1561
2973,1992,gift_card,2556
2974,1993,gift_card,2549
2975,1993,bank_transfer,710
2976,1994,gift_card,1375
2977,1994,gift_card,317
2978,1995,bank_transfer,2189
2979,1995,bank_transfer,377
2980,1996,bank_transfer,446
2981,1997,credit_card,2858
2982,1997,bank_transfer,2500
2983,1998,bank_transfer,2159
2984,1999,bank_transfer,690
2985,1999,coupon,2046
2986,2000,coupon,1319
2987,2001,bank_transfer,2482
2988,2002,bank_transfer,1544
2989,2003,coupon,1487
2990,2004,gift_card,2001
2991,2005,gift_card,1674
2992,2005,bank_transfer,1531
2993,2006,gift_card,1495
2994,2007,credit_card,207
2995,2007,coupon,696
2996,2008,gift_card,467
2997,2008,gift_card,997
2998,2009,gift_card,1553
2999,2010,credit_card,1713
3000,2010,bank_transfer,2650
3001,2011,coupon,2259
3002,2012,credit_card,2422
3003,2013,gift_card,2169
3004,2014,coupon,1901
3005,2014,credit_card,2017
3006,2015,credit_card,2069
3007,2016,credit_card,2170
3008,2016,coupon,1392
3009,2017,gift_card,2334
3010,2017,bank_transfer,814
3011,2018,bank_transfer,2874
3012,2019,bank_transfer,1035
3013,2020,credit_card,2347
3014,2021,bank_transfer,1749
3015,2021,credit_card,172
3016,2022,coupon,197
3017,2023,credit_card,1854
3018,2023,coupon,2344
3019,2024,credit_card,994
3020,2024,gift_card,1446
3021,2025,bank_transfer,2790
3022,2026,credit_card,695
3023,2027,gift_card,1200
3024,2028,bank_transfer,502
3025,2028,coupon,2156
3026,2029,coupon,2566
3027,2029,credit_card,2038
3028,2030,coupon,2942
3029,2030,coupon,1945
3030,2031,coupon,2721
3031,2031,bank_transfer,2207
3032,2032,coupon,2957
3033,2033,credit_card,1781
3034,2033,bank_transfer,260
3035,2034,gift_card,660
3036,2035,gift_card,1997
3037,2035,gift_card,2140
3038,2036,gift_card,1997
3039,2037,gift_card,140
3040,2038,credit_card,2130
3041,2039,credit_card,2675
3042,2040,bank_transfer,2797
3043,2040,coupon,2666
3044,2041,gift_card,346
3045,2042,credit_card,2042
3046,2043,credit_card,178
3047,2043,credit_card,809
3048,2044,gift_card,2528
3049,2044,coupon,1129
3050,2045,coupon,835
3051,2046,bank_transfer,2149
3052,2047,coupon,2640
3053,2047,gift_card,1232
3054,2048,coupon,2149
3055,2049,coupon,521
3056,2050,gift_card,1889
3057,2050,credit_card,1386
3058,2051,coupon,451
3059,2052,bank_transfer,2051
3060,2053,gift_card,2562
3061,2053,credit_card,2223
3062,2054,bank_transfer,134
3063,2055,gift_card,408
3064,2056,coupon,2888
3065,2056,credit_card,2230
3066,2057,credit_card,1248
3067,2057,gift_card,234
3068,2058,coupon,2597
3069,2059,credit_card,673
3070,2060,gift_card,1889
3071,2060,coupon,1852
3072,2061,bank_transfer,167
3073,2062,gift_card,2549
3074,2063,gift_card,2107
3075,2063,coupon,1736
3076,2064,credit_card,957
3077,2064,gift_card,2368
3078,2065,credit_card,2703
3079,2066,gift_card,583
3080,2066,gift_card,2929
3081,2067,gift_card,339
3082,2067,gift_card,2093
3083,2068,bank_transfer,1152
3084,2068,coupon,1452
3085,2069,gift_card,1550
3086,2070,coupon,486
3087,2071,gift_card,164
3088,2072,credit_card,709
3089,2073,gift_card,1711
3090,2074,bank_transfer,2404
3091,2074,credit_card,408
3092,2075,gift_card,2469
3093,2076,gift_card,2724
3094,2076,bank_transfer,2706
3095,2077,bank_transfer,1048
3096,2078,credit_card,2676
3097,2079,credit_card,2223
3098,2080,credit_card,2460
3099,2080,gift_card,1282
3100,2081,bank_transfer,1356
3101,2082,coupon,1741
3102,2082,gift_card,2220
3103,2083,credit_card,2596
3104,2084,coupon,894
3105,2084,bank_transfer,2607
3106,2085,bank_transfer,977
3107,2085,gift_card,2101
3108,2086,gift_card,1337
3109,2087,coupon,2216
3110,2088,coupon,1073
3111,2089,credit_card,2592
3112,2089,coupon,2160
3113,2090,credit_card,214
3114,2090,gift_card,2567
3115,2091,bank_transfer,2826
3116,2092,bank_transfer,365
3117,2093,gift_card,1695
3118,2094,coupon,1791
3119,2094,bank_transfer,1180
3120,2095,coupon,2224
3121,2096,coupon,2056
3122,2096,bank_transfer,2894
3123,2097,gift_card,912
3124,2098,credit_card,1805
3125,2099,gift_card,2278
3126,2100,bank_transfer,2417
3127,2101,bank_transfer,1334
3128,2101,gift_card,1029
3129,2102,gift_card,768
3130,2102,gift_card,863
3131,2103,credit_card,2334
3132,2103,gift_card,1247
3133,2104,coupon,220
3134,2104,coupon,404
3135,2105,credit_card,2310
3136,2106,credit_card,1082
3137,2107,coupon,569
3138,2108,coupon,2743
3139,2109,coupon,1229
3140,2110,gift_card,2817
3141,2111,coupon,2470
3142,2111,gift_card,2172
3143,2112,bank_transfer,2153
3144,2113,credit_card,2929
3145,2114,credit_card,1958
3146,2115,bank_transfer,1665
3147,2116,credit_card,1690
3148,2116,credit_card,1218
3149,2117,coupon,1929
3150,2117,bank_transfer,2291
3151,2118,gift_card,315
3152,2118,bank_transfer,149
3153,2119,gift_card,1012
3154,2120,gift_card,2572
3155,2120,credit_card,1130
3156,2121,bank_transfer,1098
3157,2121,credit_card,788
3158,2122,coupon,611
3159,2122,bank_transfer,865
3160,2123,bank_transfer,879
3161,2124,bank_transfer,2848
3162,2125,coupon,1753
3163,2126,bank_transfer,1748
3164,2126,coupon,2714
3165,2127,coupon,102
3166,2128,credit_card,1061
3167,2129,gift_card,804
3168,2129,bank_transfer,2451
3169,2130,gift_card,2345
3170,2131,bank_transfer,557
3171,2131,credit_card,2650
3172,2132,bank_transfer,1407
3173,2133,bank_transfer,2202
3174,2134,coupon,1241
3175,2135,credit_card,1360
3176,2136,credit_card,268
3177,2137,credit_card,2715
3178,2137,coupon,2736
3179,2138,bank_transfer,100
3180,2139,credit_card,2928
3181,2139,coupon,905
3182,2140,bank_transfer,2266
3183,2140,gift_card,556
3184,2141,credit_card,1066
3185,2142,gift_card,1729
3186,2143,bank_transfer,826
3187,2143,gift_card,2118
3188,2144,coupon,847
3189,2144,gift_card,182
3190,2145,credit_card,1155
3191,2145,coupon,2736
3192,2146,gift_card,2601
3193,2146,credit_card,722
3194,2147,coupon,1254
3195,2147,coupon,523
3196,2148,coupon,2781
3197,2149,coupon,1467
3198,2150,credit_card,2052
3199,2151,coupon,456
3200,2152,gift_card,593
3201,2152,bank_transfer,1994
3202,2153,credit_card,621
3203,2153,gift_card,838
3204,2154,gift_card,476
3205,2155,gift_card,692
3206,2155,gift_card,2481
3207,2156,coupon,293
3208,2157,bank_transfer,2550
3209,2158,coupon,1552
3210,2159,credit_card,2873
3211,2160,bank_transfer,1583
3212,2161,credit_card,2776
3213,2162,credit_card,509
3214,2162,credit_card,1306
3215,2163,coupon,2772
3216,2164,credit_card,1122
3217,2164,bank_transfer,319
3218,2165,bank_transfer,2529
3219,2166,coupon,1338
3220,2167,gift_card,1408
3221,2168,credit_card,2410
3222,2168,coupon,1601
3223,2169,gift_card,1031
3224,2169,gift_card,1897
3225,2170,credit_card,2988
3226,2170,coupon,1010
3227,2171,bank_transfer,1679
3228,2172,bank_transfer,762
3229,2173,bank_transfer,1354
3230,2173,gift_card,2732
3231,2174,gift_card,2626
3232,2175,gift_card,1455
3233,2176,bank_transfer,2740
3234,2176,coupon,2056
3235,2177,gift_card,1832
3236,2178,gift_card,2589
3237,2178,coupon,2000
3238,2179,bank_transfer,2214
3239,2179,bank_transfer,492
3240,2180,gift_card,476
3241,2181,coupon,115
3242,2181,bank_transfer,1835
3243,2182,coupon,965
3244,2182,coupon,476
3245,2183,bank_transfer,1066
3246,2183,credit_card,2380
3247,2184,coupon,332
3248,2184,coupon,1058
3249,2185,bank_transfer,1856
3250,2186,bank_transfer,823
3251,2187,coupon,2106
3252,2187,gift_card,1790
3253,2188,gift_card,2566
3254,2188,gift_card,1795
3255,2189,gift_card,2410
3256,2189,bank_transfer,740
3257,2190,gift_card,2293
3258,2191,credit_card,1161
3259,2191,gift_card,2200
3260,2192,bank_transfer,1213
3261,2193,credit_card,2092
3262,2194,coupon,1400
3263,2195,coupon,2825
3264,2195,gift_card,408
3265,2196,coupon,1712
3266,2197,gift_card,2127
3267,2197,credit_card,745
3268,2198,coupon,2505
3269,2199,coupon,665
3270,2200,bank_transfer,607
3271,2201,credit_card,222
3272,2202,gift_card,2533
3273,2203,gift_card,1373
3274,2204,bank_transfer,792
3275,2205,credit_card,2143
3276,2206,gift_card,824
3277,2206,credit_card,2372
3278,2207,bank_transfer,1724
3279,2207,coupon,1266
3280,2208,coupon,615
3281,2209,gift_card,1297
3282,2210,gift_card,1368
3283,2210,coupon,2834
3284,2211,gift_card,639
3285,2211,credit_card,2249
3286,2212,credit_card,1634
3287,2213,gift_card,2446
3288,2214,credit_card,836
3289,2214,credit_card,1606
3290,2215,credit_card,258
3291,2216,coupon,1400
3292,2217,bank_transfer,2181
3293,2217,gift_card,803
3294,2218,coupon,1957
3295,2219,coupon,2556
3296,2220,credit_card,2615
3297,2220,coupon,2687
3298,2221,credit_card,2132
3299,2221,coupon,315
3300,2222,bank_transfer,1273
3301,2223,gift_card,808
3302,2224,credit_card,1018
3303,2225,bank_transfer,1403
3304,2225,gift_card,2327
3305,2226,coupon,2470
3306,2226,coupon,1266
3307,2227,credit_card,2017
3308,2227,bank_transfer,2588
3309,2228,gift_card,2547
3310,2228,gift_card,2219
3311,2229,credit_card,2293
3312,2230,bank_transfer,2135
3313,2231,coupon,264
3314,2231,gift_card,622
3315,2232,gift_card,1475
3316,2233,coupon,1449
3317,2233,credit_card,2853
3318,2234,bank_transfer,1406
3319,2235,bank_transfer,2632
3320,2235,gift_card,246
3321,2236,credit_card,2634
3322,2236,coupon,2316
3323,2237,bank_transfer,1636
3324,2237,gift_card,2631
3325,2238,bank_transfer,2584
3326,2238,gift_card,1307
3327,2239,gift_card,1525
3328,2240,gift_card,1169
3329,2241,bank_transfer,1541
3330,2242,bank_transfer,666
3331,2243,coupon,1298
3332,2244,credit_card,1074
3333,2244,bank_transfer,2246
3334,2245,coupon,2243
3335,2245,credit_card,1536
3336,2246,bank_transfer,2097
3337,2247,bank_transfer,2801
3338,2248,gift_card,2811
3339,2248,bank_transfer,2284
3340,2249,gift_card,2328
3341,2249,gift_card,1071
3342,2250,coupon,2719
3343,2251,gift_card,361
3344,2252,gift_card,2931
3345,2252,bank_transfer,1049
3346,2253,credit_card,2961
3347,2253,coupon,826
3348,2254,credit_card,1841
3349,2255,coupon,2716
3350,2255,gift_card,1988
3351,2256,coupon,261
3352,2257,gift_card,1956
3353,2258,gift_card,1474
3354,2259,gift_card,376
3355,2259,coupon,1015
3356,2260,gift_card,1858
3357,2261,coupon,973
3358,2261,credit_card,2405
3359,2262,gift_card,1769
3360,2262,coupon,347
3361,2263,coupon,1485
3362,2263,bank_transfer,916
3363,2264,credit_card,1318
3364,2264,credit_card,228
3365,2265,coupon,2058
3366,2265,credit_card,1627
3367,2266,bank_transfer,171
3368,2267,coupon,1401
3369,2268,coupon,1084
3370,2268,gift_card,2524
3371,2269,credit_card,1144
3372,2270,credit_card,1727
3373,2270,credit_card,2593
3374,2271,bank_transfer,2338
3375,2271,credit_card,2493
3376,2272,credit_card,844
3377,2272,credit_card,2000
3378,2273,bank_transfer,1585
3379,2273,coupon,2134
3380,2274,bank_transfer,631
3381,2275,coupon,1750
3382,2275,coupon,2471
3383,2276,bank_transfer,2078
3384,2277,coupon,1550
3385,2277,gift_card,1395
3386,2278,bank_transfer,857
3387,2279,credit_card,2188
3388,2279,coupon,987
3389,2280,bank_transfer,344
3390,2281,credit_card,613
3391,2282,gift_card,2081
3392,2282,bank_transfer,355
3393,2283,bank_transfer,1725
3394,2284,coupon,1792
3395,2284,gift_card,2846
3396,2285,coupon,2894
3397,2286,credit_card,448
3398,2287,credit_card,1367
3399,2287,coupon,1540
3400,2288,gift_card,1879
3401,2289,gift_card,1391
3402,2290,coupon,2927
3403,2291,credit_card,1639
3404,2292,bank_transfer,2043
3405,2292,bank_transfer,919
3406,2293,bank_transfer,2562
3407,2293,coupon,1543
3408,2294,gift_card,1862
3409,2295,gift_card,2803
3410,2296,credit_card,2486
3411,2297,credit_card,1214
3412,2297,bank_transfer,618
3413,2298,credit_card,1101
3414,2298,bank_transfer,412
3415,2299,credit_card,369
3416,2300,coupon,2666
3417,2301,gift_card,1109
3418,2302,bank_transfer,1879
3419,2302,bank_transfer,2371
3420,2303,credit_card,1050
3421,2303,gift_card,1233
3422,2304,bank_transfer,2155
3423,2304,credit_card,498
3424,2305,credit_card,2853
3425,2305,coupon,2227
3426,2306,coupon,996
3427,2307,gift_card,2085
3428,2308,credit_card,2798
3429,2308,coupon,920
3430,2309,gift_card,162
3431,2310,bank_transfer,458
3432,2310,credit_card,1909
3433,2311,bank_transfer,1700
3434,2312,bank_transfer,1105
3435,2312,bank_transfer,2449
3436,2313,gift_card,2125
3437,2314,bank_transfer,386
3438,2315,coupon,2261
3439,2316,coupon,1844
3440,2316,credit_card,1634
3441,2317,coupon,1693
3442,2317,bank_transfer,259
3443,2318,bank_transfer,2215
3444,2319,gift_card,746
3445,2319,credit_card,2566
3446,2320,gift_card,2207
3447,2321,bank_transfer,1838
3448,2322,credit_card,2631
3449,2322,gift_card,130
3450,2323,coupon,1455
3451,2323,bank_transfer,1695
3452,2324,gift_card,749
3453,2325,coupon,1442
3454,2326,coupon,1573
3455,2327,bank_transfer,2879
3456,2327,gift_card,1085
3457,2328,gift_card,1715
3458,2329,credit_card,2474
3459,2330,gift_card,1794
3460,2330,gift_card,474
3461,2331,gift_card,398
3462,2332,gift_card,2692
3463,2333,gift_card,2718
3464,2334,bank_transfer,2700
3465,2334,bank_transfer,2293
3466,2335,gift_card,796
3467,2335,credit_card,2074
3468,2336,bank_transfer,1025
3469,2337,bank_transfer,1642
3470,2337,credit_card,2902
3471,2338,coupon,2608
3472,2339,bank_transfer,2288
3473,2339,coupon,2564
3474,2340,credit_card,2042
3475,2341,credit_card,1582
3476,2342,coupon,2883
3477,2342,coupon,1487
3478,2343,bank_transfer,2069
3479,2343,bank_transfer,1895
3480,2344,coupon,2288
3481,2345,credit_card,1492
3482,2346,gift_card,416
3483,2347,credit_card,104
3484,2347,credit_card,1259
3485,2348,bank_transfer,551
3486,2349,credit_card,864
3487,2349,bank_transfer,2797
3488,2350,credit_card,334
3489,2351,coupon,1508
3490,2351,bank_transfer,2694
3491,2352,credit_card,2386
3492,2352,credit_card,730
3493,2353,gift_card,1152
3494,2353,coupon,734
3495,2354,coupon,2295
3496,2354,credit_card,1584
3497,2355,credit_card,2983
3498,2355,bank_transfer,2172
3499,2356,credit_card,271
3500,2356,gift_card,1406
3501,2357,bank_transfer,1888
3502,2357,credit_card,2929
3503,2358,credit_card,293
3504,2359,bank_transfer,893
3505,2360,credit_card,2484
3506,2360,credit_card,1928
3507,2361,credit_card,2327
3508,2361,bank_transfer,1955
3509,2362,credit_card,1095
3510,2362,credit_card,1628
3511,2363,gift_card,190
3512,2364,bank_transfer,857
3513,2365,credit_card,1033
3514,2366,coupon,2557
3515,2367,gift_card,514
3516,2367,coupon,2553
3517,2368,credit_card,103
3518,2368,coupon,2836
3519,2369,gift_card,1516
3520,2369,credit_card,1134
3521,2370,gift_card,2201
3522,2371,bank_transfer,1480
3523,2371,credit_card,1153
3524,2372,bank_transfer,1011
3525,2372,gift_card,1722
3526,2373,coupon,2628
3527,2374,gift_card,1005
3528,2374,coupon,432
3529,2375,gift_card,2635
3530,2375,coupon,1211
3531,2376,coupon,1468
3532,2377,credit_card,2774
3533,2378,gift_card,1476
3534,2379,credit_card,2848
3535,2380,bank_transfer,2260
3536,2381,gift_card,1248
3537,2382,bank_transfer,312
3538,2383,credit_card,471
3539,2384,coupon,1581
3540,2384,credit_card,1703
3541,2385,bank_transfer,637
3542,2386,gift_card,433
3543,2386,gift_card,1632
3544,2387,coupon,2681
3545,2387,credit_card,1973
3546,2388,bank_transfer,1807
3547,2388,gift_card,2284
3548,2389,gift_card,842
3549,2390,coupon,203
3550,2391,bank_transfer,903
3551,2391,credit_card,1941
3552,2392,coupon,453
3553,2392,gift_card,1885
3554,2393,gift_card,2002
3555,2394,coupon,474
3556,2395,gift_card,2558
3557,2395,coupon,1554
3558,2396,gift_card,2602
3559,2396,gift_card,2963
3560,2397,gift_card,2197
3561,2397,bank_transfer,537
3562,2398,coupon,1205
3563,2399,coupon,2498
3564,2399,coupon,849
3565,2400,gift_card,2899
3566,2400,credit_card,605
3567,2401,credit_card,2623
3568,2402,credit_card,591
3569,2402,credit_card,1105
3570,2403,bank_transfer,2686
3571,2403,credit_card,1701
3572,2404,credit_card,762
3573,2404,coupon,2964
3574,2405,gift_card,281
3575,2405,gift_card,2019
3576,2406,gift_card,1321
3577,2406,coupon,760
3578,2407,credit_card,1625
3579,2407,bank_transfer,1799
3580,2408,coupon,1815
3580,2409,credit_card,2856
3581,2410,gift_card,1651
3582,2411,coupon,313
3583,2412,credit_card,1399
3584,2413,credit_card,2755
3585,2414,coupon,466
3586,2414,credit_card,468
3587,2415,gift_card,1282
3588,2415,gift_card,672
3589,2416,credit_card,1991
3590,2417,coupon,1940
3591,2417,coupon,267
3592,2418,bank_transfer,920
3593,2419,gift_card,2673
3594,2420,coupon,2825
3595,2420,credit_card,1540
3596,2421,coupon,2739
3597,2421,credit_card,1851
3598,2422,coupon,896
3599,2423,coupon,2055
3600,2423,gift_card,2118
3601,2424,credit_card,2520
3602,2424,bank_transfer,2762
3603,2425,coupon,1306
3604,2425,bank_transfer,2947
3605,2426,bank_transfer,1652
3606,2427,bank_transfer,126
3607,2428,coupon,2810
3608,2428,gift_card,1947
3609,2429,coupon,1086
3610,2429,bank_transfer,1872
3611,2430,coupon,1152
3612,2431,bank_transfer,1095
3613,2431,credit_card,618
3614,2432,bank_transfer,197
3615,2433,gift_card,674
3616,2433,bank_transfer,905
3617,2434,credit_card,2293
3618,2434,coupon,832
3619,2435,coupon,2958
3620,2436,credit_card,2797
3621,2437,bank_transfer,1710
3622,2438,credit_card,1021
3623,2438,gift_card,1250
3624,2439,gift_card,778
3625,2440,bank_transfer,741
3626,2440,gift_card,2683
3627,2441,bank_transfer,1346
3628,2441,credit_card,632
3629,2442,coupon,1475
3630,2443,coupon,291
3631,2443,coupon,1963
3632,2444,bank_transfer,586
3633,2444,coupon,680
3634,2445,bank_transfer,2135
3635,2446,coupon,339
3636,2447,gift_card,288
3637,2448,coupon,2848
3638,2449,credit_card,1822
3639,2449,gift_card,1190
3640,2450,gift_card,269
3641,2450,credit_card,2235
3642,2451,gift_card,976
3643,2452,gift_card,1416
3644,2452,coupon,1922
3645,2453,bank_transfer,2831
3646,2453,credit_card,1652
3647,2454,credit_card,2225
3648,2454,bank_transfer,1883
3649,2455,bank_transfer,844
3650,2455,credit_card,2131
3651,2456,credit_card,2060
3652,2456,credit_card,879
3653,2457,gift_card,2849
3654,2458,coupon,2507
3655,2459,credit_card,2692
3656,2460,coupon,1448
3657,2460,coupon,947
3658,2461,bank_transfer,1411
3659,2462,coupon,1538
3660,2463,credit_card,1098
3661,2463,coupon,2569
3662,2464,coupon,1392
3663,2465,coupon,303
3664,2466,coupon,2652
3665,2467,coupon,1744
3666,2467,coupon,2274
3667,2468,gift_card,2191
3668,2468,credit_card,475
3669,2469,gift_card,526
3670,2470,bank_transfer,1223
3671,2471,bank_transfer,2049
3672,2472,credit_card,1206
3673,2472,credit_card,837
3674,2473,bank_transfer,2056
3675,2473,credit_card,520
3676,2474,credit_card,1352
3677,2475,bank_transfer,502
3678,2475,credit_card,1040
3679,2476,credit_card,2179
3680,2476,bank_transfer,584
3681,2477,bank_transfer,536
3682,2477,bank_transfer,644
3683,2478,bank_transfer,1979
3684,2478,coupon,193
3685,2479,coupon,730
3686,2479,bank_transfer,2908
3687,2480,coupon,222
3688,2480,gift_card,1532
3689,2481,credit_card,266
3690,2481,bank_transfer,2646
3691,2482,credit_card,2092
3692,2483,gift_card,1315
3693,2483,bank_transfer,396
3694,2484,gift_card,596
3695,2485,gift_card,1866
3696,2486,coupon,964
3697,2486,bank_transfer,2990
3698,2487,gift_card,1816
3699,2488,coupon,2165
3700,2488,credit_card,336
3701,2489,coupon,901
3702,2490,credit_card,2799
3703,2491,gift_card,663
3704,2491,coupon,1073
3705,2492,bank_transfer,2276
3706,2492,bank_transfer,2785
3707,2493,coupon,1519
3708,2493,bank_transfer,1223
3709,2494,coupon,1607
3710,2494,coupon,1289
3711,2495,coupon,2547
3712,2495,bank_transfer,1330
3713,2496,coupon,384
3714,2496,gift_card,2101
3715,2497,credit_card,494
3716,2497,bank_transfer,2105
3717,2498,credit_card,1069
3718,2498,gift_card,2532
3719,2499,coupon,629
3720,2500,gift_card,1465
3721,2501,coupon,946
3722,2502,gift_card,1490
3723,2503,gift_card,645
3724,2504,credit_card,1190
3725,2504,bank_transfer,1162
3726,2505,credit_card,2819
3727,2506,bank_transfer,2692
3728,2506,coupon,1605
3729,2507,bank_transfer,2855
3730,2508,gift_card,1079
3731,2508,bank_transfer,1947
3732,2509,bank_transfer,2573
3733,2510,coupon,1242
3734,2511,coupon,258
3735,2512,gift_card,1170
3736,2512,bank_transfer,2786
3737,2513,gift_card,1565
3738,2514,bank_transfer,1397
3739,2515,bank_transfer,2726
3740,2516,coupon,2966
3741,2517,gift_card,669
3742,2517,coupon,1443
3743,2518,gift_card,1942
3744,2518,coupon,520
3745,2519,credit_card,591
3746,2520,credit_card,2332
3747,2520,gift_card,1264
3748,2521,gift_card,2268
3749,2521,bank_transfer,389
3750,2522,bank_transfer,1200
3751,2522,gift_card,1182
3752,2523,coupon,130
3753,2524,coupon,287
3754,2524,credit_card,2301
3755,2525,gift_card,2994
3756,2525,gift_card,1886
3757,2526,coupon,110
3758,2526,coupon,1826
3759,2527,gift_card,1324
3760,2527,credit_card,983
3761,2528,bank_transfer,2186
3762,2528,bank_transfer,245
3763,2529,bank_transfer,1850
3764,2530,credit_card,2315
3765,2531,coupon,2381
3766,2531,gift_card,2753
3767,2532,bank_transfer,2136
3768,2532,gift_card,1976
3769,2533,gift_card,1091
3770,2533,credit_card,2810
3771,2534,gift_card,1407
3772,2534,coupon,2231
3773,2535,bank_transfer,738
3774,2535,credit_card,2180
3775,2536,credit_card,2121
3776,2536,coupon,2090
3777,2537,coupon,943
3778,2538,coupon,2865
3779,2539,bank_transfer,1740
3780,2540,bank_transfer,1643
3781,2541,gift_card,2019
3782,2542,bank_transfer,977
3783,2543,gift_card,2380
3784,2543,gift_card,2286
3785,2544,credit_card,2592
3786,2545,bank_transfer,558
3787,2546,coupon,179
3788,2547,coupon,2555
3789,2548,coupon,1102
3790,2548,coupon,1764
3791,2549,bank_transfer,2180
3792,2550,coupon,1709
3793,2550,coupon,609
3794,2551,gift_card,1694
3795,2551,credit_card,1609
3796,2552,gift_card,654
3797,2553,gift_card,2682
3798,2553,gift_card,464
3799,2554,gift_card,2954
3800,2554,coupon,2584
3801,2555,credit_card,2120
3802,2556,bank_transfer,543
3803,2556,coupon,2096
3804,2557,gift_card,2250
3805,2558,coupon,2923
3806,2558,coupon,1228
3807,2559,coupon,1125
3808,2560,gift_card,602
3809,2560,bank_transfer,336
3810,2561,bank_transfer,1498
3811,2561,coupon,604
3812,2562,credit_card,1963
3813,2562,bank_transfer,2675
3814,2563,credit_card,2640
3815,2564,gift_card,2379
3816,2565,coupon,280
3817,2566,bank_transfer,2986
3818,2567,bank_transfer,323
3819,2568,credit_card,2473
3820,2568,credit_card,2866
3821,2569,credit_card,1039
3822,2569,bank_transfer,1767
3823,2570,coupon,2899
3824,2570,bank_transfer,1840
3825,2571,coupon,716
3826,2572,gift_card,2198
3827,2573,coupon,1033
3828,2573,bank_transfer,1315
3829,2574,gift_card,1367
3830,2574,coupon,2556
3831,2575,credit_card,897
3832,2575,coupon,1983
3833,2576,credit_card,966
3834,2576,coupon,2769
3835,2577,coupon,652
3836,2577,bank_transfer,475
3837,2578,coupon,1039
3838,2578,credit_card,725
3839,2579,credit_card,1189
3840,2580,credit_card,2988
3841,2581,coupon,213
3842,2582,coupon,808
3843,2583,coupon,767
3844,2583,coupon,1602
3845,2584,gift_card,328
3846,2584,credit_card,2116
3847,2585,coupon,921
3848,2586,credit_card,576
3849,2586,coupon,433
3850,2587,gift_card,664
3851,2587,gift_card,1579
3852,2588,credit_card,2525
3853,2588,coupon,2786
3854,2589,credit_card,2762
3855,2590,gift_card,1804
3856,2590,gift_card,576
3857,2591,coupon,1456
3858,2592,gift_card,169
3859,2592,coupon,751
3860,2593,coupon,1709
3861,2594,credit_card,194
3862,2594,gift_card,2477
3863,2595,credit_card,954
3864,2595,coupon,2447
3865,2596,coupon,785
3866,2597,gift_card,1880
3867,2597,gift_card,638
3868,2598,credit_card,963
3869,2599,gift_card,1650
3870,2600,bank_transfer,2565
3871,2600,coupon,163
3872,2601,bank_transfer,1040
3873,2602,gift_card,1799
3874,2603,bank_transfer,1464
3875,2603,gift_card,2088
3876,2604,credit_card,2029
3877,2605,bank_transfer,392
3878,2606,gift_card,302
3879,2606,credit_card,2790
3880,2607,credit_card,1768
3881,2607,bank_transfer,2966
3882,2608,coupon,1296
3883,2609,gift_card,528
3884,2610,gift_card,689
3885,2611,gift_card,2901
3886,2612,coupon,386
3887,2612,coupon,1752
3888,2613,bank_transfer,1974
3889,2613,gift_card,1946
3890,2614,gift_card,375
3891,2615,credit_card,2430
3892,2616,gift_card,1778
3893,2616,coupon,1720
3894,2617,coupon,204
3895,2618,coupon,375
3896,2619,credit_card,1290
3897,2619,credit_card,1162
3898,2620,gift_card,863
3899,2621,coupon,1824
3900,2621,bank_transfer,1813
3901,2622,coupon,1668
3902,2622,bank_transfer,813
3903,2623,credit_card,855
3904,2624,bank_transfer,2197
3905,2625,credit_card,1144
3906,2625,coupon,1285
3907,2626,credit_card,1035
3908,2627,gift_card,1285
3909,2627,coupon,461
3910,2628,bank_transfer,787
3911,2629,gift_card,2601
3912,2629,bank_transfer,248
3913,2630,gift_card,1313
3914,2630,gift_card,660
3915,2631,bank_transfer,574
3916,2631,bank_transfer,1407
3917,2632,gift_card,2977
3918,2632,credit_card,1298
3919,2633,coupon,2644
3920,2634,coupon,854
3921,2634,bank_transfer,489
3922,2635,gift_card,156
3923,2636,bank_transfer,356
3924,2637,bank_transfer,2280
3925,2637,coupon,2507
3926,2638,gift_card,261
3927,2638,bank_transfer,339
3928,2639,bank_transfer,1978
3929,2639,credit_card,2291
3930,2640,credit_card,627
3931,2641,bank_transfer,1317
3932,2641,gift_card,1585
3933,2642,credit_card,2574
3934,2642,gift_card,2099
3935,2643,credit_card,2140
3936,2643,credit_card,1397
3937,2644,credit_card,2864
3938,2644,bank_transfer,2929
3939,2645,gift_card,799
3940,2646,credit_card,2500
3941,2646,bank_transfer,2950
3942,2647,gift_card,685
3943,2647,bank_transfer,2149
3944,2648,bank_transfer,1209
3945,2649,coupon,2130
3946,2649,bank_transfer,208
3947,2650,coupon,962
3948,2651,bank_transfer,1389
3949,2651,bank_transfer,1095
3950,2652,credit_card,2473
3951,2652,coupon,1136
3952,2653,bank_transfer,1910
3953,2654,coupon,1058
3954,2655,coupon,2671
3955,2655,coupon,572
3956,2656,bank_transfer,2243
3957,2656,credit_card,748
3958,2657,bank_transfer,2018
3959,2657,bank_transfer,2916
3960,2658,gift_card,1152
3961,2658,credit_card,469
3962,2659,coupon,338
3963,2659,credit_card,114
3964,2660,credit_card,2385
3965,2661,bank_transfer,367
3966,2662,gift_card,2974
3967,2662,coupon,1319
3968,2663,credit_card,1401
3969,2664,coupon,1623
3970,2665,coupon,2766
3971,2665,bank_transfer,1553
3972,2666,bank_transfer,859
3973,2666,bank_transfer,105
3974,2667,coupon,1416
3975,2667,coupon,2253
3976,2668,credit_card,1966
3977,2669,coupon,2831
3978,2669,coupon,872
3979,2670,gift_card,1867
3980,2671,credit_card,289
3981,2671,bank_transfer,2379
3982,2672,credit_card,2846
3983,2673,bank_transfer,1223
3984,2673,bank_transfer,2274
3985,2674,bank_transfer,1842
3986,2674,coupon,1139
3987,2675,bank_transfer,441
3988,2676,gift_card,132
3989,2677,bank_transfer,2936
3990,2678,gift_card,2359
3991,2678,bank_transfer,440
3992,2679,coupon,1397
3993,2679,coupon,2619
3994,2680,gift_card,358
3995,2681,gift_card,2124
3996,2682,coupon,2478
3997,2682,credit_card,2096
3998,2683,bank_transfer,964
3999,2684,gift_card,2758
4000,2685,coupon,2605
4001,2686,bank_transfer,2581
4002,2686,coupon,2867
4003,2687,credit_card,1321
4004,2688,coupon,2267
4005,2688,credit_card,871
4006,2689,gift_card,1720
4007,2690,bank_transfer,2862
4008,2690,gift_card,240
4009,2691,bank_transfer,485
4010,2691,gift_card,1035
4011,2692,bank_transfer,1408
4012,2692,coupon,405
4013,2693,gift_card,2344
4014,2694,bank_transfer,2839
4015,2695,gift_card,2076
4016,2695,gift_card,2232
4017,2696,bank_transfer,2042
4018,2697,bank_transfer,2716
4019,2698,coupon,2200
4020,2699,coupon,2938
4021,2700,credit_card,978
4022,2700,bank_transfer,2081
4023,2701,coupon,2323
4024,2701,credit_card,2911
4025,2702,credit_card,765
4026,2702,bank_transfer,1494
4027,2703,credit_card,2060
4028,2703,credit_card,1473
4029,2704,bank_transfer,1640
4030,2705,bank_transfer,1489
4031,2705,credit_card,1837
4032,2706,coupon,176
4033,2706,credit_card,1662
4034,2707,credit_card,761
4035,2707,gift_card,565
4036,2708,bank_transfer,191
4037,2709,gift_card,1731
4038,2709,credit_card,2120
4039,2710,credit_card,2661
4040,2710,coupon,1016
4041,2711,credit_card,1188
4042,2712,gift_card,2583
4043,2713,gift_card,877
4044,2713,coupon,2074
4045,2714,credit_card,1386
4046,2714,bank_transfer,2805
4047,2715,credit_card,2512
4048,2716,bank_transfer,2148
4049,2716,credit_card,937
4050,2717,gift_card,800
4051,2717,gift_card,2733
4052,2718,bank_transfer,773
4053,2718,coupon,698
4054,2719,bank_transfer,2049
4055,2720,credit_card,2863
4056,2720,bank_transfer,2125
4057,2721,coupon,325
4058,2722,gift_card,766
4059,2722,gift_card,1577
4060,2723,credit_card,1732
4061,2723,credit_card,964
4062,2724,credit_card,1113
4063,2724,credit_card,948
4064,2725,bank_transfer,1978
4065,2725,coupon,1157
4066,2726,credit_card,1881
4067,2726,gift_card,120
4068,2727,coupon,1426
4069,2728,bank_transfer,1520
4070,2728,coupon,2278
4071,2729,coupon,215
4072,2729,gift_card,215
4073,2730,credit_card,1990
4074,2730,gift_card,2191
4075,2731,credit_card,2761
4076,2732,gift_card,2426
4077,2732,bank_transfer,1836
4078,2733,credit_card,2923
4079,2734,bank_transfer,1563
4080,2734,credit_card,2770
4081,2735,credit_card,1222
4082,2735,bank_transfer,1310
4083,2736,gift_card,1545
4084,2736,coupon,2387
4085,2737,credit_card,2257
4086,2738,gift_card,514
4087,2739,gift_card,1138
4088,2740,bank_transfer,2745
4089,2740,coupon,1540
4090,2741,bank_transfer,2385
4091,2742,credit_card,2692
4092,2743,coupon,1216
4093,2743,gift_card,2843
4094,2744,gift_card,329
4095,2744,credit_card,2295
4096,2745,coupon,1514
4097,2745,bank_transfer,214
4098,2746,gift_card,2574
4099,2747,gift_card,2973
4100,2748,credit_card,2448
4101,2749,coupon,806
4102,2749,gift_card,717
4103,2750,gift_card,1524
4104,2750,credit_card,683
4105,2751,gift_card,1189
4106,2752,coupon,2381
4107,2753,gift_card,269
4108,2753,coupon,212
4109,2754,coupon,1817
4110,2754,bank_transfer,756
4111,2755,bank_transfer,2926
4112,2755,bank_transfer,353
4113,2756,bank_transfer,205
4114,2757,coupon,2972
4115,2758,credit_card,2193
4116,2758,coupon,1693
4117,2759,coupon,229
4118,2759,gift_card,2592
4119,2760,credit_card,332
4120,2760,coupon,855
4121,2761,credit_card,2818
4122,2761,credit_card,1965
4123,2762,gift_card,1057
4124,2763,gift_card,1120
4125,2764,gift_card,1728
4126,2764,credit_card,1232
4127,2765,gift_card,1770
4128,2766,credit_card,2756
4129,2766,coupon,815
4130,2767,coupon,296
4131,2767,coupon,664
4132,2768,credit_card,2414
4133,2769,gift_card,199
4134,2770,coupon,2307
4135,2770,bank_transfer,1229
4136,2771,bank_transfer,525
4137,2772,bank_transfer,1836
4138,2772,gift_card,1600
4139,2773,bank_transfer,1310
4140,2774,coupon,1933
4141,2775,coupon,1800
4142,2776,credit_card,1024
4143,2777,coupon,255
4144,2778,coupon,787
4145,2779,credit_card,738
4146,2779,bank_transfer,2583
4147,2780,coupon,2909
4148,2780,credit_card,896
4149,2781,credit_card,1395
4150,2781,gift_card,781
4151,2782,gift_card,2298
4152,2783,bank_transfer,1819
4153,2783,gift_card,1649
4154,2784,credit_card,2372
4155,2785,bank_transfer,1243
4156,2786,gift_card,1876
4157,2787,coupon,2878
4158,2788,credit_card,974
4159,2788,credit_card,2475
4160,2789,credit_card,2389
4161,2789,credit_card,2116
4162,2790,bank_transfer,1651
4163,2790,coupon,1841
4164,2791,coupon,334
4165,2791,credit_card,1084
4166,2792,coupon,2840
4167,2792,bank_transfer,2861
4168,2793,credit_card,2236
4169,2794,gift_card,293
4170,2795,gift_card,2396
4171,2796,credit_card,714
4172,2796,bank_transfer,432
4173,2797,credit_card,1449
4174,2798,gift_card,1361
4175,2799,bank_transfer,2941
4176,2800,bank_transfer,2433
4177,2801,credit_card,1091
4178,2802,coupon,631
4179,2803,gift_card,256
4180,2804,coupon,2157
4181,2804,bank_transfer,2706
4182,2805,coupon,2966
4183,2806,coupon,2608
4184,2807,bank_transfer,409
4185,2808,bank_transfer,902
4186,2808,coupon,628
4187,2809,gift_card,1244
4188,2809,credit_card,1271
4189,2810,bank_transfer,1980
4190,2810,coupon,703
4191,2811,coupon,1925
4192,2811,bank_transfer,2832
4193,2812,bank_transfer,906
4194,2812,gift_card,355
4195,2813,coupon,2590
4196,2813,coupon,1803
4197,2814,credit_card,884
4198,2815,gift_card,391
4199,2815,gift_card,2346
4200,2816,bank_transfer,538
4201,2817,coupon,1565
4202,2817,coupon,1103
4203,2818,credit_card,2963
4204,2818,gift_card,2653
4205,2819,coupon,478
4206,2820,bank_transfer,216
4207,2820,coupon,2086
4208,2821,gift_card,640
4209,2822,credit_card,293
4210,2823,credit_card,2383
4211,2824,credit_card,2701
4212,2824,credit_card,1963
4213,2825,gift_card,2949
4214,2826,bank_transfer,2829
4215,2827,coupon,1726
4216,2828,credit_card,976
4217,2829,credit_card,1759
4218,2829,bank_transfer,1611
4219,2830,bank_transfer,1192
4220,2831,bank_transfer,2302
4221,2831,bank_transfer,2030
4222,2832,bank_transfer,1282
4223,2833,coupon,743
4224,2834,gift_card,111
4225,2835,credit_card,465
4226,2836,bank_transfer,524
4227,2836,credit_card,2434
4228,2837,coupon,2446
4229,2837,credit_card,2666
4230,2838,bank_transfer,1289
4231,2838,credit_card,1850
4232,2839,bank_transfer,207
4233,2840,gift_card,629
4234,2841,credit_card,1048
4235,2841,coupon,2173
4236,2842,bank_transfer,2883
4237,2843,gift_card,1164
4238,2844,gift_card,2798
4239,2845,gift_card,1724
4240,2845,coupon,2651
4241,2846,credit_card,1191
4242,2846,gift_card,1819
4243,2847,bank_transfer,2075
4244,2847,gift_card,2128
4245,2848,credit_card,1346
4246,2848,credit_card,1290
4247,2849,coupon,1535
4248,2849,coupon,686
4249,2850,gift_card,2403
4250,2851,credit_card,535
4251,2852,coupon,1938
4252,2852,credit_card,1010
4253,2853,coupon,2999
4254,2853,bank_transfer,218
4255,2854,coupon,2089
4256,2855,bank_transfer,903
4257,2855,credit_card,1321
4258,2856,bank_transfer,1100
4259,2857,credit_card,2490
4260,2858,gift_card,802
4261,2859,bank_transfer,1699
4262,2859,credit_card,1303
4263,2860,bank_transfer,1901
4264,2861,coupon,1130
4265,2862,gift_card,2195
4266,2863,credit_card,1869
4267,2863,coupon,614
4268,2864,credit_card,562
4269,2865,credit_card,2736
4270,2866,gift_card,330
4271,2866,credit_card,148
4272,2867,credit_card,1488
4273,2867,bank_transfer,2275
4274,2868,bank_transfer,414
4275,2868,credit_card,698
4276,2869,credit_card,2571
4277,2869,coupon,2675
4278,2870,bank_transfer,1202
4279,2870,credit_card,1339
4280,2871,credit_card,475
4281,2871,credit_card,1050
4282,2872,gift_card,100
4283,2873,coupon,1894
4284,2874,coupon,847
4285,2874,coupon,1412
4286,2875,credit_card,1352
4287,2875,credit_card,2923
4288,2876,bank_transfer,2197
4289,2876,bank_transfer,2846
4290,2877,credit_card,2571
4291,2878,bank_transfer,391
4292,2878,coupon,328
4293,2879,credit_card,1435
4294,2879,coupon,478
4295,2880,bank_transfer,1549
4296,2880,bank_transfer,2370
4297,2881,coupon,903
4298,2882,credit_card,522
4299,2882,credit_card,1902
4300,2883,credit_card,861
4301,2884,bank_transfer,844
4302,2885,gift_card,2127
4303,2886,credit_card,1223
4304,2886,coupon,2511
4305,2887,coupon,2059
4306,2888,coupon,2457
4307,2889,bank_transfer,2808
4308,2890,coupon,2663
4309,2890,coupon,1893
4310,2891,gift_card,147
4311,2892,bank_transfer,1506
4312,2893,credit_card,2928
4313,2894,credit_card,2103
4314,2894,gift_card,2155
4315,2895,bank_transfer,1552
4316,2895,gift_card,2198
4317,2896,coupon,2144
4318,2897,coupon,229
4319,2897,credit_card,767
4320,2898,gift_card,999
4321,2899,gift_card,757
4322,2900,gift_card,2888
4323,2901,coupon,1703
4324,2902,gift_card,2604
4325,2903,credit_card,2970
4326,2903,gift_card,511
4327,2904,bank_transfer,107
4328,2904,credit_card,2583
4329,2905,bank_transfer,299
4330,2905,gift_card,539
4331,2906,bank_transfer,2757
4332,2907,coupon,1782
4333,2907,credit_card,1576
4334,2908,credit_card,2547
4335,2908,coupon,2824
4336,2909,gift_card,2588
4337,2910,bank_transfer,970
4338,2910,coupon,2183
4339,2911,credit_card,2760
4340,2911,coupon,865
4341,2912,credit_card,207
4342,2913,credit_card,1750
4343,2914,credit_card,1235
4344,2915,credit_card,2908
4345,2915,gift_card,133
4346,2916,credit_card,351
4347,2916,bank_transfer,2597
4348,2917,credit_card,2224
4349,2917,credit_card,2132
4350,2918,credit_card,2107
4351,2918,bank_transfer,2412
4352,2919,coupon,760
4353,2919,gift_card,1469
4354,2920,coupon,101
4355,2920,gift_card,2558
4356,2921,gift_card,2211
4357,2921,credit_card,2107
4358,2922,bank_transfer,794
4359,2922,gift_card,646
4360,2923,coupon,2179
4361,2924,bank_transfer,1507
4362,2924,credit_card,1853
4363,2925,gift_card,2138
4364,2926,gift_card,531
4365,2927,gift_card,1547
4366,2928,coupon,457
4367,2928,credit_card,1880
4368,2929,credit_card,2413
4369,2930,bank_transfer,2899
4370,2930,bank_transfer,2175
4371,2931,credit_card,2164
4372,2931,gift_card,2482
4373,2932,credit_card,2111
4374,2932,credit_card,2941
4375,2933,bank_transfer,1501
4376,2934,bank_transfer,2213
4377,2935,bank_transfer,2672
4378,2935,gift_card,2415
4379,2936,bank_transfer,1130
4380,2937,credit_card,505
4381,2937,credit_card,2209
4382,2938,bank_transfer,952
4383,2938,gift_card,335
4384,2939,gift_card,677
4385,2940,gift_card,895
4386,2941,coupon,724
4387,2942,gift_card,708
4388,2943,coupon,189
4389,2944,credit_card,1184
4390,2945,coupon,306
4391,2945,gift_card,1059
4392,2946,coupon,1364
4393,2946,credit_card,2208
4394,2947,coupon,1185
4395,2947,coupon,2207
4396,2948,gift_card,2817
4397,2948,bank_transfer,2286
4398,2949,gift_card,1528
4399,2950,bank_transfer,2259
4400,2951,coupon,2570
4401,2951,gift_card,561
4402,2952,credit_card,2465
4403,2953,coupon,2786
4404,2953,gift_card,1453
4405,2954,coupon,2882
4406,2954,bank_transfer,2722
4407,2955,credit_card,1144
4408,2956,coupon,2182
4409,2956,bank_transfer,1519
4410,2957,coupon,2239
4411,2957,bank_transfer,2685
4412,2958,credit_card,1469
4413,2958,coupon,945
4414,2959,gift_card,1708
4415,2960,credit_card,2530
4416,2960,coupon,1359
4417,2961,gift_card,444
4418,2962,bank_transfer,1257
4419,2963,credit_card,624
4420,2963,gift_card,1390
4421,2964,bank_transfer,392
4422,2965,credit_card,2847
4423,2965,bank_transfer,2801
4424,2966,bank_transfer,843
4425,2967,gift_card,1475
4426,2967,gift_card,1331
4427,2968,bank_transfer,1480
4428,2968,gift_card,119
4429,2969,gift_card,1208
4430,2969,credit_card,954
4431,2970,gift_card,522
4432,2971,bank_transfer,2728
4433,2971,coupon,1502
4434,2972,bank_transfer,443
4435,2972,bank_transfer,185
4436,2973,credit_card,2743
4437,2974,credit_card,930
4438,2974,gift_card,2718
4439,2975,credit_card,2941
4440,2975,gift_card,1998
4441,2976,bank_transfer,1146
4442,2976,coupon,660
4443,2977,coupon,445
4444,2977,credit_card,1551
4445,2978,coupon,596
4446,2978,coupon,1534
4447,2979,coupon,634
4448,2980,credit_card,1600
4449,2981,bank_transfer,1099
4450,2982,coupon,937
4451,2983,gift_card,1472
4452,2984,credit_card,2145
4453,2985,gift_card,1429
4454,2986,coupon,1226
4455,2986,bank_transfer,2604
4456,2987,gift_card,2857
4457,2987,gift_card,2341
4458,2988,credit_card,2436
4459,2988,coupon,1545
4460,2989,gift_card,2215
4461,2989,gift_card,1026
4462,2990,coupon,2038
4463,2990,gift_card,2270
4464,2991,gift_card,693
4465,2991,gift_card,530
4466,2992,gift_card,2877
4467,2992,credit_card,349
4468,2993,gift_card,1272
4469,2993,gift_card,2410
4470,2994,bank_transfer,574
4471,2995,coupon,2973
4472,2996,gift_card,2174
4473,2997,credit_card,1932
4474,2998,coupon,388
4475,2998,gift_card,2715
4476,2999,gift_card,340
4477,2999,credit_card,1041
4478,3000,credit_card,2550
4479,3001,gift_card,837
4480,3001,bank_transfer,645
4481,3002,credit_card,993
4482,3003,gift_card,1106
4483,3003,coupon,637
4484,3004,gift_card,1080
4485,3004,credit_card,2733
4486,3005,bank_transfer,187
4487,3005,credit_card,2797
4488,3006,gift_card,2186
4489,3007,coupon,1647
4490,3007,bank_transfer,2071
4491,3008,coupon,866
4492,3009,credit_card,2522
4493,3009,coupon,1502
4494,3010,credit_card,762
4495,3010,coupon,2391
4496,3011,gift_card,190
4497,3011,credit_card,2995
4498,3012,gift_card,2533
4499,3012,credit_card,2122
4500,3013,bank_transfer,735
4501,3014,credit_card,2436
4502,3014,credit_card,1668
4503,3015,gift_card,2941
4504,3015,bank_transfer,960
4505,3016,credit_card,2372
4506,3017,gift_card,1609
4507,3017,bank_transfer,2268
4508,3018,bank_transfer,1859
4509,3018,bank_transfer,602
4510,3019,bank_transfer,461
4511,3019,bank_transfer,308
4512,3020,credit_card,2372
4513,3021,gift_card,2396
4514,3022,credit_card,2267
4515,3022,coupon,592
4516,3023,gift_card,812
4517,3024,credit_card,284
4518,3025,bank_transfer,647
4519,3025,credit_card,2139
4520,3026,credit_card,800
4521,3026,gift_card,2624
4522,3027,gift_card,987
4523,3028,gift_card,2952
4524,3029,coupon,2172
4525,3029,bank_transfer,546
4526,3030,bank_transfer,2854
4527,3030,credit_card,1035
4528,3031,bank_transfer,1869
4529,3032,credit_card,1812
4530,3032,credit_card,2486
4531,3033,credit_card,1924
4532,3034,bank_transfer,2953
4533,3034,credit_card,766
4534,3035,coupon,683
4535,3035,coupon,2611
4536,3036,coupon,1803
4537,3036,bank_transfer,1143
4538,3037,credit_card,2179
4539,3037,bank_transfer,1832
4540,3038,credit_card,604
4541,3038,bank_transfer,1578
4542,3039,gift_card,1949
4543,3039,credit_card,623
4544,3040,credit_card,210
4545,3040,gift_card,749
4546,3041,gift_card,1805
4547,3041,gift_card,1468
4548,3042,gift_card,2994
4549,3043,coupon,1359
4550,3043,bank_transfer,258
4551,3044,coupon,2666
4552,3045,bank_transfer,897
4553,3045,coupon,2553
4554,3046,credit_card,616
4555,3047,credit_card,2140
4556,3048,credit_card,2612
4557,3049,coupon,2066
4558,3050,coupon,1279
4559,3050,bank_transfer,1127
4560,3051,coupon,1826
4561,3052,credit_card,239
4562,3052,bank_transfer,2932
4563,3053,credit_card,1816
4564,3053,bank_transfer,911
4565,3054,coupon,668
4566,3054,bank_transfer,1859
4567,3055,bank_transfer,946
4568,3056,credit_card,2776
4569,3057,gift_card,1634
4570,3058,credit_card,273
4571,3059,coupon,2609
4572,3060,credit_card,2793
4573,3060,bank_transfer,927
4574,3061,gift_card,459
4575,3062,bank_transfer,1170
4576,3062,bank_transfer,2680
4577,3063,coupon,1289
4578,3064,bank_transfer,2475
4579,3064,coupon,363
4580,3065,bank_transfer,487
4581,3065,bank_transfer,1101
4582,3066,bank_transfer,2250
4583,3066,credit_card,1728
4584,3067,credit_card,1852
4585,3068,bank_transfer,2978
4586,3069,coupon,1997
4587,3070,coupon,828
4588,3070,gift_card,2956
4589,3071,coupon,1144
4590,3071,coupon,395
4591,3072,coupon,1781
4592,3073,coupon,823
4593,3073,coupon,407
4594,3074,coupon,1229
4595,3074,coupon,1985
4596,3075,gift_card,1706
4597,3076,credit_card,464
4598,3076,credit_card,1713
4599,3077,coupon,2185
4600,3077,gift_card,2058
4601,3078,coupon,2365
4602,3079,credit_card,1528
4603,3079,bank_transfer,2910
4604,3080,credit_card,2550
4605,3080,gift_card,1415
4606,3081,bank_transfer,2157
4607,3081,coupon,2182
4608,3082,coupon,1710
4609,3083,credit_card,2878
4610,3083,credit_card,2216
4611,3084,bank_transfer,2621
4612,3085,bank_transfer,1110
4613,3086,credit_card,529
4614,3086,coupon,2856
4615,3087,gift_card,2662
4616,3088,bank_transfer,553
4617,3089,gift_card,2907
4618,3089,coupon,1804
4619,3090,gift_card,1208
4620,3091,bank_transfer,585
4621,3092,bank_transfer,1428
4622,3093,bank_transfer,195
4623,3094,gift_card,2218
4624,3094,coupon,2071
4625,3095,credit_card,1874
4626,3096,bank_transfer,310
4627,3097,bank_transfer,1588
4628,3097,gift_card,1210
4629,3098,bank_transfer,1757
4630,3099,coupon,524
4631,3100,credit_card,2999
4632,3100,credit_card,2066
4633,3101,credit_card,2644
4634,3102,gift_card,1498
4635,3103,bank_transfer,497
4636,3103,credit_card,2645
4637,3104,gift_card,2399
4638,3104,credit_card,252
4639,3105,coupon,1844
4640,3106,credit_card,920
4641,3106,coupon,350
4642,3107,coupon,588
4643,3108,credit_card,500
4644,3109,credit_card,1485
4645,3109,bank_transfer,2452
4646,3110,bank_transfer,2089
4647,3110,credit_card,2662
4648,3111,coupon,1481
4649,3112,coupon,2769
4650,3113,gift_card,2368
4651,3114,coupon,1893
4652,3115,bank_transfer,1497
4653,3116,gift_card,2562
4654,3116,coupon,1968
4655,3117,bank_transfer,1845
4656,3117,gift_card,2900
4657,3118,bank_transfer,695
4658,3119,bank_transfer,2180
4659,3119,gift_card,888
4660,3120,credit_card,2149
4661,3121,coupon,2857
4662,3121,bank_transfer,1001
4663,3122,coupon,347
4664,3122,bank_transfer,1536
4665,3123,gift_card,1551
4666,3123,gift_card,2849
4667,3124,credit_card,500
4668,3124,gift_card,1411
4669,3125,credit_card,1449
4670,3126,bank_transfer,135
4671,3126,gift_card,2178
4672,3127,bank_transfer,849
4673,3127,credit_card,2489
4674,3128,gift_card,221
4675,3128,coupon,2657
4676,3129,gift_card,700
4677,3130,credit_card,388
4678,3130,gift_card,2415
4679,3131,credit_card,985
4680,3131,bank_transfer,2168
4681,3132,credit_card,1931
4682,3133,credit_card,1002
4683,3134,coupon,796
4684,3135,bank_transfer,975
4685,3135,bank_transfer,2206
4686,3136,coupon,1240
4687,3136,gift_card,2884
4688,3137,credit_card,148
4689,3137,coupon,961
4690,3138,gift_card,2282
4691,3139,gift_card,2342
4692,3140,gift_card,2588
4693,3140,coupon,1749
4694,3141,coupon,646
4695,3141,coupon,1795
4696,3142,gift_card,2677
4697,3142,bank_transfer,2623
4698,3143,credit_card,555
4699,3143,gift_card,1418
4700,3144,credit_card,1438
4701,3145,gift_card,1324
4702,3145,coupon,937
4703,3146,gift_card,1419
4704,3147,credit_card,2765
4705,3147,gift_card,694
4706,3148,gift_card,1260
4707,3149,bank_transfer,2925
4708,3150,gift_card,2333
4709,3150,gift_card,1717
4710,3151,gift_card,2104
4711,3151,coupon,2968
4712,3152,gift_card,2409
4713,3152,bank_transfer,1064
4714,3153,bank_transfer,208
4715,3153,coupon,2994
4716,3154,coupon,198
4717,3154,coupon,2001
4718,3155,gift_card,2803
4719,3155,credit_card,2051
4720,3156,bank_transfer,2373
4721,3156,gift_card,1535
4722,3157,bank_transfer,2911
4723,3157,bank_transfer,235
4724,3158,coupon,100
4725,3158,credit_card,1652
4726,3159,bank_transfer,1732
4727,3159,bank_transfer,2992
4728,3160,credit_card,1845
4729,3161,credit_card,2924
4730,3162,gift_card,2152
4731,3162,gift_card,1596
4732,3163,bank_transfer,1192
4733,3163,coupon,2939
4734,3164,gift_card,853
4735,3164,bank_transfer,2702
4736,3165,coupon,1422
4737,3165,bank_transfer,667
4738,3166,coupon,2252
4739,3166,coupon,2206
4740,3167,credit_card,571
4741,3167,credit_card,1012
4742,3168,bank_transfer,112
4743,3168,credit_card,1043
4744,3169,coupon,433
4745,3170,gift_card,1194
4746,3171,gift_card,137
4747,3172,gift_card,858
4748,3172,coupon,2977
4749,3173,bank_transfer,1920
4750,3174,gift_card,574
4751,3175,bank_transfer,2159
4752,3175,credit_card,127
4753,3176,gift_card,871
4754,3177,gift_card,1365
4755,3177,gift_card,903
4756,3178,credit_card,1059
4757,3178,bank_transfer,327
4758,3179,gift_card,1276
4759,3180,credit_card,2926
4760,3181,gift_card,617
4761,3181,gift_card,1832
4762,3182,gift_card,1708
4763,3183,credit_card,1860
4764,3184,credit_card,1880
4765,3185,gift_card,501
4766,3185,credit_card,2412
4767,3186,gift_card,2692
4768,3186,bank_transfer,2557
4769,3187,gift_card,581
4770,3188,gift_card,1109
4771,3189,gift_card,1061
4772,3190,bank_transfer,151
4773,3191,bank_transfer,1294
4774,3192,coupon,2545
4775,3193,credit_card,2119
4776,3194,coupon,1496
4777,3195,coupon,1126
4778,3196,gift_card,634
4779,3197,gift_card,2830
4780,3198,credit_card,1402
4781,3199,coupon,2167
4782,3200,credit_card,882
4783,3200,bank_transfer,685
4784,3201,credit_card,1909
4785,3201,gift_card,2093
4786,3202,coupon,2319
4787,3202,coupon,576
4788,3203,coupon,656
4789,3203,bank_transfer,134
4790,3204,coupon,863
4791,3204,credit_card,1769
4792,3205,bank_transfer,1878
4793,3205,bank_transfer,637
4794,3206,credit_card,2890
4795,3206,coupon,1056
4796,3207,gift_card,1008
4797,3207,credit_card,2627
4798,3208,bank_transfer,1460
4799,3209,bank_transfer,1803
4800,3210,bank_transfer,1198
4801,3211,credit_card,2880
4802,3212,bank_transfer,1269
4803,3213,bank_transfer,603
4804,3213,gift_card,1529
4805,3214,credit_card,646
4806,3215,coupon,1257
4807,3215,coupon,2637
4808,3216,gift_card,944
4809,3217,credit_card,1528
4810,3217,credit_card,557
4811,3218,credit_card,2258
4812,3219,credit_card,2568
4813,3220,gift_card,827
4814,3220,credit_card,641
4815,3221,bank_transfer,2788
4816,3222,credit_card,854
4817,3222,gift_card,304
4818,3223,bank_transfer,305
4819,3224,credit_card,2598
4820,3224,gift_card,363
4821,3225,coupon,2401
4822,3226,bank_transfer,567
4823,3227,bank_transfer,2872
4824,3227,coupon,884
4825,3228,credit_card,355
4826,3228,credit_card,757
4827,3229,coupon,2093
4828,3230,gift_card,2410
4829,3230,coupon,1205
4830,3231,coupon,2165
4831,3231,coupon,2168
4832,3232,bank_transfer,890
4833,3233,gift_card,1088
4834,3233,coupon,820
4835,3234,credit_card,1230
4836,3235,bank_transfer,620
4837,3235,gift_card,2253
4838,3236,coupon,2785
4839,3236,credit_card,299
4840,3237,credit_card,658
4841,3238,credit_card,436
4842,3238,coupon,2462
4843,3239,gift_card,1236
4844,3239,coupon,457
4845,3240,gift_card,910
4846,3241,bank_transfer,1361
4847,3241,credit_card,790
4848,3242,credit_card,2972
4849,3243,bank_transfer,1384
4850,3243,coupon,1561
4851,3244,credit_card,1314
4852,3245,bank_transfer,2692
4853,3245,bank_transfer,1365
4854,3246,gift_card,1341
4855,3246,bank_transfer,2732
4856,3247,credit_card,2657
4857,3247,bank_transfer,2281
4858,3248,coupon,2184
4859,3248,bank_transfer,360
4860,3249,coupon,2443
4861,3249,gift_card,2725
4862,3250,coupon,1881
4863,3251,coupon,2113
4864,3251,credit_card,1783
4865,3252,bank_transfer,1021
4866,3253,bank_transfer,1543
4867,3254,bank_transfer,1078
4868,3254,credit_card,845
4869,3255,bank_transfer,981
4870,3256,credit_card,2981
4871,3257,coupon,1813
4872,3258,credit_card,1528
4873,3259,coupon,1544
4874,3259,credit_card,820
4875,3260,gift_card,1308
4876,3260,coupon,137
4877,3261,gift_card,845
4878,3262,bank_transfer,540
4879,3262,bank_transfer,2263
4880,3263,bank_transfer,2691
4881,3263,bank_transfer,2242
4882,3264,coupon,2594
4883,3264,gift_card,996
4884,3265,gift_card,1965
4885,3265,credit_card,951
4886,3266,gift_card,686
4887,3267,bank_transfer,2515
4888,3268,credit_card,2797
4889,3268,bank_transfer,2076
4890,3269,bank_transfer,991
4891,3269,bank_transfer,813
4892,3270,coupon,1340
4893,3270,bank_transfer,1005
4894,3271,coupon,2266
4895,3271,credit_card,867
4896,3272,credit_card,1948
4897,3273,coupon,2870
4898,3273,gift_card,2552
4899,3274,bank_transfer,1640
4900,3274,credit_card,355
4901,3275,gift_card,2787
4902,3275,bank_transfer,1901
4903,3276,gift_card,369
4904,3276,bank_transfer,1314
4905,3277,credit_card,334
4906,3277,credit_card,2974
4907,3278,bank_transfer,735
4908,3278,coupon,2134
4909,3279,coupon,2307
4910,3279,credit_card,2086
4911,3280,coupon,2400
4912,3281,gift_card,441
4913,3281,gift_card,2636
4914,3282,credit_card,169
4915,3283,bank_transfer,2928
4916,3284,bank_transfer,1339
4917,3285,gift_card,2725
4918,3286,gift_card,2161
4919,3287,bank_transfer,547
4920,3288,bank_transfer,355
4921,3288,bank_transfer,1489
4922,3289,gift_card,1535
4923,3289,bank_transfer,1778
4924,3290,bank_transfer,852
4925,3290,credit_card,2893
4926,3291,coupon,1318
4927,3292,credit_card,1299
4928,3293,coupon,2651
4929,3294,credit_card,2762
4930,3294,credit_card,966
4931,3295,coupon,920
4932,3296,gift_card,2190
4933,3296,bank_transfer,1642
4934,3297,credit_card,802
4935,3297,gift_card,2555
4936,3298,bank_transfer,159
4937,3299,credit_card,2996
4938,3299,coupon,410
4939,3300,credit_card,680
4940,3301,bank_transfer,677
4941,3302,gift_card,1222
4942,3302,bank_transfer,720
4943,3303,coupon,1970
4944,3303,credit_card,1629
4945,3304,bank_transfer,2375
4946,3304,coupon,2958
4947,3305,gift_card,831
4948,3305,gift_card,2684
4949,3306,gift_card,1331
4950,3307,credit_card,1344
4951,3308,coupon,2942
4952,3308,coupon,2465
4953,3309,coupon,1861
4954,3309,bank_transfer,1480
4955,3310,bank_transfer,693
4956,3311,coupon,256
4957,3312,credit_card,376
4958,3313,coupon,2666
4959,3313,bank_transfer,1105
4960,3314,gift_card,862
4961,3314,bank_transfer,161
4962,3315,gift_card,1989
4963,3316,bank_transfer,1049
4964,3316,coupon,708
4965,3317,coupon,1825
4966,3317,bank_transfer,1806
4967,3318,bank_transfer,171
4968,3319,gift_card,223
4969,3319,credit_card,1452
4970,3320,coupon,884
4971,3320,credit_card,2894
4972,3321,bank_transfer,1721
4973,3322,credit_card,480
4974,3323,credit_card,618
4975,3323,bank_transfer,2348
4976,3324,gift_card,1113
4977,3325,bank_transfer,396
4978,3326,bank_transfer,2818
4979,3327,bank_transfer,2235
4980,3327,credit_card,1200
4981,3328,credit_card,2371
4982,3328,coupon,2774
4983,3329,gift_card,787
4984,3329,credit_card,1873
4985,3330,bank_transfer,616
4986,3331,coupon,2868
4987,3332,gift_card,883
4988,3333,coupon,2495
4989,3333,credit_card,1172
4990,3334,bank_transfer,1550
4991,3335,coupon,2131
4992,3336,bank_transfer,2251
4993,3336,coupon,2860
4994,3337,coupon,1844
4995,3338,credit_card,573
4996,3338,gift_card,2239
4997,3339,gift_card,1344
4998,3339,coupon,244
4999,3340,coupon,2934
5000,3340,bank_transfer,1467
5001,3341,credit_card,2160
5002,3342,credit_card,859
5003,3342,coupon,1866
5004,3343,gift_card,2217
5005,3343,gift_card,2739
5006,3344,coupon,2580
5007,3345,bank_transfer,2483
5008,3345,bank_transfer,2142
5009,3346,bank_transfer,727
5010,3347,credit_card,2953
5011,3348,credit_card,1267
5012,3348,bank_transfer,1456
5013,3349,gift_card,261
5014,3350,coupon,128
5015,3351,coupon,472
5016,3351,bank_transfer,222
5017,3352,bank_transfer,1223
5018,3353,gift_card,1664
5019,3354,coupon,1242
5020,3354,gift_card,719
5021,3355,gift_card,1283
5022,3355,credit_card,648
5023,3356,bank_transfer,2774
5024,3356,gift_card,121
5025,3357,credit_card,1939
5026,3357,coupon,2491
5027,3358,bank_transfer,2559
5028,3358,gift_card,2486
5029,3359,credit_card,2224
5030,3359,credit_card,422
5031,3360,gift_card,781
5032,3360,coupon,2258
5033,3361,bank_transfer,1947
5034,3362,coupon,1393
5035,3363,gift_card,1508
5036,3363,gift_card,2763
5037,3364,coupon,2016
5038,3365,credit_card,561
5039,3365,bank_transfer,1376
5040,3366,gift_card,1956
5041,3367,gift_card,456
5042,3368,bank_transfer,2277
5043,3368,bank_transfer,2077
5044,3369,bank_transfer,1383
5045,3370,credit_card,386
5046,3371,credit_card,335
5047,3371,bank_transfer,714
5048,3372,credit_card,1264
5049,3372,credit_card,2422
5050,3373,credit_card,1793
5051,3374,gift_card,2350
5052,3374,coupon,968
5053,3375,coupon,315
5054,3376,gift_card,806
5055,3376,bank_transfer,652
5056,3377,bank_transfer,316
5057,3378,gift_card,1306
5058,3379,bank_transfer,1208
5059,3380,bank_transfer,1230
5060,3381,bank_transfer,152
5061,3382,coupon,1822
5062,3383,credit_card,1673
5063,3384,gift_card,906
5064,3385,credit_card,1695
5065,3386,coupon,2659
5066,3386,gift_card,523
5067,3387,gift_card,628
5068,3388,coupon,2856
5069,3389,credit_card,1978
5070,3389,coupon,1230
5071,3390,coupon,2264
5072,3390,gift_card,1954
5073,3391,bank_transfer,1409
5074,3392,coupon,1027
5075,3392,credit_card,571
5076,3393,gift_card,1208
5077,3394,credit_card,2279
5078,3395,coupon,2767
5079,3395,bank_transfer,2755
5080,3396,credit_card,2202
5081,3397,bank_transfer,2771
5082,3398,credit_card,2849
5083,3398,gift_card,516
5084,3399,credit_card,2822
5085,3400,gift_card,360
5086,3400,bank_transfer,1872
5087,3401,coupon,2859
5088,3402,bank_transfer,880
5089,3402,credit_card,2795
5090,3403,credit_card,870
5091,3404,coupon,1899
5092,3405,bank_transfer,1247
5093,3406,coupon,583
5094,3407,coupon,2060
5095,3408,bank_transfer,2855
5096,3408,coupon,2212
5097,3409,gift_card,2473
5098,3410,credit_card,466
5099,3411,credit_card,813
5100,3411,bank_transfer,453
5101,3412,gift_card,1559
5102,3413,gift_card,633
5103,3414,credit_card,426
5104,3415,bank_transfer,855
5105,3416,bank_transfer,441
5106,3416,credit_card,2107
5107,3417,coupon,1676
5108,3418,credit_card,2533
5109,3419,gift_card,2106
5110,3420,bank_transfer,2545
5111,3420,gift_card,1538
5112,3421,gift_card,1343
5113,3421,gift_card,782
5114,3422,credit_card,2608
5115,3423,credit_card,212
5116,3423,bank_transfer,2853
5117,3424,coupon,1160
5118,3424,credit_card,2467
5119,3425,coupon,1458
5120,3425,gift_card,1988
5121,3426,credit_card,2986
5122,3426,bank_transfer,1563
5123,3427,coupon,2208
5124,3428,bank_transfer,579
5125,3429,credit_card,497
5126,3430,gift_card,1299
5127,3430,bank_transfer,382
5128,3431,gift_card,750
5129,3432,gift_card,1616
5130,3432,bank_transfer,1649
5131,3433,coupon,1346
5132,3434,credit_card,917
5133,3434,gift_card,2464
5134,3435,coupon,155
5135,3435,gift_card,1574
5136,3436,coupon,2370
5137,3436,credit_card,2565
5138,3437,coupon,2367
5139,3438,bank_transfer,2642
5140,3438,gift_card,2246
5141,3439,credit_card,2339
5142,3440,credit_card,524
5143,3440,coupon,1325
5144,3441,credit_card,1686
5145,3441,gift_card,537
5146,3442,bank_transfer,2817
5147,3443,bank_transfer,383
5148,3443,credit_card,1957
5149,3444,credit_card,1805
5150,3444,bank_transfer,1752
5151,3445,credit_card,533
5152,3446,coupon,2305
5153,3447,gift_card,2284
5154,3448,credit_card,1220
5155,3449,bank_transfer,2316
5156,3450,coupon,2757
5157,3450,coupon,1682
5158,3451,gift_card,1867
5159,3452,bank_transfer,667
5160,3452,coupon,2783
5161,3453,bank_transfer,2307
5162,3454,credit_card,1450
5163,3454,gift_card,181
5164,3455,gift_card,969
5165,3456,credit_card,841
5166,3457,gift_card,2721
5167,3458,bank_transfer,2075
5168,3458,coupon,299
5169,3459,gift_card,1104
5170,3460,credit_card,1753
5171,3461,coupon,2418
5172,3462,credit_card,1109
5173,3462,credit_card,664
5174,3463,gift_card,1426
5175,3463,bank_transfer,2187
5176,3464,coupon,2960
5177,3464,gift_card,684
5178,3465,bank_transfer,1281
5179,3465,credit_card,642
5180,3466,credit_card,247
5181,3466,coupon,1252
5182,3467,credit_card,2930
5183,3468,coupon,1041
5184,3469,bank_transfer,1652
5185,3469,gift_card,2812
5186,3470,bank_transfer,1863
5187,3470,gift_card,170
5188,3471,coupon,1645
5189,3472,coupon,1073
5190,3473,bank_transfer,1355
5191,3473,coupon,1327
5192,3474,bank_transfer,804
5193,3474,coupon,1751
5194,3475,coupon,132
5195,3475,bank_transfer,2279
5196,3476,gift_card,1781
5197,3476,bank_transfer,2856
5198,3477,coupon,2609
5199,3478,gift_card,2101
5200,3479,coupon,2659
5201,3480,bank_transfer,155
5202,3481,credit_card,1213
5203,3481,bank_transfer,2631
5204,3482,bank_transfer,1359
5205,3483,credit_card,2006
5206,3483,credit_card,2389
5207,3484,bank_transfer,2621
5208,3485,bank_transfer,2375
5209,3486,gift_card,2206
5210,3486,coupon,1915
5211,3487,coupon,2017
5212,3487,credit_card,989
5213,3488,coupon,2876
5214,3488,gift_card,2132
5215,3489,credit_card,2375
5216,3490,credit_card,1290
5217,3491,bank_transfer,522
5218,3491,gift_card,367
5219,3492,bank_transfer,534
5220,3492,gift_card,598
5221,3493,bank_transfer,2496
5222,3493,bank_transfer,2443
5223,3494,coupon,1161
5224,3494,coupon,2147
5225,3495,bank_transfer,1135
5226,3495,bank_transfer,2757
5227,3496,bank_transfer,805
5228,3496,bank_transfer,1239
5229,3497,credit_card,1090
5230,3498,coupon,417
5231,3499,bank_transfer,1045
5232,3499,gift_card,2073
5233,3500,coupon,2291
5234,3500,bank_transfer,1638
5235,3501,coupon,551
5236,3501,credit_card,483
5237,3502,coupon,682
5238,3502,credit_card,231
5239,3503,coupon,1310
5240,3503,coupon,2792
5241,3504,gift_card,866
5242,3505,coupon,1201
5243,3505,bank_transfer,2308
5244,3506,coupon,1495
5245,3507,gift_card,2226
5246,3508,gift_card,2909
5247,3508,credit_card,1822
5248,3509,coupon,2867
5249,3509,credit_card,1360
5250,3510,credit_card,1941
5251,3510,coupon,181
5252,3511,credit_card,2969
5253,3511,gift_card,547
5254,3512,gift_card,463
5255,3513,coupon,455
5256,3513,credit_card,758
5257,3514,credit_card,819
5258,3515,gift_card,1660
5259,3515,credit_card,1896
5260,3516,gift_card,656
5261,3516,credit_card,2499
5262,3517,coupon,2304
5263,3517,bank_transfer,1754
5264,3518,gift_card,1578
5265,3519,bank_transfer,1696
5266,3519,gift_card,2777
5267,3520,credit_card,488
5268,3521,bank_transfer,1650
5269,3522,credit_card,897
5270,3523,gift_card,1086
5271,3524,credit_card,1158
5272,3524,coupon,865
5273,3525,gift_card,867
5274,3525,bank_transfer,2071
5275,3526,coupon,1449
5276,3526,gift_card,2172
5277,3527,credit_card,1409
5278,3527,coupon,2086
5279,3528,bank_transfer,1256
5280,3528,credit_card,2049
5281,3529,bank_transfer,1431
5282,3530,credit_card,2979
5283,3530,coupon,1187
5284,3531,credit_card,487
5285,3532,bank_transfer,530
5286,3533,coupon,2895
5287,3534,coupon,165
5288,3534,gift_card,1608
5289,3535,bank_transfer,1372
5290,3536,bank_transfer,851
5291,3536,credit_card,1517
5292,3537,coupon,2981
5293,3537,coupon,2892
5294,3538,bank_transfer,2501
5295,3539,credit_card,194
5296,3540,credit_card,454
5297,3540,coupon,2992
5298,3541,gift_card,1790
5299,3542,gift_card,1113
5300,3543,credit_card,916
5301,3544,gift_card,148
5302,3544,credit_card,1876
5303,3545,bank_transfer,2680
5304,3546,coupon,815
5305,3546,bank_transfer,126
5306,3547,bank_transfer,2943
5307,3548,gift_card,1938
5308,3549,coupon,1561
5309,3549,coupon,1806
5310,3550,gift_card,159
5311,3551,bank_transfer,1060
5312,3552,bank_transfer,2175
5313,3553,gift_card,2564
5314,3554,coupon,958
5315,3555,coupon,2961
5316,3555,gift_card,1737
5317,3556,gift_card,845
5318,3557,coupon,803
5319,3557,bank_transfer,2779
5320,3558,credit_card,1106
5321,3559,bank_transfer,1524
5322,3559,gift_card,2857
5323,3560,credit_card,391
5324,3561,gift_card,377
5325,3561,bank_transfer,236
5326,3562,coupon,1873
5327,3562,coupon,2802
5328,3563,bank_transfer,2459
5329,3564,coupon,1313
5330,3565,coupon,2262
5331,3566,credit_card,1137
5332,3567,gift_card,2527
5333,3567,credit_card,3000
5334,3568,coupon,1695
5335,3568,credit_card,2169
5336,3569,credit_card,2165
5337,3569,bank_transfer,2300
5338,3570,bank_transfer,2799
5339,3571,coupon,754
5340,3572,coupon,1215
5341,3573,coupon,1632
5342,3573,gift_card,1070
5343,3574,gift_card,1865
5344,3575,coupon,2014
5345,3575,credit_card,2811
5346,3576,credit_card,1482
5347,3577,credit_card,324
5348,3578,coupon,2937
5349,3579,gift_card,2366
5350,3579,bank_transfer,1681
5351,3580,bank_transfer,1607
5352,3581,credit_card,1708
5353,3582,coupon,431
5354,3582,bank_transfer,3000
5355,3583,credit_card,1220
5356,3583,credit_card,816
5357,3584,bank_transfer,2404
5358,3584,bank_transfer,1879
5359,3585,gift_card,644
5360,3585,gift_card,1474
5361,3586,credit_card,2773
5362,3586,credit_card,2099
5363,3587,bank_transfer,2585
5364,3587,coupon,2943
5365,3588,coupon,2320
5366,3589,credit_card,1514
5367,3589,coupon,1570
5368,3590,gift_card,575
5369,3590,gift_card,2655
5370,3591,coupon,463
5371,3592,bank_transfer,171
5372,3592,bank_transfer,2607
5373,3593,gift_card,2834
5374,3594,coupon,1294
5375,3595,credit_card,1491
5376,3595,credit_card,113
5377,3596,credit_card,351
5378,3596,gift_card,1783
5379,3597,gift_card,869
5380,3597,bank_transfer,271
5381,3598,coupon,2202
5382,3599,coupon,2726
5383,3599,credit_card,723
5384,3600,coupon,119
5385,3601,gift_card,349
5386,3602,credit_card,1281
5387,3602,bank_transfer,652
5388,3603,credit_card,2612
5389,3603,credit_card,1096
5390,3604,bank_transfer,521
5391,3604,coupon,1060
5392,3605,gift_card,1735
5393,3606,coupon,470
5394,3606,coupon,2631
5395,3607,credit_card,1752
5396,3607,bank_transfer,219
5397,3608,coupon,2883
5398,3608,credit_card,272
5399,3609,gift_card,842
5400,3609,credit_card,2797
5401,3610,credit_card,1249
5402,3610,bank_transfer,1662
5403,3611,coupon,143
5404,3611,coupon,1692
5405,3612,bank_transfer,1497
5406,3613,gift_card,925
5407,3613,coupon,2327
5408,3614,credit_card,1614
5409,3614,credit_card,1006
5410,3615,bank_transfer,280
5411,3616,bank_transfer,2398
5412,3617,gift_card,1914
5413,3618,credit_card,2069
5414,3618,bank_transfer,1643
5415,3619,credit_card,1186
5416,3620,credit_card,2554
5417,3621,credit_card,478
5418,3621,credit_card,1246
5419,3622,credit_card,2912
5420,3623,coupon,2872
5421,3624,gift_card,2685
5422,3625,bank_transfer,875
5423,3625,credit_card,2218
5424,3626,coupon,2451
5425,3627,coupon,2317
5426,3628,credit_card,1168
5427,3629,credit_card,1041
5428,3630,credit_card,1627
5429,3631,credit_card,348
5430,3632,credit_card,1324
5431,3632,bank_transfer,1524
5432,3633,credit_card,1975
5433,3633,bank_transfer,2752
5434,3634,gift_card,475
5435,3634,gift_card,2123
5436,3635,credit_card,2023
5437,3635,bank_transfer,1875
5438,3636,credit_card,902
5439,3637,coupon,668
5440,3638,bank_transfer,585
5441,3639,bank_transfer,304
5442,3640,coupon,1579
5443,3641,bank_transfer,1190
5444,3641,gift_card,1202
5445,3642,coupon,1170
5446,3642,bank_transfer,1364
5447,3643,gift_card,1345
5448,3644,gift_card,2384
5449,3645,bank_transfer,1027
5450,3645,credit_card,1967
5451,3646,credit_card,1647
5452,3647,bank_transfer,3000
5453,3647,bank_transfer,1218
5454,3648,coupon,444
5455,3648,bank_transfer,1788
5456,3649,bank_transfer,421
5457,3649,bank_transfer,1956
5458,3650,gift_card,987
5459,3650,coupon,1989
5460,3651,credit_card,966
5461,3652,bank_transfer,427
5462,3652,gift_card,1225
5463,3653,coupon,730
5464,3653,bank_transfer,863
5465,3654,credit_card,473
5466,3655,credit_card,492
5467,3656,coupon,1481
5468,3656,gift_card,352
5469,3657,gift_card,2553
5470,3657,credit_card,1992
5471,3658,bank_transfer,1426
5472,3659,credit_card,1725
5473,3660,coupon,2870
5474,3660,gift_card,1553
5475,3661,coupon,1074
5476,3662,credit_card,1584
5477,3662,credit_card,1741
5478,3663,coupon,961
5479,3664,bank_transfer,2512
5480,3665,bank_transfer,1810
5481,3665,coupon,1489
5482,3666,coupon,332
5483,3666,bank_transfer,1306
5484,3667,credit_card,266
5485,3668,credit_card,1130
5486,3669,coupon,987
5487,3669,coupon,2507
5488,3670,gift_card,2244
5489,3671,gift_card,534
5490,3671,gift_card,2400
5491,3672,bank_transfer,454
5492,3672,coupon,815
5493,3673,bank_transfer,709
5494,3673,credit_card,124
5495,3674,gift_card,2227
5496,3674,gift_card,137
5497,3675,credit_card,864
5498,3676,bank_transfer,1704
5499,3677,credit_card,1367
5500,3678,bank_transfer,1817
5501,3679,gift_card,1100
5502,3679,credit_card,1197
5503,3680,credit_card,2923
5504,3681,bank_transfer,2626
5505,3681,bank_transfer,2273
5506,3682,bank_transfer,1480
5507,3683,bank_transfer,1399
5508,3683,coupon,389
5509,3684,bank_transfer,1207
5510,3684,bank_transfer,470
5511,3685,credit_card,2698
5512,3686,gift_card,111
5513,3686,credit_card,852
5514,3687,bank_transfer,577
5515,3688,gift_card,1201
5516,3688,coupon,1616
5517,3689,gift_card,1203
5518,3690,credit_card,772
5519,3690,coupon,2412
5520,3691,credit_card,1304
5521,3692,gift_card,786
5522,3693,coupon,241
5523,3693,gift_card,1610
5524,3694,gift_card,371
5525,3694,credit_card,937
5526,3695,bank_transfer,1373
5527,3696,coupon,2841
5528,3697,gift_card,181
5529,3698,bank_transfer,1949
5530,3698,gift_card,2008
5531,3699,gift_card,1453
5532,3699,credit_card,2730
5533,3700,gift_card,1631
5534,3701,gift_card,114
5535,3701,gift_card,462
5536,3702,credit_card,384
5537,3702,bank_transfer,2006
5538,3703,coupon,1951
5539,3704,coupon,2693
5540,3704,credit_card,1296
5541,3705,coupon,2007
5542,3705,credit_card,905
5543,3706,gift_card,2002
5544,3706,gift_card,125
5545,3707,credit_card,2343
5546,3707,credit_card,473
5547,3708,bank_transfer,1990
5548,3709,gift_card,1538
5549,3710,gift_card,1393
5550,3710,coupon,1826
5551,3711,gift_card,2571
5552,3711,gift_card,435
5553,3712,bank_transfer,541
5554,3712,coupon,2997
5555,3713,coupon,2099
5556,3713,coupon,247
5557,3714,gift_card,1826
5558,3714,credit_card,1035
5559,3715,credit_card,2776
5560,3715,coupon,2026
5561,3716,gift_card,2838
5562,3717,bank_transfer,2871
5563,3717,credit_card,2131
5564,3718,gift_card,1343
5565,3719,credit_card,2901
5566,3719,gift_card,1523
5567,3720,gift_card,320
5568,3721,credit_card,2567
5569,3721,gift_card,977
5570,3722,gift_card,2334
5571,3722,bank_transfer,1644
5572,3723,credit_card,870
5573,3724,coupon,1627
5574,3724,gift_card,864
5575,3725,gift_card,1948
5576,3725,bank_transfer,233
5577,3726,coupon,2652
5578,3727,bank_transfer,328
5579,3727,credit_card,2661
5580,3728,bank_transfer,1349
5581,3728,coupon,216
5582,3729,gift_card,2756
5583,3729,gift_card,2381
5584,3730,credit_card,2394
5585,3731,credit_card,613
5586,3731,gift_card,338
5587,3732,coupon,2386
5588,3733,gift_card,1469
5589,3733,bank_transfer,178
5590,3734,gift_card,2011
5591,3735,gift_card,950
5592,3736,credit_card,1826
5593,3737,gift_card,1204
5594,3737,coupon,1658
5595,3738,coupon,2366
5596,3739,gift_card,498
5597,3739,coupon,899
5598,3740,gift_card,1343
5599,3741,gift_card,2409
5600,3742,bank_transfer,2783
5601,3743,coupon,1821
5602,3744,gift_card,166
5603,3745,gift_card,2818
5604,3745,credit_card,1002
5605,3746,bank_transfer,2660
5606,3747,gift_card,2740
5607,3748,credit_card,2768
5608,3749,coupon,2353
5609,3750,credit_card,1607
5610,3751,bank_transfer,1988
5611,3751,credit_card,2460
5612,3752,bank_transfer,1266
5613,3753,bank_transfer,1969
5614,3754,bank_transfer,1520
5615,3754,coupon,1060
5616,3755,coupon,1707
5617,3755,gift_card,1988
5618,3756,gift_card,275
5619,3757,bank_transfer,2338
5620,3758,gift_card,2571
5621,3758,coupon,1540
5622,3759,bank_transfer,2768
5623,3759,bank_transfer,2537
5624,3760,gift_card,1625
5625,3761,gift_card,2758
5626,3761,coupon,1389
5627,3762,bank_transfer,1046
5628,3762,coupon,1106
5629,3763,gift_card,2912
5630,3763,coupon,2331
5631,3764,coupon,2824
5632,3765,bank_transfer,938
5633,3765,credit_card,446
5634,3766,gift_card,2882
5635,3766,bank_transfer,1942
5636,3767,credit_card,839
5637,3767,bank_transfer,2038
5638,3768,credit_card,1390
5639,3768,credit_card,2412
5640,3769,coupon,2078
5641,3769,credit_card,320
5642,3770,gift_card,2830
5643,3771,gift_card,2006
5644,3772,bank_transfer,365
5645,3772,gift_card,1321
5646,3773,coupon,1379
5647,3773,credit_card,1382
5648,3774,gift_card,2926
5649,3775,bank_transfer,1447
5650,3776,bank_transfer,361
5651,3777,gift_card,1736
5652,3778,coupon,162
5653,3778,coupon,660
5654,3779,coupon,1819
5655,3779,credit_card,2645
5656,3780,gift_card,2349
5657,3780,coupon,1251
5658,3781,gift_card,211
5659,3781,credit_card,491
5660,3782,gift_card,2649
5661,3783,credit_card,376
5662,3783,gift_card,1347
5663,3784,bank_transfer,707
5664,3785,gift_card,215
5665,3785,coupon,2711
5666,3786,credit_card,1621
5667,3787,gift_card,1511
5668,3788,coupon,2773
5669,3788,credit_card,828
5670,3789,bank_transfer,2166
5671,3790,credit_card,2466
5672,3790,coupon,2589
5673,3791,coupon,1230
5674,3792,bank_transfer,1886
5675,3793,credit_card,1140
5676,3794,gift_card,227
5677,3795,gift_card,577
5678,3795,credit_card,358
5679,3796,credit_card,1635
5680,3796,gift_card,924
5681,3797,bank_transfer,1698
5682,3798,coupon,280
5683,3799,bank_transfer,1366
5684,3800,gift_card,2951
5685,3800,bank_transfer,969
5686,3801,coupon,290
5687,3802,coupon,2242
5688,3803,bank_transfer,134
5689,3803,gift_card,2259
5690,3804,credit_card,2277
5691,3804,coupon,458
5692,3805,credit_card,1877
5693,3805,credit_card,315
5694,3806,gift_card,2042
5695,3806,gift_card,1940
5696,3807,coupon,2273
5697,3808,credit_card,556
5698,3809,bank_transfer,2609
5699,3810,bank_transfer,1975
5700,3810,coupon,1859
5701,3811,credit_card,278
5702,3811,coupon,2059
5703,3812,coupon,941
5704,3812,coupon,1429
5705,3813,bank_transfer,626
5706,3813,credit_card,1966
5707,3814,credit_card,2371
5708,3815,coupon,1348
5709,3816,bank_transfer,2900
5710,3816,gift_card,1462
5711,3817,gift_card,739
5712,3818,gift_card,2157
5713,3818,bank_transfer,867
5714,3819,credit_card,815
5715,3820,coupon,2506
5716,3820,gift_card,2926
5717,3821,gift_card,1657
5718,3822,coupon,487
5719,3823,coupon,2073
5720,3824,coupon,1305
5721,3825,coupon,648
5722,3825,bank_transfer,2567
5723,3826,coupon,2767
5724,3827,coupon,1043
5725,3828,coupon,2700
5726,3828,coupon,2453
5727,3829,coupon,2069
5728,3829,coupon,230
5729,3830,bank_transfer,2096
5730,3831,gift_card,1650
5731,3831,bank_transfer,2174
5732,3832,credit_card,2832
5733,3832,credit_card,2997
5734,3833,credit_card,2896
5735,3834,gift_card,2706
5736,3835,credit_card,1042
5737,3835,bank_transfer,938
5738,3836,bank_transfer,2186
5739,3837,credit_card,2084
5740,3838,gift_card,2067
5741,3838,bank_transfer,878
5742,3839,bank_transfer,293
5743,3839,coupon,2397
5744,3840,gift_card,2266
5745,3840,gift_card,2940
5746,3841,credit_card,689
5747,3841,coupon,676
5748,3842,coupon,499
5749,3843,bank_transfer,355
5750,3843,bank_transfer,1322
5751,3844,credit_card,2599
5752,3845,gift_card,1070
5753,3846,bank_transfer,1367
5754,3847,credit_card,1393
5755,3848,credit_card,698
5756,3848,coupon,1318
5757,3849,credit_card,653
5758,3849,coupon,819
5759,3850,coupon,725
5760,3850,bank_transfer,360
5761,3851,gift_card,2217
5762,3851,coupon,2481
5763,3852,bank_transfer,2646
5764,3852,gift_card,1244
5765,3853,credit_card,2545
5766,3854,gift_card,905
5767,3854,credit_card,2513
5768,3855,credit_card,2629
5769,3856,bank_transfer,1317
5770,3856,gift_card,910
5771,3857,bank_transfer,1677
5772,3858,gift_card,2759
5773,3859,bank_transfer,1787
5774,3860,bank_transfer,2031
5775,3860,bank_transfer,2859
5776,3861,coupon,1399
5777,3862,gift_card,573
5778,3862,gift_card,2355
5779,3863,bank_transfer,2205
5780,3863,bank_transfer,2473
5781,3864,bank_transfer,1510
5782,3864,bank_transfer,439
5783,3865,gift_card,1940
5784,3866,credit_card,205
5785,3866,credit_card,2916
5786,3867,gift_card,1315
5787,3868,coupon,258
5788,3869,coupon,1158
5789,3870,credit_card,1553
5790,3871,gift_card,1222
5791,3871,bank_transfer,400
5792,3872,credit_card,529
5793,3872,bank_transfer,753
5794,3873,coupon,2724
5795,3874,coupon,2028
5796,3875,credit_card,1410
5797,3876,bank_transfer,323
5798,3876,credit_card,2994
5799,3877,coupon,1779
5800,3878,bank_transfer,2416
5801,3878,credit_card,752
5802,3879,coupon,1276
5803,3880,credit_card,2003
5804,3880,credit_card,1609
5805,3881,coupon,2938
5806,3882,coupon,351
5807,3882,coupon,197
5808,3883,credit_card,618
5809,3883,gift_card,2393
5810,3884,gift_card,2345
5811,3884,bank_transfer,1088
5812,3885,credit_card,2028
5813,3886,coupon,2359
5814,3887,gift_card,517
5815,3888,credit_card,1805
5816,3888,gift_card,2645
5817,3889,gift_card,2917
5818,3889,gift_card,2897
5819,3890,gift_card,2371
5820,3890,coupon,1839
5821,3891,credit_card,2682
5822,3892,gift_card,151
5823,3892,credit_card,2174
5824,3893,gift_card,1030
5825,3893,coupon,2617
5826,3894,coupon,1245
5827,3895,gift_card,849
5828,3896,credit_card,2274
5829,3897,gift_card,171
5830,3897,credit_card,1135
5831,3898,credit_card,631
5832,3898,coupon,1589
5833,3899,credit_card,131
5834,3899,credit_card,2610
5835,3900,coupon,401
5836,3900,bank_transfer,1746
5837,3901,gift_card,549
5838,3901,credit_card,635
5839,3902,coupon,969
5840,3903,gift_card,2981
5841,3903,gift_card,2150
5842,3904,gift_card,2602
5843,3905,bank_transfer,2989
5844,3905,gift_card,2788
5845,3906,coupon,2682
5846,3906,gift_card,1113
5847,3907,gift_card,2147
5848,3908,credit_card,2595
5849,3909,coupon,1921
5850,3909,coupon,2286
5851,3910,gift_card,1388
5852,3911,coupon,633
5853,3911,bank_transfer,1917
5854,3912,credit_card,1474
5855,3912,coupon,1881
5856,3913,gift_card,2459
5857,3913,gift_card,1543
5858,3914,coupon,827
5859,3914,bank_transfer,1774
5860,3915,gift_card,2901
5861,3916,bank_transfer,749
5862,3916,coupon,1183
5863,3917,credit_card,2276
5864,3918,coupon,538
5865,3919,gift_card,422
5866,3919,gift_card,2409
5867,3920,bank_transfer,1173
5868,3921,credit_card,2643
5869,3922,coupon,1634
5870,3923,credit_card,2827
5871,3923,coupon,1770
5872,3924,gift_card,221
5873,3924,bank_transfer,1747
5874,3925,bank_transfer,2984
5875,3925,coupon,543
5876,3926,bank_transfer,371
5877,3926,coupon,455
5878,3927,credit_card,1625
5879,3927,bank_transfer,2487
5880,3928,gift_card,2760
5881,3928,credit_card,2847
5882,3929,gift_card,1472
5883,3930,coupon,2643
5884,3931,gift_card,708
5885,3931,gift_card,2699
5886,3932,coupon,131
5887,3932,gift_card,1333
5888,3933,bank_transfer,2986
5889,3934,gift_card,1763
5890,3935,bank_transfer,1289
5891,3936,bank_transfer,2447
5892,3937,bank_transfer,878
5893,3937,bank_transfer,2696
5894,3938,bank_transfer,117
5895,3939,bank_transfer,2130
5896,3940,coupon,559
5897,3941,gift_card,2366
5898,3941,bank_transfer,1784
5899,3942,coupon,1632
5900,3943,bank_transfer,780
5901,3944,bank_transfer,2087
5902,3945,coupon,2599
5903,3946,credit_card,2132
5904,3947,coupon,1986
5905,3948,credit_card,1793
5906,3948,credit_card,1909
5907,3949,gift_card,2210
5908,3950,coupon,1494
5909,3950,gift_card,2080
5910,3951,bank_transfer,2170
5911,3951,gift_card,564
5912,3952,bank_transfer,365
5913,3953,gift_card,1421
5914,3953,bank_transfer,568
5915,3954,gift_card,2097
5916,3955,credit_card,883
5917,3956,gift_card,1560
5918,3957,coupon,992
5919,3958,bank_transfer,1246
5920,3958,gift_card,983
5921,3959,coupon,2449
5922,3959,credit_card,2483
5923,3960,bank_transfer,1260
5924,3960,bank_transfer,2390
5925,3961,credit_card,1394
5926,3962,gift_card,1255
5927,3962,bank_transfer,1456
5928,3963,coupon,475
5929,3964,bank_transfer,2520
5930,3965,bank_transfer,2936
5931,3966,coupon,1948
5932,3966,gift_card,473
5933,3967,gift_card,2460
5934,3967,gift_card,1337
5935,3968,coupon,552
5936,3969,gift_card,1741
5937,3969,credit_card,562
5938,3970,bank_transfer,2255
5939,3971,credit_card,1370
5940,3971,credit_card,2885
5941,3972,gift_card,2054
5942,3973,credit_card,553
5943,3973,credit_card,2866
5944,3974,coupon,2073
5945,3974,credit_card,1601
5946,3975,credit_card,1592
5947,3975,bank_transfer,495
5948,3976,gift_card,2074
5949,3976,bank_transfer,1390
5950,3977,credit_card,755
5951,3978,bank_transfer,643
5952,3979,bank_transfer,838
5953,3980,coupon,477
5954,3981,coupon,1022
5955,3981,gift_card,811
5956,3982,gift_card,1234
5957,3983,bank_transfer,856
5958,3983,gift_card,2154
5959,3984,credit_card,216
5960,3984,credit_card,2691
5961,3985,gift_card,2351
5962,3986,credit_card,1793
5963,3987,gift_card,2253
5964,3987,coupon,1043
5965,3988,credit_card,1713
5966,3989,gift_card,2075
5967,3989,bank_transfer,2082
5968,3990,gift_card,1995
5969,3991,coupon,674
5970,3992,bank_transfer,857
5971,3993,credit_card,1395
5972,3993,bank_transfer,2888
5973,3994,bank_transfer,2391
5974,3995,bank_transfer,2873
5975,3996,gift_card,2336
5976,3996,gift_card,1080
5977,3997,coupon,981
5978,3997,gift_card,1714
5979,3998,coupon,2108
5980,3998,gift_card,2904
5981,3999,credit_card,1295
5982,4000,coupon,431
5983,4000,bank_transfer,1595
5984,4001,credit_card,1847
5985,4001,coupon,1162
5986,4002,coupon,1288
5987,4003,credit_card,2206
5988,4003,coupon,1252
5989,4004,gift_card,499
5990,4005,gift_card,513
5991,4005,credit_card,2905
5992,4006,bank_transfer,718
5993,4006,credit_card,2241
5994,4007,gift_card,2403
5995,4008,credit_card,1679
5996,4008,gift_card,184
5997,4009,credit_card,2316
5998,4010,credit_card,599
5999,4011,credit_card,903
6000,4011,coupon,783
6001,4012,bank_transfer,2713
6002,4013,credit_card,1408
6003,4014,gift_card,398
6004,4015,gift_card,1599
6005,4015,bank_transfer,1708
6006,4016,bank_transfer,514
6007,4017,credit_card,832
6008,4018,coupon,1459
6009,4018,coupon,2300
6010,4019,coupon,638
6011,4019,gift_card,425
6012,4020,coupon,2286
6013,4021,credit_card,1218
6014,4021,credit_card,1689
6015,4022,credit_card,2028
6016,4022,coupon,2469
6017,4023,bank_transfer,2597
6018,4024,gift_card,2447
6019,4024,coupon,926
6020,4025,gift_card,1657
6021,4026,gift_card,2226
6022,4027,credit_card,1848
6023,4027,gift_card,2717
6024,4028,bank_transfer,2191
6025,4028,bank_transfer,325
6026,4029,coupon,373
6027,4029,credit_card,1801
6028,4030,credit_card,296
6029,4031,credit_card,405
6030,4031,credit_card,2448
6031,4032,gift_card,2363
6032,4032,credit_card,1813
6033,4033,bank_transfer,2308
6034,4034,credit_card,1000
6035,4034,bank_transfer,275
6036,4035,credit_card,1925
6037,4036,coupon,149
6038,4037,coupon,437
6039,4037,bank_transfer,1938
6040,4038,coupon,2191
6041,4038,coupon,361
6042,4039,gift_card,1930
6043,4039,credit_card,1875
6044,4040,gift_card,879
6045,4040,bank_transfer,2195
6046,4041,bank_transfer,2329
6047,4041,coupon,2764
6048,4042,coupon,2447
6049,4042,gift_card,2927
6050,4043,bank_transfer,2855
6051,4044,bank_transfer,2954
6052,4045,bank_transfer,2637
6053,4045,gift_card,2298
6054,4046,credit_card,2277
6055,4046,gift_card,991
6056,4047,gift_card,2521
6057,4048,coupon,2524
6058,4049,gift_card,1700
6059,4050,coupon,1260
6060,4050,coupon,2836
6061,4051,bank_transfer,2951
6062,4052,bank_transfer,2411
6063,4053,credit_card,393
6064,4053,bank_transfer,1681
6065,4054,bank_transfer,1911
6066,4054,bank_transfer,2571
6067,4055,coupon,1820
6068,4056,bank_transfer,2624
6069,4056,coupon,946
6070,4057,bank_transfer,2392
6071,4057,coupon,2116
6072,4058,coupon,584
6073,4059,bank_transfer,821
6074,4060,bank_transfer,2273
6075,4061,bank_transfer,1718
6076,4061,credit_card,2983
6077,4062,gift_card,157
6078,4062,credit_card,652
6079,4063,gift_card,793
6080,4063,bank_transfer,2407
6081,4064,coupon,1161
6082,4064,bank_transfer,2819
6083,4065,coupon,1819
6084,4066,credit_card,1290
6085,4066,bank_transfer,830
6086,4067,bank_transfer,754
6087,4068,coupon,1970
6088,4069,bank_transfer,326
6089,4070,coupon,2026
6090,4070,credit_card,1645
6091,4071,credit_card,2129
6092,4072,bank_transfer,1243
6093,4072,bank_transfer,762
6094,4073,gift_card,518
6095,4073,bank_transfer,2149
6096,4074,credit_card,1895
6097,4075,coupon,709
6098,4075,gift_card,1384
6099,4076,gift_card,1456
6100,4077,gift_card,1967
6101,4077,credit_card,836
6102,4078,credit_card,737
6103,4078,credit_card,2655
6104,4079,bank_transfer,397
6105,4079,credit_card,1627
6106,4080,gift_card,1250
6107,4080,coupon,1426
6108,4081,bank_transfer,415
6109,4082,gift_card,1510
6110,4082,gift_card,1643
6111,4083,gift_card,400
6112,4083,gift_card,1111
6113,4084,gift_card,1404
6114,4085,gift_card,2761
6115,4086,coupon,587
6116,4086,credit_card,2451
6117,4087,coupon,2739
6118,4088,credit_card,970
6119,4088,bank_transfer,297
6120,4089,coupon,933
6121,4090,coupon,1441
6122,4091,credit_card,1642
6123,4091,credit_card,1629
6124,4092,credit_card,1870
6125,4093,coupon,297
6126,4094,credit_card,2446
6127,4094,bank_transfer,685
6128,4095,gift_card,844
6129,4096,gift_card,2256
6130,4096,bank_transfer,1201
6131,4097,coupon,610
6132,4097,gift_card,2649
6133,4098,gift_card,2578
6134,4099,bank_transfer,2773
6135,4100,gift_card,627
6136,4101,gift_card,2500
6137,4102,bank_transfer,1909
6138,4103,credit_card,1947
6139,4104,gift_card,1443
6140,4104,credit_card,1158
6141,4105,coupon,237
6142,4105,gift_card,2617
6143,4106,gift_card,442
6144,4107,coupon,2342
6145,4108,credit_card,189
6146,4109,coupon,1618
6147,4110,coupon,195
6148,4111,coupon,248
6149,4111,coupon,1516
6150,4112,credit_card,859
6151,4112,bank_transfer,339
6152,4113,coupon,245
6153,4113,bank_transfer,1117
6154,4114,coupon,1464
6155,4114,gift_card,2383
6156,4115,coupon,1371
6157,4116,bank_transfer,2906
6158,4117,credit_card,1963
6159,4117,bank_transfer,510
6160,4118,bank_transfer,738
6161,4118,credit_card,2313
6162,4119,coupon,2418
6163,4120,bank_transfer,1404
6164,4120,bank_transfer,1635
6165,4121,gift_card,529
6166,4122,credit_card,1080
6167,4123,gift_card,1971
6168,4123,credit_card,2547
6169,4124,gift_card,307
6170,4125,bank_transfer,2460
6171,4126,gift_card,2925
6172,4126,coupon,2699
6173,4127,credit_card,2388
6174,4128,coupon,704
6175,4128,gift_card,2726
6176,4129,bank_transfer,2725
6177,4130,gift_card,2195
6178,4131,credit_card,956
6179,4132,gift_card,2549
6180,4132,coupon,279
6181,4133,gift_card,1844
6182,4133,coupon,2657
6183,4134,bank_transfer,1252
6184,4134,credit_card,2147
6185,4135,gift_card,2481
6186,4136,bank_transfer,399
6187,4137,gift_card,2232
6188,4137,credit_card,2256
6189,4138,gift_card,533
6190,4139,gift_card,2752
6191,4140,credit_card,165
6192,4141,bank_transfer,2300
6193,4141,coupon,674
6194,4142,coupon,1159
6195,4143,credit_card,1032
6196,4143,gift_card,578
6197,4144,coupon,893
6198,4144,credit_card,2060
6199,4145,bank_transfer,1023
6200,4145,gift_card,278
6201,4146,credit_card,609
6202,4147,coupon,732
6203,4147,credit_card,1218
6204,4148,coupon,2366
6205,4148,bank_transfer,1284
6206,4149,credit_card,488
6207,4149,credit_card,1055
6208,4150,bank_transfer,913
6209,4150,bank_transfer,2061
6210,4151,coupon,295
6211,4152,gift_card,1858
6212,4152,coupon,1108
6213,4153,bank_transfer,1088
6214,4153,gift_card,1105
6215,4154,coupon,548
6216,4154,credit_card,473
6217,4155,credit_card,2952
6218,4155,coupon,1556
6219,4156,gift_card,435
6220,4157,gift_card,702
6221,4158,gift_card,1059
6222,4159,gift_card,541
6223,4159,gift_card,2656
6224,4160,coupon,1404
6225,4161,coupon,293
6226,4162,gift_card,2514
6227,4162,coupon,1762
6228,4163,bank_transfer,2377
6229,4163,coupon,668
6230,4164,coupon,1619
6231,4165,gift_card,632
6232,4166,credit_card,1557
6233,4167,coupon,2601
6234,4167,coupon,1498
6235,4168,credit_card,687
6236,4168,coupon,2484
6237,4169,gift_card,2876
6238,4170,coupon,2708
6239,4171,credit_card,457
6240,4171,bank_transfer,1917
6241,4172,credit_card,951
6242,4172,bank_transfer,175
6243,4173,credit_card,411
6244,4174,coupon,490
6245,4174,gift_card,2441
6246,4175,bank_transfer,2943
6247,4176,gift_card,2255
6248,4176,credit_card,2000
6249,4177,credit_card,1215
6250,4177,gift_card,1983
6251,4178,coupon,2322
6252,4178,credit_card,1613
6253,4179,credit_card,632
6254,4180,gift_card,2004
6255,4180,credit_card,2706
6256,4181,coupon,2737
6257,4182,credit_card,849
6258,4182,gift_card,2133
6259,4183,coupon,969
6260,4184,gift_card,1349
6261,4184,bank_transfer,2986
6262,4185,bank_transfer,2304
6263,4186,credit_card,1619
6264,4186,coupon,816
6265,4187,credit_card,768
6266,4188,bank_transfer,1638
6267,4189,coupon,2832
6268,4189,bank_transfer,2937
6269,4190,gift_card,145
6270,4190,credit_card,2232
6271,4191,gift_card,2845
6272,4192,credit_card,382
6273,4192,gift_card,1565
6274,4193,credit_card,824
6275,4193,coupon,281
6276,4194,credit_card,106
6277,4195,gift_card,2783
6278,4195,credit_card,2047
6279,4196,gift_card,2215
6280,4197,gift_card,1815
6281,4198,gift_card,1247
6282,4198,coupon,2908
6283,4199,coupon,878
6284,4200,credit_card,2147
6285,4201,bank_transfer,1859
6286,4201,bank_transfer,2570
6287,4202,credit_card,1017
6288,4203,coupon,2172
6289,4203,credit_card,956
6290,4204,gift_card,130
6291,4205,gift_card,1977
6292,4205,gift_card,2740
6293,4206,gift_card,1284
6294,4207,credit_card,712
6295,4207,bank_transfer,696
6296,4208,credit_card,2735
6297,4208,bank_transfer,1835
6298,4209,bank_transfer,1524
6299,4209,coupon,777
6300,4210,coupon,2840
6301,4210,bank_transfer,2707
6302,4211,bank_transfer,2153
6303,4212,gift_card,912
6304,4213,credit_card,2958
6305,4213,bank_transfer,1931
6306,4214,credit_card,2394
6307,4215,bank_transfer,1440
6308,4216,credit_card,1889
6309,4216,credit_card,2993
6310,4217,gift_card,388
6311,4218,coupon,2736
6312,4218,gift_card,554
6313,4219,credit_card,2549
6314,4219,credit_card,622
6315,4220,bank_transfer,1218
6316,4221,coupon,1031
6317,4221,coupon,639
6318,4222,coupon,2795
6319,4223,gift_card,878
6320,4224,credit_card,1324
6321,4225,coupon,842
6322,4225,coupon,990
6323,4226,gift_card,2071
6324,4227,gift_card,1983
6325,4228,gift_card,2217
6326,4228,coupon,2481
6327,4229,bank_transfer,2976
6328,4230,bank_transfer,1268
6329,4231,bank_transfer,2308
6330,4232,coupon,2074
6331,4233,coupon,2930
6332,4234,coupon,643
6333,4234,bank_transfer,556
6334,4235,gift_card,1838
6335,4235,gift_card,1300
6336,4236,bank_transfer,560
6337,4237,gift_card,2636
6338,4237,bank_transfer,2285
6339,4238,coupon,2398
6340,4239,credit_card,1156
6341,4240,coupon,1438
6342,4240,coupon,1815
6343,4241,bank_transfer,151
6344,4241,credit_card,190
6345,4242,gift_card,2152
6346,4243,gift_card,2844
6347,4243,credit_card,1992
6348,4244,gift_card,2534
6349,4245,coupon,967
6350,4245,bank_transfer,625
6351,4246,bank_transfer,2218
6352,4247,credit_card,956
6353,4248,coupon,518
6354,4249,coupon,2546
6355,4250,credit_card,2823
6356,4251,gift_card,2355
6357,4251,gift_card,2359
6358,4252,bank_transfer,918
6359,4252,gift_card,2952
6360,4253,gift_card,2339
6361,4253,gift_card,1908
6362,4254,coupon,2179
6363,4254,bank_transfer,2248
6364,4255,gift_card,1923
6365,4256,coupon,1722
6366,4257,coupon,1930
6367,4258,coupon,1404
6368,4258,gift_card,1416
6369,4259,gift_card,1501
6370,4259,coupon,610
6371,4260,coupon,345
6372,4260,gift_card,1965
6373,4261,coupon,2386
6374,4261,coupon,2580
6375,4262,credit_card,2852
6376,4262,bank_transfer,2944
6377,4263,credit_card,2925
6378,4263,credit_card,1504
6379,4264,coupon,159
6380,4265,bank_transfer,403
6381,4265,coupon,110
6382,4266,bank_transfer,1564
6383,4266,coupon,1342
6384,4267,gift_card,2786
6385,4268,credit_card,223
6386,4269,bank_transfer,1924
6387,4270,gift_card,2266
6388,4271,bank_transfer,2643
6389,4272,coupon,2455
6390,4272,credit_card,896
6391,4273,bank_transfer,1668
6392,4273,bank_transfer,1469
6393,4274,gift_card,2365
6394,4274,credit_card,1813
6395,4275,bank_transfer,2122
6396,4275,credit_card,112
6397,4276,coupon,2069
6398,4277,coupon,839
6399,4278,gift_card,376
6400,4278,gift_card,404
6401,4279,coupon,973
6402,4279,bank_transfer,538
6403,4280,gift_card,1039
6404,4281,bank_transfer,2004
6405,4282,coupon,2321
6406,4283,coupon,1970
6407,4283,coupon,2434
6408,4284,coupon,1353
6409,4284,bank_transfer,1542
6410,4285,bank_transfer,1682
6411,4285,credit_card,1876
6412,4286,gift_card,829
6413,4286,gift_card,663
6414,4287,gift_card,1037
6415,4288,coupon,857
6416,4289,bank_transfer,1308
6417,4290,gift_card,1070
6418,4291,bank_transfer,1748
6419,4292,coupon,1053
6420,4292,coupon,791
6421,4293,gift_card,125
6422,4293,bank_transfer,280
6423,4294,gift_card,2309
6424,4295,gift_card,584
6425,4295,credit_card,2183
6426,4296,credit_card,1956
6427,4296,gift_card,2162
6428,4297,gift_card,1859
6429,4297,bank_transfer,1665
6430,4298,coupon,2901
6431,4298,gift_card,2187
6432,4299,bank_transfer,2310
6433,4300,coupon,620
6434,4300,credit_card,1416
6435,4301,bank_transfer,2726
6436,4301,credit_card,1937
6437,4302,credit_card,2958
6438,4302,bank_transfer,2491
6439,4303,coupon,2284
6440,4303,coupon,970
6441,4304,coupon,612
6442,4304,coupon,2405
6443,4305,gift_card,1274
6444,4305,bank_transfer,1748
6445,4306,coupon,424
6446,4307,credit_card,2868
6447,4307,bank_transfer,1928
6448,4308,gift_card,2961
6449,4308,bank_transfer,480
6450,4309,credit_card,218
6451,4310,gift_card,1594
6452,4310,bank_transfer,113
6453,4311,gift_card,135
6454,4312,credit_card,151
6455,4313,credit_card,1369
6456,4314,credit_card,2557
6457,4314,coupon,2875
6458,4315,coupon,1139
6459,4315,gift_card,150
6460,4316,bank_transfer,2236
6461,4317,coupon,1166
6462,4318,bank_transfer,2125
6463,4319,gift_card,1491
6464,4319,gift_card,1205
6465,4320,gift_card,1825
6466,4320,coupon,773
6467,4321,bank_transfer,101
6468,4321,gift_card,437
6469,4322,gift_card,2946
6470,4322,bank_transfer,352
6471,4323,bank_transfer,1994
6472,4324,credit_card,2169
6473,4324,bank_transfer,2228
6474,4325,coupon,571
6475,4326,credit_card,1385
6476,4326,credit_card,879
6477,4327,coupon,1989
6478,4327,credit_card,2249
6479,4328,coupon,1438
6480,4328,bank_transfer,2440
6481,4329,coupon,2492
6482,4329,bank_transfer,822
6483,4330,credit_card,1432
6484,4331,coupon,2234
6485,4332,credit_card,1726
6486,4332,gift_card,2559
6487,4333,gift_card,1183
6488,4333,gift_card,2643
6489,4334,credit_card,2282
6490,4335,bank_transfer,1492
6491,4335,credit_card,2489
6492,4336,bank_transfer,268
6493,4337,gift_card,1709
6494,4337,bank_transfer,2013
6495,4338,credit_card,557
6496,4338,credit_card,250
6497,4339,coupon,1746
6498,4339,bank_transfer,1355
6499,4340,bank_transfer,2462
6500,4340,gift_card,2572
6501,4341,bank_transfer,1884
6502,4342,coupon,1310
6503,4343,coupon,973
6504,4343,bank_transfer,2762
6505,4344,credit_card,2269
6506,4344,coupon,1009
6507,4345,credit_card,1934
6508,4345,gift_card,549
6509,4346,credit_card,2732
6510,4346,credit_card,812
6511,4347,coupon,875
6512,4348,bank_transfer,2171
6513,4348,bank_transfer,1994
6514,4349,bank_transfer,2178
6515,4349,gift_card,2486
6516,4350,coupon,1499
6517,4350,coupon,1657
6518,4351,coupon,441
6519,4352,coupon,2275
6520,4353,credit_card,2168
6521,4353,bank_transfer,1751
6522,4354,credit_card,988
6523,4355,bank_transfer,1155
6524,4355,coupon,1908
6525,4356,credit_card,2308
6526,4357,coupon,2692
6527,4358,bank_transfer,2874
6528,4358,coupon,2931
6529,4359,bank_transfer,388
6530,4359,bank_transfer,2151
6531,4360,credit_card,2613
6532,4360,gift_card,826
6533,4361,bank_transfer,316
6534,4362,coupon,903
6535,4362,coupon,2363
6536,4363,coupon,2542
6537,4364,bank_transfer,1000
6538,4364,bank_transfer,1547
6539,4365,credit_card,1652
6540,4366,coupon,1670
6541,4367,coupon,2767
6542,4367,gift_card,223
6543,4368,coupon,270
6544,4368,gift_card,1648
6545,4369,coupon,2255
6546,4369,bank_transfer,1818
6547,4370,credit_card,147
6548,4370,gift_card,1399
6549,4371,gift_card,2631
6550,4371,gift_card,249
6551,4372,bank_transfer,784
6552,4372,gift_card,544
6553,4373,coupon,2245
6554,4373,bank_transfer,2671
6555,4374,bank_transfer,1693
6556,4374,credit_card,114
6557,4375,bank_transfer,1787
6558,4376,coupon,1823
6559,4376,coupon,2581
6560,4377,credit_card,2994
6561,4377,coupon,2051
6562,4378,credit_card,1565
6563,4379,credit_card,1388
6564,4379,credit_card,2530
6565,4380,bank_transfer,1396
6566,4381,coupon,2924
6567,4381,gift_card,126
6568,4382,gift_card,977
6569,4382,coupon,1754
6570,4383,gift_card,2654
6571,4383,coupon,2238
6572,4384,gift_card,2542
6573,4384,coupon,994
6574,4385,gift_card,2777
6575,4386,coupon,2099
6576,4387,coupon,2426
6577,4388,credit_card,831
6578,4388,bank_transfer,1228
6579,4389,bank_transfer,1400
6580,4390,coupon,1644
6581,4391,gift_card,1924
6582,4391,bank_transfer,1783
6583,4392,bank_transfer,2585
6584,4392,coupon,1580
6585,4393,bank_transfer,1779
6586,4393,credit_card,2025
6587,4394,coupon,2592
6588,4395,gift_card,557
6589,4396,bank_transfer,1903
6590,4397,gift_card,473
6591,4398,coupon,1929
6592,4398,gift_card,2782
6593,4399,credit_card,914
6594,4400,coupon,1842
6595,4401,bank_transfer,1955
6596,4401,credit_card,2451
6597,4402,coupon,2827
6598,4403,coupon,1533
6599,4404,gift_card,1789
6600,4404,gift_card,1423
6601,4405,bank_transfer,1542
6602,4405,bank_transfer,319
6603,4406,bank_transfer,612
6604,4406,coupon,1812
6605,4407,coupon,2146
6606,4408,coupon,237
6607,4409,coupon,2553
6608,4410,bank_transfer,548
6609,4410,coupon,347
6610,4411,credit_card,1187
6611,4411,credit_card,2222
6612,4412,credit_card,124
6613,4412,gift_card,657
6614,4413,bank_transfer,1398
6615,4413,coupon,2744
6616,4414,credit_card,2365
6617,4414,credit_card,2851
6618,4415,credit_card,1757
6619,4415,gift_card,1415
6620,4416,bank_transfer,277
6621,4416,credit_card,1476
6622,4417,coupon,2036
6623,4417,credit_card,2979
6624,4418,gift_card,2413
6625,4418,credit_card,1788
6626,4419,credit_card,2770
6627,4420,bank_transfer,1946
6628,4421,coupon,1692
6629,4422,bank_transfer,2192
6630,4423,credit_card,1564
6631,4424,coupon,2520
6632,4424,gift_card,2615
6633,4425,credit_card,818
6634,4425,gift_card,2290
6635,4426,coupon,2098
6636,4426,credit_card,821
6637,4427,credit_card,1247
6638,4428,coupon,2295
6639,4428,coupon,1961
6640,4429,bank_transfer,861
6641,4430,bank_transfer,846
6642,4430,coupon,1864
6643,4431,gift_card,945
6644,4432,coupon,792
6645,4432,coupon,841
6646,4433,credit_card,1862
6647,4434,gift_card,2850
6648,4434,coupon,800
6649,4435,coupon,1573
6650,4436,gift_card,347
6651,4436,gift_card,1457
6652,4437,bank_transfer,2893
6653,4437,coupon,251
6654,4438,bank_transfer,116
6655,4438,coupon,2991
6656,4439,credit_card,2348
6657,4440,gift_card,2416
6658,4440,credit_card,1746
6659,4441,gift_card,1255
6660,4441,gift_card,2530
6661,4442,credit_card,1702
6662,4443,gift_card,1110
6663,4444,bank_transfer,2561
6664,4444,bank_transfer,1114
6665,4445,bank_transfer,309
6666,4445,coupon,1656
6667,4446,coupon,1306
6668,4446,gift_card,574
6669,4447,coupon,1259
6670,4448,credit_card,1864
6671,4449,credit_card,703
6672,4450,gift_card,635
6673,4451,credit_card,609
6674,4451,credit_card,418
6675,4452,bank_transfer,1365
6676,4453,coupon,857
6677,4454,coupon,2969
6678,4454,bank_transfer,1761
6679,4455,credit_card,1985
6680,4455,credit_card,2400
6681,4456,gift_card,231
6682,4457,bank_transfer,836
6683,4457,credit_card,1992
6684,4458,credit_card,633
6685,4459,credit_card,2883
6686,4459,credit_card,2484
6687,4460,gift_card,2018
6688,4461,coupon,597
6689,4461,gift_card,1288
6690,4462,gift_card,2001
6691,4463,gift_card,1853
6692,4463,credit_card,1388
6693,4464,credit_card,2122
6694,4464,credit_card,821
6695,4465,credit_card,2397
6696,4466,bank_transfer,697
6697,4467,coupon,551
6698,4467,gift_card,686
6699,4468,gift_card,497
6700,4469,coupon,670
6701,4470,bank_transfer,1017
6702,4471,coupon,2722
6703,4471,gift_card,581
6704,4472,bank_transfer,1804
6705,4473,coupon,2728
6706,4473,credit_card,2458
6707,4474,gift_card,556
6708,4475,bank_transfer,997
6709,4476,credit_card,2490
6710,4477,bank_transfer,2266
6711,4478,gift_card,683
6712,4478,credit_card,319
6713,4479,bank_transfer,1606
6714,4479,credit_card,1766
6715,4480,gift_card,2658
6716,4480,gift_card,1326
6717,4481,coupon,523
6718,4482,gift_card,2468
6719,4483,coupon,911
6720,4484,credit_card,1184
6721,4485,gift_card,2795
6722,4485,bank_transfer,2727
6723,4486,bank_transfer,1592
6724,4487,gift_card,567
6725,4488,credit_card,2692
6726,4488,coupon,1663
6727,4489,coupon,1068
6728,4490,coupon,1043
6729,4491,credit_card,2588
6730,4491,gift_card,2735
6731,4492,credit_card,2225
6732,4493,coupon,1265
6733,4494,credit_card,2328
6734,4494,credit_card,2781
6735,4495,bank_transfer,1193
6736,4496,gift_card,2971
6737,4497,bank_transfer,426
6738,4497,bank_transfer,1791
6739,4498,gift_card,1834
6740,4499,credit_card,1100
6741,4500,gift_card,2651
6742,4501,gift_card,321
6743,4502,credit_card,1132
6744,4502,credit_card,1634
6745,4503,coupon,201
6746,4504,credit_card,1495
6747,4505,bank_transfer,2183
6748,4506,gift_card,1225
6749,4507,bank_transfer,2304
6750,4507,gift_card,2953
6751,4508,bank_transfer,2172
6752,4508,credit_card,1898
6753,4509,coupon,2926
6754,4510,coupon,809
6755,4510,gift_card,822
6756,4511,credit_card,527
6757,4511,credit_card,1194
6758,4512,credit_card,803
6759,4513,gift_card,1575
6760,4514,bank_transfer,1176
6761,4515,credit_card,2667
6762,4515,credit_card,1406
6763,4516,coupon,1665
6764,4517,credit_card,2687
6765,4517,gift_card,211
6766,4518,credit_card,942
6767,4518,coupon,1921
6768,4519,credit_card,2432
6769,4520,gift_card,2081
6770,4520,coupon,2509
6771,4521,bank_transfer,280
6772,4522,credit_card,2484
6773,4522,coupon,549
6774,4523,bank_transfer,2314
6775,4523,gift_card,1847
6776,4524,bank_transfer,1094
6777,4524,credit_card,1803
6778,4525,gift_card,2795
6779,4525,gift_card,677
6780,4526,coupon,2721
6781,4527,gift_card,515
6782,4527,bank_transfer,2868
6783,4528,coupon,2605
6784,4528,credit_card,817
6785,4529,coupon,2722
6786,4529,bank_transfer,1587
6787,4530,credit_card,2205
6788,4530,coupon,2297
6789,4531,credit_card,237
6790,4532,coupon,1102
6791,4533,credit_card,673
6792,4534,bank_transfer,1027
6793,4535,gift_card,1972
6794,4535,gift_card,2450
6795,4536,coupon,1562
6796,4537,coupon,2077
6797,4537,bank_transfer,411
6798,4538,coupon,2857
6799,4539,bank_transfer,1180
6800,4540,bank_transfer,1167
6801,4540,coupon,2240
6802,4541,gift_card,2101
6803,4541,gift_card,1721
6804,4542,credit_card,1279
6805,4543,credit_card,2842
6806,4543,bank_transfer,1212
6807,4544,gift_card,1329
6808,4545,credit_card,1941
6809,4545,bank_transfer,2274
6810,4546,gift_card,1683
6811,4547,gift_card,124
6812,4548,bank_transfer,2682
6813,4549,coupon,2645
6814,4549,bank_transfer,2181
6815,4550,coupon,584
6816,4551,coupon,1526
6817,4551,coupon,1926
6818,4552,credit_card,323
6819,4552,bank_transfer,296
6820,4553,coupon,1310
6821,4553,coupon,929
6822,4554,bank_transfer,2131
6823,4554,coupon,2027
6824,4555,credit_card,2757
6825,4555,credit_card,2372
6826,4556,credit_card,557
6827,4557,gift_card,103
6828,4558,credit_card,2462
6829,4558,gift_card,321
6830,4559,credit_card,1501
6831,4559,coupon,1546
6832,4560,credit_card,1612
6833,4561,gift_card,109
6834,4561,coupon,2666
6835,4562,coupon,2564
6836,4563,bank_transfer,1778
6837,4563,bank_transfer,1628
6838,4564,gift_card,1848
6839,4565,credit_card,2329
6840,4566,gift_card,368
6841,4567,credit_card,1987
6842,4568,bank_transfer,1676
6843,4568,gift_card,213
6844,4569,coupon,2533
6845,4569,credit_card,768
6846,4570,credit_card,169
6847,4571,gift_card,2632
6848,4572,coupon,408
6849,4573,gift_card,1390
6850,4574,credit_card,180
6851,4575,bank_transfer,2279
6852,4576,credit_card,223
6853,4577,gift_card,1982
6854,4577,coupon,2671
6855,4578,credit_card,2854
6856,4578,bank_transfer,1231
6857,4579,credit_card,315
6858,4580,credit_card,1283
6859,4581,coupon,2338
6860,4581,bank_transfer,2610
6861,4582,bank_transfer,2122
6862,4583,bank_transfer,371
6863,4584,bank_transfer,1851
6864,4585,bank_transfer,556
6865,4585,credit_card,2995
6866,4586,coupon,1567
6867,4586,coupon,1509
6868,4587,gift_card,1625
6869,4588,coupon,2078
6870,4589,coupon,1484
6871,4590,gift_card,1346
6872,4590,coupon,646
6873,4591,credit_card,1502
6874,4591,credit_card,2864
6875,4592,credit_card,1313
6876,4592,gift_card,2854
6877,4593,gift_card,760
6878,4594,credit_card,474
6879,4594,credit_card,2980
6880,4595,coupon,1188
6881,4596,coupon,1755
6882,4596,gift_card,1508
6883,4597,gift_card,546
6884,4598,gift_card,1212
6885,4599,gift_card,2665
6886,4599,bank_transfer,1508
6887,4600,coupon,2161
6888,4601,credit_card,2032
6889,4601,bank_transfer,1470
6890,4602,coupon,2600
6891,4603,bank_transfer,2497
6892,4604,credit_card,1664
6893,4604,credit_card,2882
6894,4605,credit_card,696
6895,4606,bank_transfer,230
6896,4607,credit_card,2643
6897,4608,gift_card,1700
6898,4609,bank_transfer,2142
6899,4610,gift_card,1187
6900,4611,gift_card,1495
6901,4612,coupon,2413
6902,4612,bank_transfer,1611
6903,4613,coupon,1096
6904,4614,coupon,1596
6905,4614,coupon,2604
6906,4615,coupon,954
6907,4615,bank_transfer,733
6908,4616,bank_transfer,2938
6909,4617,credit_card,1874
6910,4618,bank_transfer,2373
6911,4618,coupon,444
6912,4619,coupon,854
6913,4620,coupon,1281
6914,4620,gift_card,813
6915,4621,bank_transfer,1649
6916,4622,coupon,1660
6917,4623,gift_card,1082
6918,4624,coupon,2170
6919,4625,gift_card,2121
6920,4626,gift_card,1811
6921,4627,credit_card,1878
6922,4627,bank_transfer,2074
6923,4628,bank_transfer,534
6924,4628,credit_card,1094
6925,4629,coupon,462
6926,4629,coupon,648
6927,4630,coupon,2624
6928,4631,bank_transfer,2911
6929,4631,coupon,2033
6930,4632,gift_card,712
6931,4633,bank_transfer,2191
6932,4633,bank_transfer,2923
6933,4634,gift_card,2864
6934,4634,bank_transfer,2755
6935,4635,coupon,153
6936,4636,bank_transfer,833
6937,4636,bank_transfer,147
6938,4637,gift_card,1041
6939,4637,bank_transfer,2195
6940,4638,credit_card,293
6941,4638,gift_card,1161
6942,4639,gift_card,1995
6943,4640,coupon,392
6944,4640,bank_transfer,1944
6945,4641,gift_card,2730
6946,4642,credit_card,861
6947,4643,bank_transfer,978
6948,4643,coupon,2810
6949,4644,gift_card,281
6950,4644,gift_card,1057
6951,4645,coupon,2515
6952,4646,credit_card,405
6953,4647,credit_card,2729
6954,4648,bank_transfer,781
6955,4649,credit_card,615
6956,4650,credit_card,1879
6957,4651,gift_card,1199
6958,4652,bank_transfer,419
6959,4652,bank_transfer,427
6960,4653,bank_transfer,2440
6961,4654,coupon,2163
6962,4654,coupon,2517
6963,4655,coupon,691
6964,4655,credit_card,2818
6965,4656,bank_transfer,951
6966,4657,coupon,2433
6967,4657,bank_transfer,1689
6968,4658,coupon,1331
6969,4659,coupon,1435
6970,4659,bank_transfer,2151
6971,4660,gift_card,2477
6972,4660,credit_card,2956
6973,4661,bank_transfer,500
6974,4661,bank_transfer,1648
6975,4662,gift_card,1628
6976,4662,bank_transfer,115
6977,4663,coupon,857
6978,4664,gift_card,2196
6979,4664,bank_transfer,2119
6980,4665,coupon,251
6981,4666,credit_card,143
6982,4666,gift_card,451
6983,4667,gift_card,1142
6984,4667,credit_card,265
6985,4668,bank_transfer,235
6986,4668,credit_card,2684
6987,4669,bank_transfer,1902
6988,4670,bank_transfer,2620
6989,4670,bank_transfer,990
6990,4671,coupon,1451
6991,4672,credit_card,2557
6992,4673,coupon,2719
6993,4674,gift_card,765
6994,4675,coupon,846
6995,4675,coupon,248
6996,4676,coupon,1181
6997,4677,credit_card,2052
6998,4677,credit_card,1551
6999,4678,credit_card,728
7000,4679,credit_card,587
7001,4679,gift_card,2643
7002,4680,gift_card,518
7003,4680,credit_card,1313
7004,4681,credit_card,315
7005,4681,coupon,466
7006,4682,bank_transfer,1633
7007,4682,gift_card,495
7008,4683,gift_card,2396
7009,4684,credit_card,2610
7010,4685,coupon,1096
7011,4685,bank_transfer,483
7012,4686,coupon,1156
7013,4687,coupon,629
7014,4688,credit_card,2656
7015,4688,bank_transfer,2331
7016,4689,credit_card,2633
7017,4690,gift_card,268
7018,4691,bank_transfer,350
7019,4691,bank_transfer,1532
7020,4692,bank_transfer,543
7021,4692,bank_transfer,1035
7022,4693,coupon,196
7023,4693,bank_transfer,926
7024,4694,credit_card,2782
7025,4694,coupon,1111
7026,4695,coupon,1756
7027,4695,coupon,1089
7028,4696,credit_card,146
7029,4696,credit_card,1434
7030,4697,gift_card,920
7031,4697,bank_transfer,1536
7032,4698,gift_card,1134
7033,4699,coupon,2317
7034,4700,bank_transfer,291
7035,4700,coupon,2014
7036,4701,credit_card,2400
7037,4702,bank_transfer,1789
7038,4703,credit_card,285
7039,4703,credit_card,2487
7040,4704,credit_card,2844
7041,4704,coupon,1343
7042,4705,coupon,394
7043,4705,bank_transfer,1777
7044,4706,bank_transfer,296
7045,4707,gift_card,1708
7046,4708,credit_card,568
7047,4708,bank_transfer,1827
7048,4709,coupon,2151
7049,4710,bank_transfer,669
7050,4710,credit_card,2009
7051,4711,gift_card,449
7052,4712,coupon,2327
7053,4713,bank_transfer,1357
7054,4714,gift_card,2730
7055,4714,bank_transfer,1548
7056,4715,bank_transfer,1124
7057,4715,bank_transfer,1262
7058,4716,credit_card,161
7059,4716,bank_transfer,2089
7060,4717,coupon,1682
7061,4718,credit_card,1070
7062,4719,credit_card,2171
7063,4719,bank_transfer,1428
7064,4720,coupon,2681
7065,4720,coupon,2867
7066,4721,credit_card,687
7067,4721,bank_transfer,858
7068,4722,gift_card,1366
7069,4722,bank_transfer,1286
7070,4723,bank_transfer,2828
7071,4723,credit_card,2039
7072,4724,gift_card,2381
7073,4724,gift_card,1752
7074,4725,coupon,137
7075,4725,coupon,511
7076,4726,bank_transfer,1389
7077,4726,bank_transfer,1366
7078,4727,bank_transfer,2816
7079,4728,credit_card,2636
7080,4728,coupon,630
7081,4729,credit_card,140
7082,4729,credit_card,1010
7083,4730,coupon,2155
7084,4731,gift_card,1612
7085,4732,bank_transfer,1964
7086,4733,gift_card,2580
7087,4733,bank_transfer,1331
7088,4734,gift_card,255
7089,4734,gift_card,1124
7090,4735,bank_transfer,1348
7091,4735,gift_card,2554
7092,4736,coupon,2836
7093,4737,credit_card,1745
7094,4737,bank_transfer,1477
7095,4738,bank_transfer,1252
7096,4739,gift_card,2858
7097,4739,credit_card,2166
7098,4740,gift_card,1985
7099,4740,credit_card,1648
7100,4741,credit_card,982
7101,4742,bank_transfer,1921
7102,4743,gift_card,1276
7103,4744,credit_card,2483
7104,4745,credit_card,1136
7105,4746,credit_card,1734
7106,4747,gift_card,1157
7107,4748,bank_transfer,2938
7108,4748,coupon,156
7109,4749,credit_card,352
7110,4750,credit_card,1428
7111,4751,coupon,800
7112,4751,bank_transfer,1948
7113,4752,gift_card,2148
7114,4753,coupon,1843
7115,4754,bank_transfer,2253
7116,4755,bank_transfer,1418
7117,4755,coupon,2756
7118,4756,bank_transfer,1210
7119,4756,bank_transfer,1950
7120,4757,credit_card,2282
7121,4758,credit_card,2640
7122,4759,gift_card,2452
7123,4759,gift_card,453
7124,4760,coupon,518
7125,4761,bank_transfer,2671
7126,4762,coupon,409
7127,4763,credit_card,1726
7128,4764,bank_transfer,1716
7129,4764,credit_card,1708
7130,4765,bank_transfer,290
7131,4765,coupon,1854
7132,4766,gift_card,2617
7133,4767,gift_card,2995
7134,4767,credit_card,2331
7135,4768,bank_transfer,1141
7136,4768,bank_transfer,1589
7137,4769,bank_transfer,1902
7138,4770,gift_card,413
7139,4771,credit_card,1924
7140,4771,gift_card,2911
7141,4772,bank_transfer,2976
7142,4773,coupon,310
7143,4774,coupon,1587
7144,4775,credit_card,2958
7145,4775,coupon,857
7146,4776,bank_transfer,2244
7147,4776,coupon,802
7148,4777,bank_transfer,744
7149,4777,coupon,2431
7150,4778,gift_card,1136
7151,4778,coupon,735
7152,4779,bank_transfer,1938
7153,4779,credit_card,2843
7154,4780,bank_transfer,1790
7155,4781,coupon,1666
7156,4781,credit_card,972
7157,4782,coupon,988
7158,4782,gift_card,1731
7159,4783,bank_transfer,924
7160,4783,coupon,1139
7161,4784,coupon,1250
7162,4785,gift_card,1852
7163,4785,credit_card,1399
7164,4786,coupon,611
7165,4786,gift_card,2180
7166,4787,bank_transfer,2504
7167,4788,bank_transfer,119
7168,4789,credit_card,1475
7169,4790,credit_card,2052
7170,4790,bank_transfer,268
7171,4791,bank_transfer,525
7172,4792,bank_transfer,579
7173,4793,bank_transfer,231
7174,4794,credit_card,464
7175,4795,coupon,2893
7176,4796,credit_card,1752
7177,4796,gift_card,805
7178,4797,bank_transfer,2477
7179,4798,credit_card,1611
7180,4799,bank_transfer,220
7181,4800,coupon,2603
7182,4801,coupon,2203
7183,4802,credit_card,1835
7184,4803,coupon,2869
7185,4804,credit_card,399
7186,4804,coupon,1291
7187,4805,credit_card,614
7188,4805,gift_card,1082
7189,4806,coupon,1655
7190,4806,bank_transfer,2535
7191,4807,credit_card,693
7192,4807,bank_transfer,2257
7193,4808,credit_card,1201
7194,4808,coupon,2780
7195,4809,credit_card,2300
7196,4809,bank_transfer,1037
7197,4810,gift_card,456
7198,4810,credit_card,1009
7199,4811,bank_transfer,1803
7200,4812,credit_card,1266
7201,4813,coupon,141
7202,4813,gift_card,730
7203,4814,bank_transfer,918
7204,4814,gift_card,2234
7205,4815,bank_transfer,2051
7206,4815,coupon,1436
7207,4816,bank_transfer,1229
7208,4817,bank_transfer,1833
7209,4817,coupon,1201
7210,4818,credit_card,2259
7211,4818,credit_card,2351
7212,4819,coupon,254
7213,4819,bank_transfer,845
7214,4820,bank_transfer,2740
7215,4820,gift_card,1404
7216,4821,gift_card,2334
7217,4822,credit_card,2802
7218,4822,coupon,2796
7219,4823,bank_transfer,2371
7220,4824,credit_card,1384
7221,4824,credit_card,2172
7222,4825,bank_transfer,1040
7223,4825,bank_transfer,2582
7224,4826,bank_transfer,1154
7225,4827,credit_card,2681
7226,4827,coupon,1863
7227,4828,coupon,1878
7228,4829,coupon,2229
7229,4830,bank_transfer,656
7230,4830,bank_transfer,1671
7231,4831,gift_card,2157
7232,4831,bank_transfer,2043
7233,4832,gift_card,2573
7234,4832,credit_card,120
7235,4833,gift_card,2945
7236,4834,bank_transfer,1219
7237,4834,bank_transfer,1244
7238,4835,bank_transfer,2435
7239,4835,gift_card,701
7240,4836,bank_transfer,2021
7241,4836,gift_card,2363
7242,4837,bank_transfer,1325
7243,4838,credit_card,2820
7244,4838,coupon,1098
7245,4839,coupon,2906
7246,4840,bank_transfer,1344
7247,4841,coupon,596
7248,4841,gift_card,1971
7249,4842,coupon,1665
7250,4842,bank_transfer,436
7251,4843,coupon,494
7252,4844,credit_card,1214
7253,4844,gift_card,508
7254,4845,coupon,1570
7255,4846,coupon,157
7256,4846,coupon,1566
7257,4847,gift_card,647
7258,4848,coupon,1501
7259,4848,credit_card,403
7260,4849,bank_transfer,2760
7261,4849,gift_card,193
7262,4850,bank_transfer,1960
7263,4851,coupon,2953
7264,4852,credit_card,2736
7265,4852,credit_card,672
7266,4853,credit_card,537
7267,4854,coupon,2904
7268,4855,bank_transfer,1198
7269,4856,gift_card,2458
7270,4857,gift_card,788
7271,4858,gift_card,244
7272,4859,gift_card,748
7273,4860,credit_card,1784
7274,4860,coupon,2143
7275,4861,gift_card,866
7276,4861,coupon,1841
7277,4862,bank_transfer,2441
7278,4863,gift_card,2982
7279,4864,bank_transfer,354
7280,4865,coupon,880
7281,4865,bank_transfer,797
7282,4866,coupon,371
7283,4867,coupon,179
7284,4867,credit_card,947
7285,4868,bank_transfer,2842
7286,4868,coupon,2498
7287,4869,bank_transfer,230
7288,4870,gift_card,1353
7289,4871,bank_transfer,386
7290,4872,gift_card,1756
7291,4872,bank_transfer,817
7292,4873,coupon,679
7293,4873,bank_transfer,1203
7294,4874,bank_transfer,662
7295,4875,gift_card,2368
7296,4876,coupon,2105
7297,4876,gift_card,638
7298,4877,credit_card,832
7299,4877,coupon,2927
7300,4878,credit_card,1119
7301,4879,coupon,279
7302,4879,gift_card,840
7303,4880,gift_card,2761
7304,4880,bank_transfer,757
7305,4881,gift_card,1945
7306,4882,coupon,293
7307,4882,coupon,2304
7308,4883,coupon,893
7309,4884,coupon,2151
7310,4885,coupon,741
7311,4885,credit_card,647
7312,4886,credit_card,212
7313,4887,credit_card,1319
7314,4888,credit_card,2992
7315,4888,credit_card,2472
7316,4889,bank_transfer,2392
7317,4889,gift_card,1332
7318,4890,coupon,1128
7319,4890,coupon,2782
7320,4891,coupon,848
7321,4892,bank_transfer,2305
7322,4893,bank_transfer,557
7323,4894,coupon,2013
7324,4894,bank_transfer,2885
7325,4895,credit_card,2582
7326,4895,coupon,200
7327,4896,bank_transfer,1893
7328,4897,gift_card,2728
7329,4897,bank_transfer,2283
7330,4898,bank_transfer,640
7331,4898,bank_transfer,1171
7332,4899,bank_transfer,2711
7333,4900,coupon,2223
7334,4901,credit_card,2517
7335,4902,coupon,2765
7336,4902,bank_transfer,2274
7337,4903,credit_card,573
7338,4904,credit_card,959
7339,4905,coupon,1597
7340,4905,bank_transfer,538
7341,4906,gift_card,1385
7342,4906,coupon,1590
7343,4907,gift_card,995
7344,4908,gift_card,1934
7345,4909,credit_card,2677
7346,4910,bank_transfer,1133
7347,4910,credit_card,2813
7348,4911,coupon,2316
7349,4911,credit_card,1300
7350,4912,bank_transfer,1949
7351,4912,coupon,110
7352,4913,gift_card,790
7353,4914,coupon,295
7354,4915,bank_transfer,1673
7355,4916,bank_transfer,2068
7356,4917,coupon,2321
7357,4918,gift_card,302
7358,4918,gift_card,637
7359,4919,coupon,2128
7360,4919,bank_transfer,922
7361,4920,gift_card,2089
7362,4920,bank_transfer,656
7363,4921,gift_card,1588
7364,4922,credit_card,1323
7365,4923,bank_transfer,2575
7366,4924,coupon,1920
7367,4925,bank_transfer,1307
7368,4926,coupon,2059
7369,4926,coupon,2533
7370,4927,bank_transfer,1445
7371,4927,gift_card,1997
7372,4928,gift_card,1155
7373,4929,gift_card,1791
7374,4929,credit_card,1651
7375,4930,bank_transfer,490
7376,4930,bank_transfer,1251
7377,4931,gift_card,2698
7378,4931,coupon,815
7379,4932,credit_card,163
7380,4932,coupon,2939
7381,4933,bank_transfer,2748
7382,4934,gift_card,965
7383,4934,coupon,2530
7384,4935,bank_transfer,1929
7385,4935,coupon,2347
7386,4936,gift_card,486
7387,4937,coupon,2047
7388,4938,bank_transfer,1804
7389,4938,credit_card,2172
7390,4939,bank_transfer,157
7391,4940,credit_card,2186
7392,4940,gift_card,1761
7393,4941,bank_transfer,1838
7394,4942,coupon,951
7395,4942,coupon,507
7396,4943,bank_transfer,551
7397,4943,coupon,1922
7398,4944,credit_card,486
7399,4945,credit_card,171
7400,4946,coupon,2078
7401,4947,gift_card,2304
7402,4947,gift_card,1883
7403,4948,gift_card,403
7404,4949,credit_card,274
7405,4949,gift_card,746
7406,4950,credit_card,2398
7407,4950,gift_card,1226
7408,4951,credit_card,2004
7409,4951,coupon,791
7410,4952,gift_card,2836
7411,4952,gift_card,1504
7412,4953,gift_card,2487
7413,4953,credit_card,559
7414,4954,bank_transfer,2652
7415,4954,credit_card,2237
7416,4955,gift_card,843
7417,4955,bank_transfer,2729
7418,4956,credit_card,2428
7419,4957,gift_card,2762
7420,4958,coupon,1637
7421,4959,bank_transfer,1525
7422,4960,bank_transfer,638
7423,4961,credit_card,339
7424,4961,gift_card,1742
7425,4962,bank_transfer,1613
7426,4963,bank_transfer,1305
7427,4964,credit_card,840
7428,4964,coupon,1654
7429,4965,bank_transfer,788
7430,4966,credit_card,1097
7431,4966,coupon,1434
7432,4967,gift_card,1711
7433,4967,gift_card,198
7434,4968,coupon,2752
7435,4969,gift_card,2717
7436,4969,coupon,2530
7437,4970,gift_card,507
7438,4970,gift_card,574
7439,4971,gift_card,892
7440,4971,gift_card,1627
7441,4972,bank_transfer,1351
7442,4972,credit_card,2215
7443,4973,credit_card,1878
7444,4973,bank_transfer,340
7445,4974,gift_card,2865
7446,4975,coupon,2729
7447,4976,gift_card,614
7448,4977,credit_card,2704
7449,4977,gift_card,1319
7450,4978,coupon,743
7451,4978,bank_transfer,188
7452,4979,bank_transfer,2569
7453,4980,bank_transfer,1810
7454,4981,bank_transfer,935
7455,4981,credit_card,1736
7456,4982,coupon,2365
7457,4983,coupon,753
7458,4983,bank_transfer,655
7459,4984,coupon,1077
7460,4984,coupon,2209
7461,4985,coupon,1202
7462,4985,coupon,1938
7463,4986,bank_transfer,2609
7464,4986,gift_card,2617
7465,4987,credit_card,1983
7466,4988,credit_card,736
7467,4988,gift_card,865
7468,4989,coupon,733
7469,4989,coupon,1538
7470,4990,coupon,1951
7471,4991,gift_card,1649
7472,4991,coupon,1498
7473,4992,gift_card,1700
7474,4993,bank_transfer,2589
7475,4993,coupon,581
7476,4994,coupon,1352
7477,4994,bank_transfer,796
7478,4995,bank_transfer,1855
7479,4996,bank_transfer,2157
7480,4997,bank_transfer,594
7481,4997,gift_card,1633
7482,4998,bank_transfer,776
7483,4999,coupon,1507
7484,4999,credit_card,573
7485,5000,coupon,1263
7486,5001,gift_card,889
7487,5002,gift_card,2174
7488,5003,credit_card,997
7489,5003,gift_card,1919
7490,5004,credit_card,1269
7491,5004,gift_card,2288
7492,5005,coupon,1636
7493,5005,bank_transfer,2361
7494,5006,credit_card,2759
7495,5007,credit_card,1725
7496,5007,gift_card,1226
7497,5008,credit_card,1707
7498,5008,coupon,1942
7499,5009,coupon,2192
7500,5010,gift_card,1777
7501,5010,coupon,2783
7502,5011,bank_transfer,1727
7503,5012,credit_card,1758
7504,5013,bank_transfer,300
7505,5013,gift_card,935
7506,5014,bank_transfer,1071
7507,5014,bank_transfer,655
7508,5015,gift_card,736
7509,5015,coupon,166
7510,5016,bank_transfer,1153
7511,5016,bank_transfer,1002
7512,5017,bank_transfer,160
7513,5018,credit_card,540
7514,5018,credit_card,2010
7515,5019,gift_card,2198
7516,5020,bank_transfer,2858
7517,5021,coupon,2207
7518,5021,bank_transfer,2875
7519,5022,coupon,1087
7520,5023,bank_transfer,1319
7521,5024,coupon,2481
7522,5025,credit_card,2433
7523,5025,bank_transfer,249
7524,5026,bank_transfer,157
7525,5027,credit_card,821
7526,5027,bank_transfer,2819
7527,5028,coupon,2352
7528,5029,coupon,1161
7529,5029,bank_transfer,514
7530,5030,bank_transfer,1407
7531,5030,bank_transfer,1838
7532,5031,coupon,536
7533,5031,bank_transfer,1565
7534,5032,coupon,2960
7535,5033,credit_card,732
7536,5033,coupon,1639
7537,5034,coupon,245
7538,5035,gift_card,2881
7539,5035,gift_card,828
7540,5036,bank_transfer,791
7541,5037,credit_card,1792
7542,5038,bank_transfer,2814
7543,5039,coupon,2091
7544,5040,gift_card,1280
7545,5041,credit_card,2019
7546,5042,bank_transfer,1586
7547,5043,gift_card,1426
7548,5044,coupon,195
7549,5044,credit_card,1346
7550,5045,gift_card,143
7551,5046,credit_card,618
7552,5047,credit_card,2042
7553,5047,bank_transfer,1062
7554,5048,gift_card,1815
7555,5048,bank_transfer,2911
7556,5049,coupon,2041
7557,5050,credit_card,2295
7558,5050,coupon,419
7559,5051,bank_transfer,1925
7560,5052,gift_card,875
7561,5053,coupon,1899
7562,5053,coupon,2896
7563,5054,coupon,255
7564,5054,bank_transfer,2779
7565,5055,credit_card,1643
7566,5055,bank_transfer,1117
7567,5056,coupon,2210
7568,5056,gift_card,1288
7569,5057,gift_card,2295
7570,5058,gift_card,1725
7571,5058,coupon,2093
7572,5059,coupon,2944
7573,5059,coupon,2506
7574,5060,credit_card,2140
7575,5061,bank_transfer,2532
7576,5062,bank_transfer,2532
7577,5062,bank_transfer,1229
7578,5063,bank_transfer,2508
7579,5064,coupon,2080
7580,5064,bank_transfer,2094
7581,5065,credit_card,175
7582,5065,bank_transfer,240
7583,5066,coupon,621
7584,5066,coupon,1515
7585,5067,coupon,376
7586,5068,coupon,1376
7587,5069,coupon,363
7588,5070,coupon,2479
7589,5070,bank_transfer,2796
7590,5071,coupon,2202
7591,5071,gift_card,643
7592,5072,gift_card,2749
7593,5073,credit_card,2226
7594,5073,credit_card,1302
7595,5074,coupon,972
7596,5074,coupon,2992
7597,5075,coupon,2188
7598,5075,credit_card,2668
7599,5076,bank_transfer,2645
7600,5077,coupon,2788
7601,5078,coupon,1658
7602,5079,gift_card,2880
7603,5080,bank_transfer,2323
7604,5080,credit_card,1097
7605,5081,bank_transfer,2219
7606,5082,bank_transfer,156
7607,5082,coupon,2142
7608,5083,gift_card,2326
7609,5083,coupon,1684
7610,5084,credit_card,2445
7611,5085,credit_card,1434
7612,5086,bank_transfer,2936
7613,5086,credit_card,1728
7614,5087,gift_card,2450
7615,5088,gift_card,875
7616,5089,credit_card,1420
7617,5089,credit_card,151
7618,5090,coupon,1906
7619,5090,gift_card,1604
7620,5091,gift_card,1932
7621,5092,bank_transfer,715
7622,5092,credit_card,1341
7623,5093,gift_card,2984
7624,5093,bank_transfer,1535
7625,5094,gift_card,1231
7626,5094,coupon,1143
7627,5095,coupon,2841
7628,5095,coupon,1395
7629,5096,coupon,1119
7629,5096,gift_card,2732
7630,5097,coupon,2425
7631,5097,bank_transfer,2717
7632,5098,bank_transfer,2938
7633,5099,credit_card,1030
7634,5099,credit_card,1475
7635,5100,gift_card,617
7636,5100,coupon,2469
7637,5101,coupon,1469
7638,5102,credit_card,1633
7639,5102,bank_transfer,1255
7640,5103,bank_transfer,1528
7641,5103,bank_transfer,367
7642,5104,coupon,1170
7643,5105,coupon,2596
7644,5105,credit_card,2792
7645,5106,coupon,409
7646,5107,bank_transfer,1144
7647,5108,coupon,782
7648,5108,bank_transfer,924
7649,5109,bank_transfer,495
7650,5109,bank_transfer,272
7651,5110,credit_card,2139
7652,5111,coupon,858
7653,5112,gift_card,1003
7654,5113,coupon,2277
7655,5113,bank_transfer,1811
7656,5114,gift_card,2328
7657,5115,bank_transfer,1651
7658,5115,credit_card,2960
7659,5116,bank_transfer,246
7660,5116,credit_card,883
7661,5117,coupon,1483
7662,5117,credit_card,852
7663,5118,bank_transfer,2885
7664,5118,gift_card,2907
7665,5119,credit_card,1718
7666,5120,gift_card,2827
7667,5121,coupon,2045
7668,5121,bank_transfer,1902
7669,5122,bank_transfer,2463
7670,5123,bank_transfer,1902
7671,5124,bank_transfer,238
7672,5125,credit_card,1747
7673,5125,gift_card,366
7674,5126,bank_transfer,2218
7675,5126,bank_transfer,1582
7676,5127,gift_card,1569
7677,5127,coupon,1315
7678,5128,gift_card,1543
7679,5128,credit_card,426
7680,5129,coupon,1479
7681,5130,coupon,1756
7682,5130,coupon,2163
7683,5131,gift_card,2460
7684,5132,coupon,1339
7685,5132,bank_transfer,893
7686,5133,coupon,1631
7687,5134,coupon,1312
7688,5134,bank_transfer,1748
7689,5135,credit_card,831
7690,5136,coupon,1299
7691,5136,credit_card,2202
7692,5137,credit_card,350
7693,5138,coupon,491
7694,5138,bank_transfer,869
7695,5139,credit_card,2816
7696,5139,credit_card,2329
7697,5140,gift_card,1235
7698,5141,coupon,2344
7699,5141,gift_card,2349
7700,5142,credit_card,381
7701,5143,credit_card,175
7702,5144,credit_card,1512
7703,5145,credit_card,1857
7704,5145,coupon,1839
7705,5146,credit_card,2456
7706,5147,bank_transfer,1897
7707,5147,gift_card,1064
7708,5148,gift_card,2047
7709,5149,gift_card,1848
7710,5150,bank_transfer,938
7711,5151,credit_card,2999
7712,5152,bank_transfer,1457
7713,5152,coupon,721
7714,5153,bank_transfer,960
7715,5154,bank_transfer,1586
7716,5155,coupon,136
7717,5156,coupon,1828
7718,5156,gift_card,2093
7719,5157,coupon,1257
7720,5157,credit_card,2221
7721,5158,bank_transfer,2892
7722,5158,credit_card,1293
7723,5159,bank_transfer,1025
7724,5159,coupon,2807
7725,5160,gift_card,801
7726,5161,coupon,1855
7727,5162,bank_transfer,2128
7728,5162,bank_transfer,2036
7729,5163,coupon,2815
7730,5164,coupon,520
7731,5164,coupon,1591
7732,5165,coupon,1971
7733,5166,bank_transfer,2825
7734,5166,gift_card,392
7735,5167,gift_card,2876
7736,5168,credit_card,524
7737,5168,coupon,385
7738,5169,gift_card,1885
7739,5170,coupon,380
7740,5170,gift_card,1999
7741,5171,credit_card,637
7742,5172,bank_transfer,643
7743,5173,gift_card,1485
7744,5173,gift_card,1374
7745,5174,coupon,285
7746,5174,coupon,1020
7747,5175,credit_card,166
7748,5175,bank_transfer,2060
7749,5176,bank_transfer,2974
7750,5177,coupon,2369
7751,5178,bank_transfer,2969
7752,5179,bank_transfer,2382
7753,5180,credit_card,1320
7754,5180,bank_transfer,203
7755,5181,coupon,301
7756,5182,credit_card,1589
7757,5183,credit_card,2900
7758,5183,bank_transfer,2003
7759,5184,coupon,2979
7760,5184,gift_card,1900
7761,5185,credit_card,398
7762,5185,gift_card,350
7763,5186,coupon,1002
7764,5186,credit_card,1567
7765,5187,gift_card,1040
7766,5188,gift_card,1044
7767,5188,bank_transfer,1573
7768,5189,credit_card,2144
7769,5189,gift_card,1018
7770,5190,bank_transfer,572
7771,5190,coupon,255
7771,5191,gift_card,2381
7772,5191,coupon,239
7773,5192,coupon,2722
7774,5192,gift_card,557
7775,5193,coupon,2332
7776,5193,credit_card,185
7777,5194,credit_card,839
7778,5194,credit_card,535
7779,5195,bank_transfer,2867
7780,5195,bank_transfer,2735
7781,5196,credit_card,2412
7782,5196,bank_transfer,1572
7783,5197,credit_card,1778
7784,5198,coupon,1823
7785,5199,credit_card,2106
7786,5199,coupon,1586
7787,5200,coupon,1412
7788,5200,gift_card,1844
7789,5201,coupon,2353
7790,5201,bank_transfer,991
7791,5202,bank_transfer,1568
7792,5202,credit_card,471
7793,5203,gift_card,588
7794,5204,bank_transfer,1512
7795,5204,bank_transfer,425
7796,5205,bank_transfer,2352
7797,5206,credit_card,429
7798,5206,credit_card,1268
7799,5207,coupon,2418
7800,5208,credit_card,1075
7801,5208,coupon,747
7802,5209,credit_card,1192
7803,5210,bank_transfer,1246
7804,5211,coupon,2336
7805,5212,bank_transfer,451
7806,5213,credit_card,1852
7807,5213,gift_card,2998
7808,5214,coupon,1589
7809,5214,credit_card,1701
7810,5215,gift_card,2955
7811,5216,gift_card,2523
7812,5217,gift_card,1789
7813,5218,bank_transfer,2018
7814,5219,bank_transfer,193
7815,5220,bank_transfer,2996
7816,5221,coupon,638
7817,5221,credit_card,1769
7818,5222,bank_transfer,406
7819,5222,coupon,138
7820,5223,gift_card,1289
7821,5223,gift_card,2447
7822,5224,coupon,1923
7823,5225,gift_card,1233
7824,5226,bank_transfer,2496
7825,5226,coupon,300
7826,5227,bank_transfer,1587
7827,5228,coupon,151
7828,5229,coupon,1997
7829,5229,coupon,994
7830,5230,bank_transfer,2700
7831,5231,gift_card,1552
7832,5232,credit_card,2593
7833,5233,gift_card,2172
7834,5234,gift_card,2335
7835,5234,gift_card,2127
7836,5235,gift_card,2989
7837,5235,coupon,1050
7838,5236,bank_transfer,2404
7839,5237,credit_card,1603
7840,5237,bank_transfer,2166
7841,5238,gift_card,1492
7842,5238,credit_card,2504
7843,5239,gift_card,127
7844,5239,bank_transfer,1442
7845,5240,gift_card,1014
7846,5240,coupon,1151
7847,5241,credit_card,1046
7848,5242,bank_transfer,798
7849,5243,credit_card,2192
7850,5244,gift_card,2607
7851,5244,credit_card,448
7852,5245,bank_transfer,2086
7853,5246,gift_card,2307
7854,5246,gift_card,973
7855,5247,bank_transfer,1806
7856,5248,credit_card,972
7857,5249,bank_transfer,1474
7858,5249,credit_card,1856
7859,5250,bank_transfer,2876
7860,5251,bank_transfer,2244
7861,5252,bank_transfer,952
7862,5252,credit_card,738
7863,5253,bank_transfer,1498
7864,5254,credit_card,1278
7865,5254,credit_card,1525
7866,5255,credit_card,2899
7867,5255,bank_transfer,723
7868,5256,bank_transfer,2155
7869,5256,gift_card,2655
7870,5257,gift_card,1965
7871,5258,coupon,154
7872,5258,gift_card,2566
7873,5259,coupon,1618
7874,5260,credit_card,2472
7875,5261,gift_card,2569
7876,5261,credit_card,953
7877,5262,coupon,1288
7878,5263,credit_card,2487
7879,5263,bank_transfer,2229
7880,5264,coupon,624
7881,5265,bank_transfer,1255
7882,5266,coupon,1187
7883,5267,gift_card,2159
7884,5268,coupon,852
7885,5269,credit_card,2991
7886,5269,bank_transfer,1356
7887,5270,credit_card,620
7888,5270,credit_card,752
7889,5271,bank_transfer,1154
7890,5272,gift_card,480
7891,5272,coupon,979
7892,5273,gift_card,1195
7893,5274,coupon,2458
7894,5275,gift_card,1460
7895,5275,credit_card,535
7896,5276,gift_card,2741
7897,5276,coupon,843
7898,5277,bank_transfer,2028
7899,5278,coupon,884
7900,5279,bank_transfer,2209
7901,5279,credit_card,1465
7902,5280,gift_card,2956
7903,5281,coupon,2254
7904,5281,coupon,269
7905,5282,coupon,2223
7906,5282,credit_card,1750
7907,5283,bank_transfer,2973
7908,5283,credit_card,2007
7909,5284,coupon,2983
7910,5285,bank_transfer,146
7911,5286,coupon,1650
7912,5286,gift_card,140
7913,5287,coupon,1172
7914,5287,coupon,2701
7915,5288,bank_transfer,2535
7916,5289,coupon,979
7917,5290,credit_card,1014
7918,5290,gift_card,920
7919,5291,credit_card,1428
7920,5291,gift_card,1752
7921,5292,credit_card,2297
7922,5292,coupon,1883
7923,5293,credit_card,1157
7924,5294,credit_card,1131
7925,5295,credit_card,2035
7926,5295,coupon,2430
7927,5296,credit_card,631
7928,5297,credit_card,2659
7929,5297,coupon,2264
7930,5298,credit_card,2560
7931,5299,bank_transfer,2587
7932,5300,gift_card,1018
7933,5301,coupon,1309
7934,5302,bank_transfer,1166
7935,5302,gift_card,2568
7936,5303,gift_card,524
7937,5303,credit_card,1527
7938,5304,credit_card,549
7939,5304,credit_card,505
7940,5305,coupon,2666
7941,5306,coupon,2752
7942,5306,credit_card,1826
7943,5307,gift_card,2160
7944,5308,credit_card,337
7945,5309,coupon,171
7946,5310,bank_transfer,2230
7947,5310,bank_transfer,919
7948,5311,bank_transfer,1757
7949,5311,credit_card,1735
7950,5312,bank_transfer,2129
7951,5312,coupon,2825
7952,5313,gift_card,1333
7953,5314,coupon,452
7954,5314,coupon,2861
7955,5315,credit_card,1556
7956,5316,bank_transfer,1441
7957,5316,credit_card,2354
7958,5317,coupon,2609
7959,5317,credit_card,1386
7960,5318,credit_card,970
7961,5318,gift_card,2442
7962,5319,bank_transfer,2649
7963,5320,bank_transfer,2044
7964,5321,bank_transfer,2894
7965,5322,coupon,1265
7966,5322,credit_card,1091
7967,5323,credit_card,2225
7968,5324,coupon,877
7969,5325,gift_card,2573
7970,5326,credit_card,1178
7971,5326,bank_transfer,686
7972,5327,gift_card,157
7973,5327,coupon,748
7974,5328,gift_card,295
7975,5328,gift_card,2908
7976,5329,bank_transfer,1724
7977,5330,credit_card,206
7978,5330,bank_transfer,254
7979,5331,credit_card,2268
7980,5332,credit_card,621
7981,5332,coupon,1363
7982,5333,gift_card,1339
7983,5333,credit_card,1549
7984,5334,bank_transfer,2820
7985,5334,coupon,437
7986,5335,gift_card,2777
7987,5335,gift_card,800
7988,5336,bank_transfer,1771
7989,5336,coupon,1071
7990,5337,bank_transfer,2534
7991,5337,coupon,586
7992,5338,credit_card,2408
7993,5339,coupon,1083
7994,5339,bank_transfer,1392
7995,5340,credit_card,1497
7996,5340,coupon,1540
7997,5341,credit_card,626
7998,5342,coupon,1222
7999,5342,coupon,584
8000,5343,bank_transfer,353
8001,5343,bank_transfer,1682
8002,5344,bank_transfer,1605
8003,5345,coupon,193
8004,5346,coupon,447
8005,5347,credit_card,975
8006,5347,coupon,1116
8007,5348,bank_transfer,196
8008,5348,bank_transfer,493
8009,5349,bank_transfer,1428
8010,5350,coupon,565
8011,5350,coupon,2704
8012,5351,gift_card,469
8013,5352,gift_card,1506
8014,5353,bank_transfer,2038
8015,5354,gift_card,2864
8016,5355,bank_transfer,2022
8017,5355,coupon,1037
8018,5356,coupon,941
8019,5357,bank_transfer,2183
8020,5358,bank_transfer,2343
8021,5358,gift_card,2099
8022,5359,coupon,1318
8023,5359,gift_card,2544
8024,5360,coupon,619
8025,5360,coupon,2141
8026,5361,gift_card,1892
8027,5362,coupon,662
8028,5363,bank_transfer,244
8029,5363,gift_card,1938
8030,5364,credit_card,1442
8031,5364,bank_transfer,1719
8032,5365,gift_card,2791
8033,5366,coupon,615
8034,5367,credit_card,1932
8035,5368,gift_card,431
8036,5368,bank_transfer,1672
8037,5369,coupon,2135
8038,5369,coupon,272
8039,5370,gift_card,1962
8040,5371,gift_card,716
8041,5372,gift_card,483
8042,5372,credit_card,1807
8043,5373,gift_card,1424
8044,5373,coupon,1919
8045,5374,credit_card,2685
8046,5374,gift_card,1643
8047,5375,bank_transfer,295
8048,5375,coupon,2663
8049,5376,coupon,2997
8050,5376,credit_card,493
8051,5377,gift_card,2897
8052,5378,bank_transfer,1349
8053,5378,credit_card,133
8054,5379,credit_card,1140
8055,5379,bank_transfer,2656
8056,5380,coupon,2443
8057,5380,coupon,1164
8058,5381,gift_card,2980
8059,5382,bank_transfer,1949
8060,5383,gift_card,2223
8061,5383,gift_card,1173
8062,5384,credit_card,155
8063,5385,credit_card,2141
8064,5385,bank_transfer,2719
8065,5386,bank_transfer,2403
8066,5386,credit_card,2684
8067,5387,bank_transfer,637
8068,5387,credit_card,645
8069,5388,credit_card,2823
8070,5388,gift_card,2831
8071,5389,bank_transfer,1602
8072,5389,bank_transfer,1925
8073,5390,coupon,1396
8074,5390,credit_card,2820
8075,5391,coupon,2750
8076,5391,bank_transfer,102
8077,5392,credit_card,1844
8078,5393,credit_card,2289
8079,5393,credit_card,1958
8080,5394,gift_card,386
8081,5395,credit_card,208
8082,5395,coupon,521
8083,5396,coupon,2564
8084,5397,gift_card,2614
8085,5398,coupon,1619
8086,5399,gift_card,1021
8087,5400,coupon,841
8088,5401,gift_card,2734
8089,5401,coupon,2157
8090,5402,gift_card,894
8091,5402,coupon,2811
8092,5403,coupon,640
8093,5403,credit_card,878
8094,5404,bank_transfer,1883
8095,5404,credit_card,1871
8096,5405,coupon,2212
8097,5405,gift_card,2938
8098,5406,coupon,2758
8099,5407,credit_card,2999
8100,5407,coupon,625
8101,5408,gift_card,563
8102,5408,bank_transfer,1435
8103,5409,coupon,2098
8104,5410,credit_card,280
8105,5410,bank_transfer,2018
8106,5411,bank_transfer,1792
8107,5412,bank_transfer,2990
8108,5413,credit_card,2647
8109,5413,gift_card,2706
8110,5414,coupon,432
8111,5415,credit_card,293
8112,5416,coupon,266
8113,5417,gift_card,1531
8114,5418,bank_transfer,2934
8115,5419,credit_card,712
8116,5419,bank_transfer,970
8117,5420,credit_card,952
8118,5421,gift_card,1052
8119,5421,coupon,1246
8120,5422,bank_transfer,471
8121,5423,credit_card,699
8122,5423,credit_card,1266
8123,5424,coupon,336
8124,5425,gift_card,2563
8125,5425,credit_card,2942
8126,5426,bank_transfer,2465
8127,5426,credit_card,1996
8128,5427,credit_card,593
8129,5427,coupon,314
8130,5428,bank_transfer,1885
8131,5428,coupon,1407
8132,5429,credit_card,2586
8133,5429,credit_card,2424
8134,5430,coupon,1991
8135,5431,gift_card,2167
8136,5431,bank_transfer,2538
8137,5432,coupon,645
8138,5432,gift_card,1475
8139,5433,gift_card,2801
8140,5434,bank_transfer,2349
8141,5435,gift_card,846
8142,5435,gift_card,460
8143,5436,gift_card,1649
8144,5437,coupon,2326
8145,5438,gift_card,1195
8146,5439,credit_card,348
8147,5439,credit_card,1145
8148,5440,coupon,498
8149,5440,gift_card,2813
8150,5441,credit_card,2015
8151,5441,coupon,737
8152,5442,coupon,2710
8153,5443,coupon,2582
8154,5443,bank_transfer,1918
8155,5444,credit_card,1827
8156,5445,coupon,1128
8157,5445,coupon,1766
8158,5446,coupon,833
8159,5446,gift_card,463
8160,5447,gift_card,1118
8161,5448,credit_card,177
8162,5449,bank_transfer,1634
8163,5450,gift_card,446
8164,5450,gift_card,325
8165,5451,gift_card,2585
8166,5452,credit_card,1993
8167,5453,gift_card,380
8168,5454,credit_card,361
8169,5454,coupon,1047
8170,5455,bank_transfer,2425
8171,5456,bank_transfer,2654
8172,5456,gift_card,2797
8173,5457,coupon,2805
8174,5457,gift_card,451
8175,5458,gift_card,197
8176,5459,gift_card,559
8177,5460,coupon,2770
8178,5460,coupon,1986
8179,5461,coupon,2888
8180,5462,coupon,1319
8181,5463,gift_card,261
8182,5463,gift_card,2860
8183,5464,gift_card,949
8184,5465,gift_card,768
8185,5466,credit_card,1825
8186,5466,coupon,1233
8187,5467,credit_card,346
8188,5468,credit_card,546
8189,5468,bank_transfer,2739
8190,5469,credit_card,1357
8191,5469,credit_card,2875
8192,5470,coupon,642
8193,5471,bank_transfer,2005
8194,5472,bank_transfer,1448
8195,5472,credit_card,2608
8196,5473,gift_card,2853
8197,5474,credit_card,2693
8198,5474,coupon,2681
8199,5475,bank_transfer,397
8200,5475,bank_transfer,143
8201,5476,bank_transfer,2898
8202,5476,credit_card,2040
8203,5477,coupon,2451
8204,5477,coupon,2902
8205,5478,coupon,946
8206,5478,credit_card,2476
8207,5479,coupon,1707
8208,5480,bank_transfer,2431
8209,5481,bank_transfer,1165
8210,5482,gift_card,2500
8211,5482,bank_transfer,506
8212,5483,credit_card,2874
8213,5483,bank_transfer,336
8214,5484,gift_card,2774
8215,5485,bank_transfer,188
8216,5485,gift_card,1317
8217,5486,bank_transfer,2754
8218,5487,bank_transfer,120
8219,5488,coupon,1771
8220,5489,gift_card,690
8221,5490,credit_card,1164
8222,5491,bank_transfer,2498
8223,5492,gift_card,789
8224,5492,bank_transfer,2691
8225,5493,gift_card,1836
8226,5493,credit_card,1819
8227,5494,gift_card,555
8228,5495,coupon,1423
8229,5496,credit_card,120
8230,5496,coupon,690
8231,5497,credit_card,2817
8232,5498,coupon,2563
8233,5499,credit_card,1558
8234,5499,credit_card,2334
8235,5500,bank_transfer,335
8236,5500,gift_card,2691
8237,5501,bank_transfer,391
8238,5502,credit_card,1519
8239,5502,gift_card,1126
8240,5503,coupon,920
8241,5504,bank_transfer,1780
8242,5504,bank_transfer,1886
8243,5505,credit_card,1168
8244,5505,credit_card,2526
8245,5506,gift_card,2948
8246,5507,gift_card,1814
8247,5508,bank_transfer,1748
8248,5508,gift_card,1913
8249,5509,credit_card,2176
8250,5510,gift_card,2103
8251,5510,coupon,1924
8252,5511,bank_transfer,2735
8253,5512,coupon,2130
8254,5513,coupon,1455
8255,5514,coupon,1016
8256,5514,bank_transfer,1928
8257,5515,credit_card,306
8258,5516,bank_transfer,750
8259,5516,coupon,2096
8260,5517,credit_card,2489
8261,5517,bank_transfer,971
8262,5518,bank_transfer,2207
8263,5518,coupon,2101
8264,5519,gift_card,1143
8265,5520,credit_card,1294
8266,5520,bank_transfer,1054
8267,5521,credit_card,1165
8268,5522,coupon,171
8269,5522,coupon,198
8270,5523,credit_card,2690
8271,5524,gift_card,1611
8272,5525,coupon,2644
8273,5525,gift_card,136
8274,5526,bank_transfer,273
8275,5526,gift_card,1711
8276,5527,gift_card,792
8277,5527,gift_card,885
8278,5528,coupon,309
8279,5528,bank_transfer,807
8280,5529,gift_card,2772
8281,5530,bank_transfer,716
8282,5531,bank_transfer,496
8283,5531,bank_transfer,1840
8284,5532,credit_card,2517
8285,5532,bank_transfer,2214
8286,5533,credit_card,2226
8287,5533,coupon,609
8288,5534,credit_card,2663
8289,5534,bank_transfer,274
8290,5535,credit_card,1096
8291,5536,coupon,997
8292,5537,gift_card,671
8293,5538,bank_transfer,1410
8294,5539,coupon,1745
8295,5540,bank_transfer,1397
8296,5540,coupon,2425
8297,5541,bank_transfer,2725
8298,5541,gift_card,1051
8299,5542,bank_transfer,2904
8300,5542,bank_transfer,2417
8301,5543,coupon,195
8302,5543,coupon,2852
8303,5544,credit_card,2784
8304,5544,bank_transfer,2380
8305,5545,coupon,206
8306,5546,coupon,1755
8307,5547,credit_card,1428
8308,5547,credit_card,2727
8309,5548,gift_card,1407
8310,5548,bank_transfer,1384
8311,5549,bank_transfer,2308
8312,5549,bank_transfer,2852
8313,5550,credit_card,550
8314,5550,coupon,1873
8315,5551,bank_transfer,1315
8316,5551,bank_transfer,2147
8317,5552,bank_transfer,492
8318,5552,bank_transfer,1887
8319,5553,coupon,2170
8320,5554,credit_card,2425
8321,5555,coupon,666
8322,5555,credit_card,2316
8323,5556,credit_card,2643
8324,5556,bank_transfer,1001
8325,5557,bank_transfer,2956
8326,5557,bank_transfer,1166
8327,5558,coupon,2101
8328,5559,gift_card,2147
8329,5560,gift_card,682
8330,5560,gift_card,392
8331,5561,gift_card,776
8332,5561,credit_card,1747
8333,5562,coupon,601
8334,5562,gift_card,2908
8335,5563,gift_card,2815
8336,5563,gift_card,2208
8337,5564,coupon,2707
8338,5565,gift_card,1697
8339,5565,gift_card,1385
8340,5566,bank_transfer,2086
8341,5567,credit_card,641
8342,5568,gift_card,2428
8343,5569,bank_transfer,465
8344,5569,bank_transfer,2033
8345,5570,coupon,1460
8346,5571,gift_card,134
8347,5571,gift_card,435
8348,5572,bank_transfer,1850
8349,5573,credit_card,1770
8350,5573,bank_transfer,2006
8351,5574,credit_card,1232
8352,5574,credit_card,1264
8353,5575,gift_card,2657
8354,5575,gift_card,2652
8355,5576,coupon,1931
8356,5576,bank_transfer,2690
8357,5577,credit_card,728
8358,5578,credit_card,2399
8359,5579,gift_card,310
8360,5580,coupon,2455
8361,5581,gift_card,1336
8362,5582,bank_transfer,1364
8363,5582,gift_card,1857
8364,5583,credit_card,1768
8365,5583,credit_card,615
8366,5584,gift_card,2945
8367,5585,gift_card,1629
8368,5586,credit_card,2804
8369,5587,coupon,2696
8370,5587,bank_transfer,1214
8371,5588,credit_card,360
8372,5588,coupon,1426
8373,5589,gift_card,2961
8374,5589,bank_transfer,1390
8375,5590,bank_transfer,148
8376,5590,credit_card,2558
8377,5591,bank_transfer,2073
8378,5591,gift_card,2824
8379,5592,coupon,1843
8380,5592,coupon,1351
8381,5593,gift_card,749
8382,5593,credit_card,2185
8383,5594,bank_transfer,378
8384,5594,gift_card,256
8385,5595,gift_card,1083
8386,5595,coupon,1032
8387,5596,bank_transfer,2889
8388,5596,bank_transfer,633
8389,5597,bank_transfer,2349
8390,5598,coupon,2414
8391,5599,credit_card,1243
8392,5599,bank_transfer,2070
8393,5600,coupon,1213
8394,5600,credit_card,1583
8395,5601,credit_card,695
8396,5601,bank_transfer,607
8397,5602,bank_transfer,1574
8398,5602,coupon,1578
8399,5603,coupon,513
8400,5604,credit_card,1302
8401,5605,credit_card,1291
8402,5606,coupon,1952
8403,5607,gift_card,1791
8404,5607,credit_card,2234
8405,5608,credit_card,1535
8406,5608,bank_transfer,1873
8407,5609,coupon,2702
8408,5610,gift_card,2636
8409,5611,bank_transfer,2668
8410,5611,bank_transfer,2077
8411,5612,bank_transfer,457
8412,5612,coupon,1507
8413,5613,gift_card,2638
8414,5614,credit_card,2669
8415,5615,gift_card,2860
8416,5616,gift_card,2672
8417,5616,bank_transfer,1752
8418,5617,coupon,2603
8419,5618,credit_card,2560
8420,5618,gift_card,2343
8421,5619,coupon,2015
8422,5620,credit_card,2248
8423,5621,credit_card,1875
8424,5621,bank_transfer,1953
8425,5622,credit_card,1081
8426,5622,bank_transfer,2681
8427,5623,gift_card,1711
8428,5623,bank_transfer,2734
8429,5624,gift_card,399
8430,5625,coupon,343
8431,5626,coupon,425
8432,5627,credit_card,1795
8433,5628,bank_transfer,1704
8434,5628,gift_card,290
8435,5629,gift_card,1156
8436,5629,credit_card,657
8437,5630,bank_transfer,1070
8438,5630,gift_card,662
8439,5631,gift_card,534
8440,5632,coupon,2712
8441,5632,bank_transfer,2830
8442,5633,coupon,907
8443,5634,credit_card,879
8444,5635,credit_card,2876
8445,5636,credit_card,1543
8446,5637,gift_card,1051
8447,5638,credit_card,2739
8448,5639,credit_card,1374
8449,5639,gift_card,2576
8450,5640,bank_transfer,2787
8451,5640,coupon,2708
8452,5641,bank_transfer,1032
8453,5641,coupon,2559
8454,5642,bank_transfer,2890
8455,5642,coupon,963
8456,5643,bank_transfer,1935
8457,5644,gift_card,2790
8458,5644,coupon,2408
8459,5645,gift_card,910
8460,5646,coupon,675
8461,5646,bank_transfer,2075
8462,5647,coupon,1090
8463,5648,coupon,1795
8464,5649,gift_card,1474
8465,5650,coupon,2653
8466,5650,gift_card,2029
8467,5651,coupon,1762
8468,5651,coupon,885
8469,5652,bank_transfer,1616
8470,5652,coupon,242
8471,5653,credit_card,2197
8472,5654,coupon,1737
8473,5655,coupon,505
8474,5655,bank_transfer,2684
8475,5656,gift_card,148
8476,5656,coupon,190
8477,5657,credit_card,2826
8478,5657,bank_transfer,358
8479,5658,coupon,111
8480,5658,gift_card,1964
8481,5659,credit_card,679
8482,5659,coupon,1618
8483,5660,gift_card,190
8484,5660,coupon,2882
8485,5661,coupon,221
8486,5662,bank_transfer,860
8487,5663,bank_transfer,1206
8488,5664,credit_card,2488
8489,5665,bank_transfer,2252
8490,5666,coupon,1165
8491,5667,coupon,706
8492,5668,gift_card,1800
8493,5668,coupon,1680
8494,5669,credit_card,1194
8495,5669,bank_transfer,1021
8496,5670,bank_transfer,2097
8497,5670,coupon,175
8498,5671,bank_transfer,2219
8499,5671,credit_card,200
8500,5672,coupon,1663
8501,5673,coupon,2766
8502,5673,gift_card,963
8503,5674,coupon,1306
8504,5675,bank_transfer,270
8505,5676,gift_card,1033
8506,5676,coupon,128
8507,5677,coupon,792
8508,5677,coupon,2891
8509,5678,gift_card,2028
8510,5678,bank_transfer,570
8511,5679,credit_card,447
8512,5679,coupon,522
8513,5680,credit_card,2427
8514,5680,gift_card,1816
8515,5681,gift_card,854
8516,5681,bank_transfer,2467
8517,5682,bank_transfer,2831
8518,5682,bank_transfer,2512
8519,5683,coupon,2541
8520,5683,bank_transfer,2607
8521,5684,credit_card,1846
8522,5685,gift_card,1252
8523,5686,credit_card,1285
8524,5686,gift_card,460
8525,5687,bank_transfer,720
8526,5688,coupon,2141
8527,5688,coupon,1679
8528,5689,gift_card,2356
8529,5690,gift_card,1619
8530,5691,credit_card,850
8531,5691,gift_card,1711
8532,5692,gift_card,703
8533,5693,coupon,576
8534,5694,coupon,2172
8535,5694,credit_card,2153
8536,5695,credit_card,648
8537,5696,gift_card,2472
8538,5696,gift_card,661
8539,5697,bank_transfer,1005
8540,5697,coupon,1669
8541,5698,bank_transfer,205
8542,5699,coupon,1391
8543,5700,coupon,386
8544,5700,coupon,128
8545,5701,credit_card,1335
8546,5702,coupon,311
8547,5702,bank_transfer,794
8548,5703,credit_card,924
8549,5703,gift_card,1701
8550,5704,coupon,2320
8551,5704,bank_transfer,2494
8552,5705,gift_card,1218
8553,5705,gift_card,2693
8554,5706,bank_transfer,2270
8555,5706,credit_card,277
8556,5707,gift_card,454
8557,5708,gift_card,940
8558,5709,gift_card,271
8559,5709,bank_transfer,1279
8560,5710,bank_transfer,2507
8561,5710,bank_transfer,715
8562,5711,credit_card,1369
8563,5711,bank_transfer,869
8564,5712,coupon,1365
8565,5713,gift_card,1652
8566,5713,credit_card,1222
8567,5714,bank_transfer,125
8568,5715,coupon,2950
8569,5715,bank_transfer,1168
8570,5716,bank_transfer,2353
8571,5717,credit_card,660
8572,5717,bank_transfer,2054
8573,5718,credit_card,1215
8574,5718,bank_transfer,864
8575,5719,gift_card,1215
8576,5720,gift_card,2901
8577,5721,bank_transfer,1393
8578,5721,coupon,250
8579,5722,coupon,2483
8580,5723,coupon,2204
8581,5724,bank_transfer,2972
8582,5724,gift_card,724
8583,5725,gift_card,2521
8584,5725,credit_card,1027
8585,5726,coupon,1299
8586,5727,coupon,2994
8587,5727,credit_card,1017
8588,5728,bank_transfer,1203
8589,5728,bank_transfer,2289
8590,5729,gift_card,2969
8591,5729,coupon,1812
8592,5730,gift_card,489
8593,5731,bank_transfer,2501
8594,5732,gift_card,169
8595,5732,gift_card,1840
8596,5733,gift_card,2250
8597,5733,gift_card,2325
8598,5734,credit_card,1550
8599,5734,coupon,1890
8600,5735,bank_transfer,1742
8601,5736,gift_card,2013
8602,5737,bank_transfer,1454
8603,5737,bank_transfer,1079
8604,5738,gift_card,2000
8605,5739,bank_transfer,1846
8606,5739,gift_card,142
8607,5740,gift_card,767
8608,5740,gift_card,2003
8609,5741,credit_card,2958
8610,5742,bank_transfer,1153
8611,5743,coupon,414
8612,5743,coupon,2213
8613,5744,coupon,137
8614,5745,bank_transfer,189
8615,5745,bank_transfer,1688
8616,5746,bank_transfer,2907
8617,5746,coupon,1160
8618,5747,coupon,2731
8619,5748,bank_transfer,1950
8620,5749,coupon,1715
8621,5749,credit_card,1966
8622,5750,gift_card,215
8623,5750,credit_card,964
8624,5751,bank_transfer,796
8625,5752,bank_transfer,1587
8626,5752,bank_transfer,1096
8627,5753,credit_card,2011
8628,5753,bank_transfer,1300
8629,5754,coupon,2251
8630,5754,coupon,1400
8631,5755,bank_transfer,1586
8632,5755,gift_card,1916
8633,5756,gift_card,673
8634,5757,credit_card,1001
8635,5757,credit_card,2617
8636,5758,bank_transfer,1664
8637,5759,gift_card,1398
8638,5759,gift_card,2989
8639,5760,coupon,840
8640,5761,credit_card,407
8641,5762,gift_card,655
8642,5763,credit_card,2774
8643,5764,coupon,1777
8644,5765,bank_transfer,765
8645,5766,bank_transfer,1710
8646,5767,bank_transfer,533
8647,5768,credit_card,543
8648,5768,credit_card,255
8649,5769,gift_card,2106
8650,5769,bank_transfer,2425
8651,5770,gift_card,1528
8652,5770,coupon,1618
8653,5771,bank_transfer,1610
8654,5772,bank_transfer,2169
8655,5773,gift_card,296
8656,5774,gift_card,1333
8657,5775,credit_card,2692
8658,5775,bank_transfer,1855
8659,5776,coupon,1758
8660,5777,bank_transfer,162
8661,5778,gift_card,1089
8662,5779,gift_card,2872
8663,5779,coupon,1810
8664,5780,credit_card,1046
8665,5780,coupon,562
8666,5781,bank_transfer,245
8667,5782,coupon,998
8668,5782,gift_card,1534
8669,5783,gift_card,2855
8670,5783,gift_card,1851
8671,5784,bank_transfer,2221
8672,5785,gift_card,2466
8673,5785,bank_transfer,1348
8674,5786,bank_transfer,200
8675,5786,coupon,2249
8676,5787,bank_transfer,1452
8677,5788,gift_card,2335
8678,5789,gift_card,510
8679,5790,credit_card,2434
8680,5791,bank_transfer,645
8681,5791,credit_card,2912
8682,5792,credit_card,702
8683,5792,coupon,1809
8684,5793,gift_card,1203
8685,5794,coupon,354
8686,5794,bank_transfer,2117
8687,5795,coupon,2531
8688,5796,coupon,1606
8689,5797,credit_card,1582
8690,5798,credit_card,296
8691,5798,credit_card,212
8692,5799,bank_transfer,2405
8693,5800,gift_card,2933
8694,5801,gift_card,368
8695,5801,bank_transfer,1447
8696,5802,credit_card,1591
8697,5802,credit_card,1629
8698,5803,gift_card,245
8699,5803,coupon,672
8700,5804,coupon,2734
8701,5804,bank_transfer,2937
8702,5805,gift_card,1348
8703,5806,bank_transfer,142
8704,5807,gift_card,2985
8705,5808,bank_transfer,2232
8706,5808,coupon,440
8707,5809,coupon,2097
8708,5810,coupon,1813
8709,5810,gift_card,2552
8710,5811,bank_transfer,1827
8711,5812,gift_card,440
8712,5813,gift_card,1113
8713,5814,gift_card,2996
8714,5814,bank_transfer,1186
8715,5815,gift_card,1382
8716,5816,bank_transfer,1681
8717,5816,coupon,2176
8718,5817,bank_transfer,2174
8719,5818,credit_card,1333
8720,5818,coupon,2776
8721,5819,coupon,1590
8722,5819,coupon,1006
8723,5820,credit_card,216
8724,5820,coupon,2094
8725,5821,gift_card,1728
8726,5821,bank_transfer,668
8727,5822,coupon,2509
8728,5823,credit_card,2681
8729,5823,coupon,2384
8730,5824,gift_card,2051
8731,5825,bank_transfer,2920
8732,5825,bank_transfer,186
8733,5826,bank_transfer,2012
8734,5827,credit_card,2295
8735,5827,credit_card,2245
8736,5828,credit_card,2365
8737,5828,bank_transfer,1271
8738,5829,credit_card,910
8739,5829,gift_card,1336
8740,5830,coupon,2307
8741,5830,bank_transfer,446
8742,5831,coupon,2109
8743,5832,bank_transfer,1380
8744,5833,gift_card,2898
8745,5833,gift_card,2686
8746,5834,gift_card,474
8747,5834,gift_card,2798
8748,5835,bank_transfer,599
8749,5836,bank_transfer,1832
8750,5836,credit_card,1849
8751,5837,bank_transfer,1563
8752,5837,credit_card,471
8753,5838,credit_card,2677
8754,5838,bank_transfer,1017
8755,5839,bank_transfer,1044
8756,5840,credit_card,205
8757,5840,bank_transfer,962
8758,5841,coupon,2317
8759,5842,credit_card,1439
8760,5842,bank_transfer,580
8761,5843,credit_card,726
8762,5844,coupon,1756
8763,5845,gift_card,2693
8764,5845,credit_card,2911
8765,5846,gift_card,2489
8766,5847,coupon,1064
8767,5848,credit_card,2032
8768,5849,gift_card,182
8769,5850,coupon,2370
8770,5850,credit_card,1051
8771,5851,bank_transfer,2850
8772,5852,credit_card,1137
8773,5852,gift_card,1775
8774,5853,coupon,1127
8775,5853,coupon,2074
8776,5854,credit_card,954
8777,5854,credit_card,1821
8778,5855,bank_transfer,2280
8779,5856,bank_transfer,281
8780,5856,bank_transfer,561
8781,5857,coupon,288
8782,5857,coupon,950
8783,5858,gift_card,1882
8784,5858,gift_card,2993
8785,5859,coupon,244
8786,5860,credit_card,2036
8787,5860,bank_transfer,2840
8788,5861,coupon,2839
8789,5861,coupon,144
8790,5862,credit_card,277
8791,5863,gift_card,127
8792,5863,gift_card,1794
8793,5864,gift_card,1172
8794,5865,bank_transfer,306
8795,5866,gift_card,724
8796,5866,credit_card,2328
8797,5867,credit_card,2927
8798,5867,credit_card,2644
8799,5868,credit_card,2083
8800,5869,bank_transfer,2604
8801,5869,bank_transfer,1884
8802,5870,gift_card,2174
8803,5870,coupon,2825
8804,5871,credit_card,1760
8805,5872,gift_card,1360
8806,5873,bank_transfer,1313
8807,5874,gift_card,2302
8808,5874,credit_card,262
8809,5875,credit_card,1094
8810,5876,coupon,2247
8811,5876,gift_card,1705
8812,5877,coupon,850
8813,5878,gift_card,1164
8814,5878,credit_card,935
8815,5879,credit_card,1537
8816,5880,bank_transfer,1054
8817,5880,credit_card,1202
8818,5881,credit_card,1467
8819,5882,credit_card,2205
8820,5882,credit_card,1558
8821,5883,credit_card,1125
8822,5883,gift_card,282
8823,5884,coupon,1519
8824,5885,credit_card,2741
8825,5886,bank_transfer,1138
8826,5886,credit_card,739
8827,5887,credit_card,639
8828,5888,coupon,1733
8829,5889,credit_card,804
8830,5890,coupon,990
8831,5891,gift_card,2447
8832,5891,bank_transfer,145
8833,5892,credit_card,105
8834,5892,gift_card,1308
8835,5893,gift_card,2122
8836,5893,bank_transfer,900
8837,5894,bank_transfer,596
8838,5895,coupon,1235
8839,5896,credit_card,1927
8840,5897,coupon,989
8841,5898,credit_card,2191
8842,5899,gift_card,841
8843,5900,coupon,692
8844,5900,bank_transfer,1981
8845,5901,gift_card,2425
8846,5901,gift_card,506
8847,5902,coupon,523
8848,5902,gift_card,2040
8849,5903,bank_transfer,2123
8850,5904,credit_card,1733
8851,5905,credit_card,213
8852,5905,credit_card,1289
8853,5906,coupon,2398
8854,5907,bank_transfer,2746
8855,5908,bank_transfer,2328
8856,5908,gift_card,1259
8857,5909,gift_card,1159
8858,5909,credit_card,863
8859,5910,gift_card,805
8860,5911,coupon,1305
8861,5911,credit_card,2888
8862,5912,credit_card,439
8863,5913,gift_card,1852
8864,5914,credit_card,245
8865,5915,bank_transfer,372
8866,5915,credit_card,2277
8867,5916,coupon,1732
8868,5916,credit_card,1338
8869,5917,gift_card,1428
8870,5917,coupon,119
8871,5918,coupon,2685
8872,5918,coupon,823
8873,5919,credit_card,675
8874,5920,coupon,2501
8875,5920,coupon,1651
8876,5921,credit_card,1679
8877,5921,credit_card,1947
8878,5922,credit_card,1591
8879,5922,credit_card,2450
8880,5923,bank_transfer,279
8881,5923,bank_transfer,686
8882,5924,credit_card,2278
8883,5925,credit_card,2619
8884,5926,bank_transfer,809
8885,5927,bank_transfer,1617
8886,5928,bank_transfer,589
8887,5929,bank_transfer,2881
8888,5929,gift_card,743
8889,5930,coupon,1621
8890,5930,coupon,1561
8891,5931,credit_card,1511
8892,5932,coupon,1112
8893,5933,bank_transfer,1287
8894,5933,bank_transfer,1281
8895,5934,credit_card,956
8896,5935,bank_transfer,2692
8897,5935,coupon,1134
8898,5936,gift_card,1159
8899,5936,credit_card,383
8899,5937,coupon,1277
8900,5938,coupon,1178
8901,5939,bank_transfer,1987
8902,5940,bank_transfer,712
8903,5940,gift_card,2976
8904,5941,credit_card,1733
8905,5941,coupon,2859
8906,5942,coupon,669
8907,5943,coupon,1153
8908,5943,bank_transfer,1068
8909,5944,bank_transfer,1790
8910,5944,credit_card,2263
8911,5945,gift_card,1484
8912,5945,credit_card,2582
8913,5946,gift_card,1478
8914,5946,coupon,2448
8915,5947,gift_card,1517
8916,5947,credit_card,2925
8917,5948,bank_transfer,1389
8918,5949,gift_card,1565
8919,5950,coupon,1170
8920,5951,coupon,1545
8921,5952,credit_card,1291
8922,5953,gift_card,2861
8923,5953,credit_card,111
8924,5954,bank_transfer,2372
8925,5955,coupon,2886
8926,5955,bank_transfer,1314
8927,5956,credit_card,2017
8928,5956,coupon,1573
8929,5957,bank_transfer,1420
8930,5957,coupon,1965
8931,5958,credit_card,1153
8932,5959,gift_card,973
8933,5959,coupon,2470
8934,5960,bank_transfer,681
8935,5961,coupon,2334
8936,5961,bank_transfer,1598
8937,5962,gift_card,804
8938,5963,coupon,603
8939,5964,coupon,2063
8940,5965,gift_card,2636
8941,5966,gift_card,221
8942,5966,bank_transfer,685
8943,5967,coupon,247
8944,5968,credit_card,675
8945,5969,credit_card,2404
8946,5969,gift_card,2132
8947,5970,credit_card,2383
8948,5970,bank_transfer,2745
8949,5971,credit_card,1041
8950,5972,coupon,294
8951,5973,coupon,1339
8952,5974,coupon,314
8953,5975,bank_transfer,1163
8954,5975,coupon,1236
8955,5976,credit_card,1282
8956,5977,bank_transfer,3000
8957,5977,credit_card,2434
8958,5978,credit_card,772
8959,5978,coupon,1826
8960,5979,coupon,551
8961,5980,credit_card,288
8962,5980,gift_card,1464
8963,5981,coupon,905
8964,5981,coupon,1593
8965,5982,gift_card,2282
8966,5982,credit_card,1919
8967,5983,gift_card,1662
8968,5984,credit_card,2630
8969,5985,coupon,1484
8970,5986,bank_transfer,2650
8971,5986,coupon,1114
8972,5987,credit_card,2424
8973,5987,credit_card,1877
8974,5988,bank_transfer,210
8975,5989,gift_card,2287
8976,5989,coupon,489
8977,5990,gift_card,2789
8978,5990,coupon,691
8979,5991,gift_card,2009
8980,5992,coupon,2491
8981,5993,coupon,780
8982,5993,credit_card,980
8983,5994,coupon,2524
8984,5995,bank_transfer,2624
8985,5995,gift_card,271
8986,5996,credit_card,1382
8987,5996,coupon,2209
8988,5997,coupon,2250
8989,5998,credit_card,178
8990,5998,bank_transfer,108
8991,5999,bank_transfer,450
8992,5999,credit_card,849
8993,6000,credit_card,1893
8994,6000,bank_transfer,1993
8995,6001,gift_card,2041
8996,6002,bank_transfer,852
8997,6002,coupon,255
8998,6003,credit_card,1973
8999,6003,gift_card,945
9000,6004,bank_transfer,2609
9001,6005,credit_card,551
9002,6006,bank_transfer,1991
9003,6007,coupon,2175
9004,6008,coupon,1008
9005,6009,gift_card,1988
9006,6010,credit_card,2865
9007,6011,credit_card,1079
9008,6011,gift_card,2466
9009,6012,bank_transfer,1597
9010,6012,gift_card,1146
9011,6013,gift_card,350
9012,6013,bank_transfer,2981
9013,6014,bank_transfer,133
9014,6014,gift_card,2236
9015,6015,gift_card,1501
9016,6015,gift_card,2885
9017,6016,bank_transfer,534
9018,6016,credit_card,2861
9019,6017,bank_transfer,1793
9020,6017,credit_card,2154
9021,6018,bank_transfer,557
9022,6018,credit_card,1577
9023,6019,gift_card,705
9024,6020,bank_transfer,1388
9025,6020,gift_card,2703
9025,6021,credit_card,1544
9026,6022,gift_card,377
9027,6023,gift_card,174
9028,6024,coupon,230
9029,6024,bank_transfer,472
9030,6025,gift_card,1172
9031,6025,gift_card,1786
9032,6026,gift_card,2182
9033,6026,credit_card,2856
9034,6027,gift_card,1449
9035,6027,credit_card,2526
9036,6028,coupon,2470
9037,6028,gift_card,1908
9038,6029,coupon,2613
9039,6030,gift_card,254
9040,6031,bank_transfer,2505
9041,6031,gift_card,2244
9042,6032,credit_card,2050
9043,6033,coupon,1403
9044,6034,coupon,2980
9045,6034,bank_transfer,2721
9046,6035,coupon,315
9047,6036,gift_card,254
9048,6037,credit_card,258
9049,6038,gift_card,1464
9050,6039,bank_transfer,2342
9051,6040,bank_transfer,588
9052,6041,bank_transfer,1446
9053,6041,bank_transfer,739
9054,6042,credit_card,1590
9055,6042,gift_card,920
9056,6043,bank_transfer,786
9057,6044,bank_transfer,2087
9058,6044,gift_card,626
9059,6045,bank_transfer,2104
9060,6045,credit_card,1345
9061,6046,gift_card,2790
9062,6047,coupon,2491
9063,6048,credit_card,1056
9064,6049,credit_card,2756
9065,6050,credit_card,2028
9066,6051,gift_card,865
9067,6051,credit_card,512
9068,6052,gift_card,2532
9069,6053,gift_card,1895
9070,6053,credit_card,1208
9071,6054,coupon,2838
9072,6055,credit_card,2561
9073,6055,gift_card,189
9074,6056,bank_transfer,2786
9075,6057,credit_card,1828
9076,6058,credit_card,1557
9077,6059,credit_card,1675
9078,6059,coupon,2529
9079,6060,credit_card,1692
9080,6060,coupon,2827
9081,6061,coupon,470
9082,6062,coupon,1795
9083,6063,gift_card,593
9084,6064,coupon,2495
9085,6065,gift_card,1961
9086,6066,bank_transfer,2197
9087,6066,gift_card,235
9088,6067,coupon,1945
9089,6067,credit_card,1720
9090,6068,gift_card,2727
9091,6069,credit_card,2514
9092,6070,gift_card,445
9093,6071,gift_card,231
9094,6071,gift_card,1785
9095,6072,gift_card,1321
9096,6073,gift_card,1143
9097,6074,coupon,2186
9098,6075,gift_card,1273
9099,6075,coupon,2219
9100,6076,credit_card,2483
9101,6076,gift_card,251
9102,6077,credit_card,1516
9103,6078,bank_transfer,294
9104,6078,credit_card,2672
9105,6079,credit_card,2250
9106,6080,gift_card,1123
9107,6081,coupon,879
9108,6082,bank_transfer,1191
9109,6083,bank_transfer,1290
9110,6084,bank_transfer,642
9111,6085,credit_card,630
9112,6086,gift_card,426
9113,6086,coupon,1054
9114,6087,bank_transfer,705
9115,6087,credit_card,1547
9116,6088,gift_card,2906
9117,6089,coupon,1968
9118,6090,bank_transfer,1453
9119,6090,gift_card,885
9120,6091,gift_card,1697
9121,6092,gift_card,2554
9122,6093,coupon,2552
9123,6094,coupon,1892
9124,6094,gift_card,286
9125,6095,coupon,2142
9126,6096,bank_transfer,542
9127,6096,credit_card,436
9128,6097,bank_transfer,1147
9129,6098,credit_card,1312
9130,6098,credit_card,1424
9131,6099,credit_card,2186
9132,6099,coupon,105
9133,6100,gift_card,2662
9134,6100,credit_card,1209
9135,6101,bank_transfer,286
9136,6101,coupon,1927
9137,6102,credit_card,610
9138,6103,coupon,588
9139,6104,bank_transfer,2744
9140,6104,bank_transfer,800
9141,6105,bank_transfer,2380
9142,6105,credit_card,1313
9143,6106,credit_card,375
9144,6107,gift_card,1726
9145,6107,gift_card,1678
9146,6108,credit_card,2364
9147,6109,coupon,2005
9148,6110,gift_card,2950
9149,6111,credit_card,2001
9150,6111,credit_card,1792
9151,6112,credit_card,1652
9152,6112,bank_transfer,1625
9153,6113,coupon,328
9154,6114,bank_transfer,176
9155,6114,bank_transfer,2492
9156,6115,bank_transfer,782
9157,6115,coupon,245
9158,6116,coupon,567
9159,6116,credit_card,1610
9160,6117,bank_transfer,759
9161,6117,bank_transfer,835
9162,6118,coupon,1393
9163,6118,bank_transfer,654
9164,6119,credit_card,2430
9165,6120,credit_card,1262
9166,6120,gift_card,2029
9167,6121,coupon,2430
9168,6122,bank_transfer,525
9169,6123,credit_card,846
9170,6124,bank_transfer,125
9171,6125,credit_card,2595
9172,6126,credit_card,2427
9173,6127,coupon,1157
9174,6127,credit_card,2465
9175,6128,bank_transfer,1061
9176,6129,credit_card,347
9177,6129,credit_card,1575
9178,6130,gift_card,1019
9179,6130,coupon,2977
9180,6131,gift_card,2484
9181,6132,credit_card,2106
9182,6133,bank_transfer,2839
9183,6134,bank_transfer,412
9184,6134,bank_transfer,407
9185,6135,gift_card,741
9186,6136,gift_card,1901
9187,6136,coupon,2462
9188,6137,gift_card,756
9189,6138,gift_card,748
9190,6138,bank_transfer,763
9191,6139,bank_transfer,1635
9192,6139,gift_card,1375
9193,6140,bank_transfer,428
9194,6141,coupon,510
9195,6141,coupon,171
9196,6142,coupon,2104
9197,6142,credit_card,1869
9198,6143,credit_card,1479
9199,6143,coupon,1731
9200,6144,bank_transfer,2829
9201,6145,gift_card,608
9202,6146,coupon,1649
9203,6146,coupon,2480
9204,6147,bank_transfer,797
9205,6148,bank_transfer,784
9206,6149,coupon,2509
9207,6150,coupon,1283
9208,6150,bank_transfer,2062
9209,6151,gift_card,1237
9210,6152,credit_card,2262
9211,6152,bank_transfer,1114
9212,6153,coupon,1773
9213,6153,gift_card,2016
9214,6154,gift_card,1364
9215,6154,credit_card,475
9216,6155,gift_card,1673
9217,6155,bank_transfer,1891
9218,6156,credit_card,2895
9219,6156,bank_transfer,1655
9220,6157,bank_transfer,1586
9221,6157,bank_transfer,2986
9222,6158,credit_card,1456
9223,6158,coupon,2214
9224,6159,credit_card,2808
9225,6160,bank_transfer,2324
9226,6161,credit_card,864
9227,6162,bank_transfer,2858
9228,6162,credit_card,2973
9229,6163,coupon,1800
9230,6164,coupon,2361
9231,6164,gift_card,961
9232,6165,bank_transfer,1365
9233,6166,coupon,2536
9234,6167,credit_card,1376
9235,6167,bank_transfer,1635
9236,6168,coupon,749
9237,6168,coupon,896
9238,6169,credit_card,998
9239,6170,gift_card,2874
9240,6170,credit_card,670
9241,6171,bank_transfer,677
9242,6171,credit_card,1908
9243,6172,coupon,1203
9244,6173,bank_transfer,2136
9245,6174,bank_transfer,2636
9246,6175,credit_card,2916
9247,6175,bank_transfer,100
9248,6176,gift_card,1010
9249,6176,bank_transfer,264
9250,6177,credit_card,228
9251,6177,gift_card,163
9252,6178,coupon,1395
9253,6178,bank_transfer,2847
9254,6179,bank_transfer,616
9255,6180,gift_card,1489
9256,6181,bank_transfer,823
9257,6182,bank_transfer,2466
9258,6183,bank_transfer,116
9259,6184,credit_card,1684
9260,6184,credit_card,2038
9261,6185,credit_card,940
9262,6185,bank_transfer,2553
9263,6186,bank_transfer,2604
9264,6186,coupon,1893
9265,6187,gift_card,1818
9266,6188,coupon,1712
9267,6188,credit_card,1957
9268,6189,credit_card,2326
9269,6190,credit_card,1602
9270,6190,credit_card,2687
9271,6191,credit_card,510
9272,6192,coupon,153
9273,6192,bank_transfer,253
9274,6193,credit_card,462
9275,6194,coupon,752
9276,6194,bank_transfer,327
9277,6195,gift_card,650
9278,6195,bank_transfer,386
9279,6196,credit_card,2465
9280,6196,coupon,1798
9281,6197,bank_transfer,2960
9282,6198,bank_transfer,2370
9283,6198,credit_card,1502
9284,6199,gift_card,1151
9285,6200,coupon,614
9286,6201,coupon,1541
9287,6201,bank_transfer,253
9288,6202,coupon,110
9289,6202,bank_transfer,2672
9290,6203,gift_card,531
9291,6203,bank_transfer,419
9292,6204,credit_card,942
9293,6204,credit_card,1551
9294,6205,coupon,229
9295,6205,gift_card,1745
9296,6206,coupon,867
9297,6206,bank_transfer,1954
9298,6207,coupon,2376
9299,6208,credit_card,1546
9300,6208,bank_transfer,1505
9301,6209,coupon,2822
9302,6210,credit_card,2051
9303,6210,credit_card,2614
9304,6211,gift_card,1991
9305,6212,gift_card,1239
9306,6213,gift_card,650
9307,6213,credit_card,928
9308,6214,coupon,394
9309,6215,credit_card,1128
9310,6216,bank_transfer,2369
9311,6217,bank_transfer,1148
9312,6218,gift_card,1192
9313,6219,gift_card,403
9314,6220,credit_card,610
9315,6221,bank_transfer,1017
9316,6222,gift_card,974
9317,6223,bank_transfer,2765
9318,6223,coupon,2538
9319,6224,gift_card,950
9320,6224,gift_card,1954
9321,6225,credit_card,656
9322,6226,coupon,2337
9323,6227,bank_transfer,362
9324,6228,credit_card,500
9325,6229,bank_transfer,1854
9326,6230,bank_transfer,1377
9327,6231,credit_card,1845
9328,6231,coupon,2465
9329,6232,gift_card,2034
9330,6232,credit_card,117
9331,6233,credit_card,1668
9332,6234,credit_card,625
9333,6235,credit_card,1059
9334,6236,bank_transfer,583
9335,6237,gift_card,2235
9336,6238,coupon,288
9337,6238,coupon,401
9338,6239,coupon,648
9339,6240,credit_card,211
9340,6241,coupon,2098
9341,6242,bank_transfer,101
9342,6242,gift_card,2052
9343,6243,bank_transfer,610
9344,6244,credit_card,2168
9345,6244,coupon,1255
9346,6245,credit_card,1694
9347,6246,coupon,426
9348,6246,credit_card,348
9349,6247,bank_transfer,228
9350,6248,coupon,1629
9351,6248,bank_transfer,2807
9352,6249,gift_card,516
9353,6249,coupon,1824
9354,6250,coupon,112
9355,6251,gift_card,687
9356,6252,bank_transfer,162
9357,6253,gift_card,2618
9358,6253,coupon,2056
9359,6254,bank_transfer,2106
9360,6254,coupon,2096
9361,6255,gift_card,1650
9362,6256,coupon,570
9363,6257,bank_transfer,1379
9364,6257,credit_card,1633
9365,6258,credit_card,2985
9366,6259,bank_transfer,1492
9367,6259,coupon,2055
9368,6260,credit_card,2941
9369,6260,gift_card,2964
9370,6261,credit_card,2726
9371,6261,bank_transfer,1740
9372,6262,bank_transfer,703
9373,6262,bank_transfer,376
9374,6263,coupon,290
9375,6263,bank_transfer,1608
9376,6264,bank_transfer,838
9377,6265,credit_card,310
9378,6266,gift_card,840
9379,6267,credit_card,1781
9380,6268,coupon,2741
9381,6268,gift_card,746
9382,6269,credit_card,2885
9383,6270,bank_transfer,982
9384,6270,gift_card,822
9385,6271,bank_transfer,1314
9386,6272,coupon,1105
9387,6273,bank_transfer,179
9388,6274,credit_card,2846
9389,6274,credit_card,2165
9390,6275,coupon,2463
9391,6275,coupon,960
9392,6276,bank_transfer,522
9393,6276,gift_card,1188
9394,6277,bank_transfer,1347
9395,6278,bank_transfer,514
9396,6279,bank_transfer,239
9397,6280,credit_card,2673
9398,6280,bank_transfer,1030
9399,6281,credit_card,1133
9400,6282,gift_card,2487
9401,6282,coupon,1629
9402,6283,credit_card,2465
9403,6284,coupon,876
9404,6284,coupon,1451
9405,6285,credit_card,1267
9406,6285,credit_card,162
9407,6286,coupon,1933
9408,6287,coupon,2631
9409,6287,bank_transfer,333
9410,6288,gift_card,823
9411,6289,coupon,2095
9412,6290,bank_transfer,1647
9413,6290,bank_transfer,1226
9414,6291,bank_transfer,2441
9415,6291,credit_card,332
9416,6292,bank_transfer,1897
9417,6292,coupon,2641
9418,6293,credit_card,2351
9419,6293,coupon,2845
9420,6294,coupon,1241
9421,6294,gift_card,925
9422,6295,bank_transfer,1686
9423,6296,gift_card,194
9424,6297,gift_card,780
9425,6297,coupon,2736
9426,6298,credit_card,665
9427,6299,gift_card,577
9428,6300,coupon,1873
9429,6301,coupon,1781
9430,6302,bank_transfer,1582
9431,6303,bank_transfer,734
9432,6304,credit_card,1580
9433,6304,bank_transfer,670
9434,6305,bank_transfer,2988
9435,6305,gift_card,1221
9436,6306,bank_transfer,347
9437,6307,gift_card,2512
9438,6307,credit_card,1563
9439,6308,coupon,1696
9440,6308,coupon,1544
9441,6309,bank_transfer,2648
9442,6310,coupon,552
9443,6311,gift_card,1872
9444,6311,bank_transfer,1273
9445,6312,credit_card,2544
9446,6313,coupon,1692
9447,6313,coupon,883
9448,6314,bank_transfer,2457
9449,6314,gift_card,424
9450,6315,bank_transfer,729
9451,6315,credit_card,2334
9452,6316,credit_card,634
9453,6317,coupon,2416
9454,6317,coupon,2017
9455,6318,coupon,848
9456,6318,gift_card,127
9457,6319,gift_card,2574
9458,6319,credit_card,2392
9459,6320,gift_card,1242
9460,6321,credit_card,2867
9461,6321,coupon,1517
9462,6322,credit_card,1948
9463,6323,gift_card,1919
9464,6323,credit_card,490
9465,6324,gift_card,1871
9466,6324,credit_card,613
9467,6325,bank_transfer,577
9468,6326,coupon,726
9469,6327,credit_card,538
9470,6328,bank_transfer,2684
9471,6328,credit_card,626
9472,6329,coupon,1290
9473,6329,credit_card,1736
9474,6330,coupon,1561
9475,6331,bank_transfer,1360
9476,6332,gift_card,982
9477,6333,credit_card,197
9478,6334,gift_card,2389
9479,6334,bank_transfer,575
9480,6335,bank_transfer,2102
9481,6336,coupon,280
9482,6337,bank_transfer,1531
9483,6338,gift_card,1849
9484,6338,coupon,1705
9485,6339,bank_transfer,688
9486,6339,coupon,613
9487,6340,coupon,2097
9488,6340,gift_card,776
9489,6341,bank_transfer,2801
9490,6341,bank_transfer,2208
9491,6342,bank_transfer,2867
9492,6343,gift_card,681
9493,6344,coupon,2617
9494,6345,credit_card,996
9495,6345,credit_card,341
9496,6346,credit_card,1651
9497,6346,gift_card,1319
9498,6347,gift_card,2369
9499,6347,bank_transfer,415
9500,6348,bank_transfer,2419
9501,6349,gift_card,409
9502,6349,gift_card,2554
9503,6350,gift_card,242
9504,6351,credit_card,130
9505,6351,credit_card,468
9506,6352,coupon,1686
9507,6352,coupon,1962
9508,6353,credit_card,1732
9509,6353,coupon,2503
9510,6354,coupon,907
9511,6354,coupon,606
9512,6355,bank_transfer,379
9513,6356,coupon,1705
9514,6357,gift_card,747
9515,6358,credit_card,2373
9516,6359,credit_card,1345
9517,6359,bank_transfer,2350
9518,6360,bank_transfer,1365
9519,6360,gift_card,936
9520,6361,gift_card,2520
9521,6362,credit_card,405
9522,6363,credit_card,2123
9523,6363,credit_card,115
9524,6364,credit_card,1192
9525,6365,credit_card,2552
9526,6365,coupon,2540
9527,6366,coupon,2284
9528,6366,bank_transfer,2727
9529,6367,bank_transfer,2570
9530,6368,gift_card,322
9531,6368,coupon,2438
9532,6369,coupon,1539
9533,6370,coupon,1026
9534,6371,bank_transfer,2262
9535,6371,bank_transfer,217
9536,6372,gift_card,383
9537,6372,gift_card,1332
9538,6373,bank_transfer,2402
9539,6374,gift_card,1189
9540,6374,coupon,2497
9541,6375,gift_card,2301
9542,6376,bank_transfer,2634
9543,6376,gift_card,2545
9544,6377,credit_card,247
9545,6377,coupon,2637
9546,6378,coupon,1640
9547,6378,coupon,734
9548,6379,bank_transfer,348
9549,6380,coupon,2173
9550,6380,gift_card,1021
9551,6381,credit_card,1181
9552,6382,coupon,1438
9553,6383,credit_card,1222
9554,6383,gift_card,2729
9555,6384,coupon,1980
9556,6385,bank_transfer,382
9557,6385,bank_transfer,196
9558,6386,coupon,2412
9559,6386,bank_transfer,2947
9560,6387,bank_transfer,1489
9561,6388,gift_card,2576
9562,6388,credit_card,2176
9563,6389,bank_transfer,1155
9564,6389,gift_card,2088
9565,6390,coupon,1148
9566,6391,gift_card,695
9567,6392,coupon,2493
9568,6393,bank_transfer,613
9569,6393,coupon,1417
9570,6394,gift_card,2304
9571,6395,credit_card,1090
9572,6395,bank_transfer,786
9573,6396,gift_card,1673
9574,6397,credit_card,2591
9575,6398,coupon,1187
9576,6398,coupon,2677
9577,6399,credit_card,565
9578,6400,gift_card,1909
9579,6400,coupon,168
9580,6401,coupon,646
9581,6401,gift_card,2555
9582,6402,gift_card,2261
9583,6402,gift_card,1990
9584,6403,coupon,2302
9585,6404,credit_card,2401
9586,6404,coupon,2345
9587,6405,bank_transfer,2907
9588,6405,bank_transfer,1173
9589,6406,coupon,702
9590,6406,credit_card,1020
9591,6407,bank_transfer,1558
9592,6408,coupon,811
9593,6408,bank_transfer,2312
9594,6409,bank_transfer,1971
9595,6410,gift_card,2553
9596,6410,bank_transfer,600
9597,6411,coupon,2469
9598,6411,gift_card,773
9599,6412,gift_card,785
9600,6413,credit_card,2359
9601,6414,bank_transfer,2314
9602,6415,bank_transfer,122
9603,6416,bank_transfer,1185
9604,6416,gift_card,567
9605,6417,gift_card,2464
9606,6418,coupon,1884
9607,6418,coupon,238
9608,6419,bank_transfer,1643
9609,6420,credit_card,2796
9610,6420,bank_transfer,1336
9611,6421,bank_transfer,1339
9612,6422,credit_card,211
9613,6423,coupon,2654
9614,6424,coupon,2481
9615,6424,bank_transfer,713
9616,6425,bank_transfer,1532
9617,6426,bank_transfer,745
9618,6427,gift_card,237
9619,6428,bank_transfer,2656
9620,6429,coupon,413
9621,6430,credit_card,2078
9622,6430,bank_transfer,1326
9623,6431,bank_transfer,1460
9624,6432,credit_card,1494
9625,6432,bank_transfer,2618
9626,6433,gift_card,1742
9627,6434,credit_card,1763
9628,6434,credit_card,254
9629,6435,gift_card,2871
9630,6435,bank_transfer,1219
9631,6436,bank_transfer,765
9632,6437,gift_card,153
9633,6438,gift_card,2074
9634,6438,credit_card,2770
9635,6439,coupon,705
9636,6439,credit_card,2496
9637,6440,credit_card,1063
9638,6441,bank_transfer,1557
9639,6442,coupon,2157
9640,6442,bank_transfer,884
9641,6443,gift_card,1753
9642,6443,gift_card,1949
9643,6444,credit_card,1302
9644,6444,bank_transfer,2913
9645,6445,credit_card,809
9646,6445,credit_card,904
9647,6446,gift_card,1524
9648,6447,credit_card,1378
9649,6447,coupon,1274
9650,6448,gift_card,1969
9651,6448,coupon,133
9652,6449,coupon,1888
9653,6450,credit_card,1690
9654,6450,bank_transfer,2541
9655,6451,gift_card,2784
9656,6452,credit_card,2754
9657,6453,coupon,2118
9658,6453,gift_card,2584
9659,6454,bank_transfer,1891
9660,6454,credit_card,1230
9661,6455,bank_transfer,101
9662,6455,credit_card,930
9663,6456,credit_card,1539
9664,6457,credit_card,537
9665,6458,credit_card,1706
9666,6458,bank_transfer,2965
9667,6459,bank_transfer,530
9668,6460,bank_transfer,2562
9669,6460,coupon,1272
9670,6461,bank_transfer,1493
9671,6462,coupon,1415
9672,6462,bank_transfer,2973
9673,6463,gift_card,120
9674,6464,gift_card,1175
9675,6465,coupon,2057
9676,6465,gift_card,1988
9677,6466,gift_card,1531
9678,6466,gift_card,2403
9679,6467,bank_transfer,139
9680,6467,credit_card,1132
9681,6468,coupon,2698
9682,6469,gift_card,283
9683,6469,credit_card,812
9684,6470,credit_card,1693
9685,6471,credit_card,560
9686,6472,bank_transfer,1040
9687,6472,gift_card,2012
9688,6473,bank_transfer,1368
9689,6473,bank_transfer,785
9690,6474,coupon,2869
9691,6474,bank_transfer,574
9692,6475,coupon,1404
9693,6475,credit_card,1467
9694,6476,coupon,2498
9695,6476,coupon,1201
9696,6477,bank_transfer,544
9697,6477,gift_card,2105
9698,6478,gift_card,2942
9699,6479,bank_transfer,2156
9700,6479,gift_card,1085
9701,6480,credit_card,1362
9702,6480,gift_card,1637
9703,6481,credit_card,2154
9704,6481,gift_card,281
9705,6482,coupon,1746
9706,6483,credit_card,184
9707,6484,bank_transfer,1227
9708,6484,credit_card,1071
9709,6485,gift_card,2350
9710,6485,gift_card,1511
9711,6486,credit_card,2812
9712,6486,gift_card,1370
9713,6487,bank_transfer,515
9714,6488,credit_card,2523
9715,6489,gift_card,1344
9716,6489,bank_transfer,1615
9717,6490,credit_card,295
9718,6490,credit_card,2001
9719,6491,coupon,2633
9720,6492,coupon,908
9721,6493,bank_transfer,2344
9722,6493,credit_card,2916
9723,6494,gift_card,1294
9724,6495,gift_card,824
9725,6495,gift_card,1071
9726,6496,gift_card,2157
9727,6496,coupon,2737
9728,6497,gift_card,2967
9729,6497,coupon,1817
9730,6498,gift_card,673
9731,6498,bank_transfer,1446
9732,6499,coupon,1237
9733,6500,credit_card,2809
9734,6501,bank_transfer,612
9735,6502,coupon,747
9736,6503,bank_transfer,943
9737,6504,gift_card,2288
9738,6505,gift_card,2350
9739,6505,gift_card,186
9740,6506,bank_transfer,1946
9741,6506,coupon,118
9742,6507,coupon,2528
9743,6507,credit_card,1274
9744,6508,bank_transfer,673
9745,6509,gift_card,2684
9746,6509,coupon,280
9747,6510,credit_card,1911
9748,6511,coupon,411
9749,6512,coupon,1537
9750,6512,credit_card,627
9751,6513,credit_card,216
9752,6514,gift_card,1554
9753,6515,bank_transfer,2315
9754,6515,coupon,2681
9755,6516,bank_transfer,109
9756,6516,bank_transfer,2407
9757,6517,credit_card,1317
9758,6518,gift_card,1594
9759,6518,coupon,2937
9760,6519,bank_transfer,2992
9761,6520,credit_card,2076
9762,6520,credit_card,105
9763,6521,gift_card,560
9764,6522,coupon,2271
9765,6522,gift_card,945
9766,6523,bank_transfer,1873
9767,6524,coupon,2763
9768,6525,gift_card,828
9769,6525,bank_transfer,525
9770,6526,credit_card,733
9771,6526,bank_transfer,1558
9772,6527,credit_card,1853
9773,6528,gift_card,562
9774,6528,gift_card,261
9775,6529,bank_transfer,1615
9776,6529,coupon,818
9777,6530,bank_transfer,990
9778,6530,credit_card,1770
9779,6531,credit_card,431
9780,6531,coupon,1111
9781,6532,coupon,2382
9782,6533,gift_card,575
9783,6533,credit_card,569
9784,6534,bank_transfer,1537
9785,6534,coupon,1437
9786,6535,gift_card,514
9787,6535,credit_card,873
9788,6536,bank_transfer,1885
9789,6536,credit_card,2657
9790,6537,gift_card,2234
9791,6538,coupon,927
9792,6538,coupon,1311
9793,6539,credit_card,1987
9794,6540,coupon,1280
9795,6540,bank_transfer,1910
9796,6541,credit_card,2089
9797,6541,bank_transfer,2190
9798,6542,gift_card,2011
9799,6542,coupon,1338
9800,6543,coupon,490
9801,6543,gift_card,835
9802,6544,gift_card,2293
9803,6544,gift_card,915
9804,6545,bank_transfer,744
9805,6546,credit_card,648
9806,6546,bank_transfer,926
9807,6547,bank_transfer,800
9808,6547,gift_card,1203
9809,6548,credit_card,811
9810,6549,gift_card,2356
9811,6550,credit_card,1966
9812,6550,coupon,1101
9813,6551,bank_transfer,2954
9814,6552,bank_transfer,1259
9815,6552,bank_transfer,2616
9816,6553,bank_transfer,2631
9817,6553,coupon,1722
9818,6554,coupon,297
9819,6554,coupon,150
9820,6555,credit_card,2994
9821,6555,gift_card,412
9822,6556,coupon,2620
9823,6556,coupon,1674
9824,6557,bank_transfer,375
9825,6557,credit_card,1026
9826,6558,credit_card,1075
9827,6558,bank_transfer,1131
9828,6559,bank_transfer,2125
9829,6559,bank_transfer,2819
9830,6560,gift_card,452
9831,6560,bank_transfer,1011
9832,6561,gift_card,2373
9833,6562,credit_card,2423
9834,6562,coupon,1822
9835,6563,gift_card,2910
9836,6564,credit_card,2903
9837,6565,coupon,213
9838,6565,credit_card,1299
9839,6566,gift_card,418
9840,6567,coupon,1990
9841,6568,gift_card,2775
9842,6569,bank_transfer,2710
9843,6569,gift_card,2971
9844,6570,credit_card,1510
9845,6571,bank_transfer,835
9846,6571,bank_transfer,1224
9847,6572,bank_transfer,2193
9848,6572,credit_card,2146
9849,6573,credit_card,556
9850,6574,credit_card,326
9851,6574,gift_card,985
9852,6575,bank_transfer,2044
9853,6575,credit_card,1212
9854,6576,credit_card,2365
9855,6576,coupon,581
9856,6577,coupon,476
9857,6577,gift_card,909
9858,6578,credit_card,980
9859,6578,coupon,1416
9860,6579,bank_transfer,2784
9861,6580,bank_transfer,779
9862,6581,credit_card,185
9863,6581,coupon,2893
9864,6582,bank_transfer,1480
9865,6582,gift_card,2056
9866,6583,coupon,308
9867,6583,bank_transfer,2431
9868,6584,gift_card,1287
9869,6585,coupon,263
9870,6586,gift_card,1193
9871,6586,coupon,2935
9872,6587,gift_card,2039
9873,6587,coupon,2275
9874,6588,coupon,1882
9875,6589,bank_transfer,1835
9876,6589,credit_card,2474
9877,6590,gift_card,1636
9878,6590,coupon,497
9879,6591,gift_card,2737
9880,6592,bank_transfer,2417
9881,6592,coupon,2645
9882,6593,bank_transfer,726
9883,6593,credit_card,2978
9884,6594,gift_card,1249
9885,6595,coupon,964
9886,6595,coupon,869
9887,6596,gift_card,2510
9888,6596,bank_transfer,2853
9889,6597,credit_card,405
9890,6598,credit_card,2077
9891,6598,bank_transfer,2386
9892,6599,credit_card,2575
9893,6599,bank_transfer,2663
9894,6600,coupon,619
9895,6601,gift_card,1362
9896,6601,bank_transfer,1665
9897,6602,gift_card,847
9898,6603,bank_transfer,1624
9899,6603,credit_card,2427
9900,6604,credit_card,1892
9901,6604,bank_transfer,766
9902,6605,coupon,1940
9903,6605,credit_card,1772
9904,6606,credit_card,2416
9905,6606,coupon,1551
9906,6607,credit_card,1259
9907,6608,credit_card,1758
9908,6608,coupon,1279
9909,6609,bank_transfer,895
9910,6609,bank_transfer,2286
9911,6610,gift_card,1157
9912,6611,gift_card,732
9913,6611,bank_transfer,2748
9914,6612,bank_transfer,779
9915,6613,gift_card,557
9916,6614,coupon,2563
9917,6614,credit_card,1240
9918,6615,bank_transfer,649
9919,6615,credit_card,2929
9920,6616,credit_card,1576
9921,6617,gift_card,2310
9922,6618,bank_transfer,1096
9923,6619,bank_transfer,2004
9924,6619,gift_card,1570
9925,6620,credit_card,1083
9926,6620,bank_transfer,2123
9927,6621,credit_card,2114
9928,6622,gift_card,2608
9929,6623,credit_card,2171
9930,6624,coupon,1995
9931,6624,credit_card,928
9932,6625,credit_card,1851
9933,6625,bank_transfer,414
9934,6626,gift_card,169
9935,6627,credit_card,1400
9936,6628,gift_card,2726
9937,6628,coupon,1312
9938,6629,credit_card,448
9939,6629,credit_card,2696
9940,6630,bank_transfer,973
9941,6631,credit_card,1339
9942,6632,gift_card,2794
9943,6633,bank_transfer,2308
9944,6634,bank_transfer,277
9945,6635,gift_card,661
9946,6636,bank_transfer,1265
9947,6636,bank_transfer,1532
9948,6637,credit_card,118
9949,6638,bank_transfer,2868
9950,6638,bank_transfer,2678
9951,6639,coupon,324
9952,6639,credit_card,423
9953,6640,credit_card,513
9954,6640,coupon,1390
9955,6641,credit_card,2573
9956,6642,gift_card,2847
9957,6642,gift_card,2705
9958,6643,gift_card,2408
9959,6644,coupon,2359
9960,6644,credit_card,1732
9961,6645,credit_card,2621
9962,6645,bank_transfer,1521
9963,6646,bank_transfer,832
9964,6646,gift_card,1967
9965,6647,gift_card,975
9966,6647,bank_transfer,1415
9967,6648,coupon,735
9968,6649,coupon,2858
9969,6650,gift_card,1320
9970,6650,gift_card,2874
9971,6651,coupon,1238
9972,6652,credit_card,1499
9973,6653,credit_card,2334
9974,6653,gift_card,2315
9975,6654,gift_card,1390
9976,6655,bank_transfer,1940
9977,6655,bank_transfer,246
9978,6656,credit_card,1678
9979,6657,credit_card,1605
9980,6658,gift_card,1389
9981,6658,gift_card,298
9982,6659,coupon,1939
9983,6659,bank_transfer,914
9984,6660,gift_card,2109
9985,6661,gift_card,1293
9986,6661,bank_transfer,1560
9987,6662,credit_card,2515
9988,6663,gift_card,1742
9989,6664,gift_card,1222
9990,6665,gift_card,1283
9991,6666,credit_card,1518
9992,6667,coupon,2544
9993,6667,coupon,155
9994,6668,bank_transfer,2298
9995,6669,credit_card,1643
9996,6669,coupon,659
9997,6670,gift_card,2087
9998,6670,gift_card,1964
9999,6671,gift_card,1459
10000,6671,credit_card,2658
10001,6672,gift_card,2340
10002,6673,gift_card,594
10003,6674,credit_card,1505
10004,6674,gift_card,1467
10005,6675,bank_transfer,2037
10006,6676,gift_card,325
10007,6677,bank_transfer,2177
10008,6677,gift_card,1130
10009,6678,bank_transfer,1482
10010,6679,coupon,868
10011,6680,coupon,1356
10012,6681,coupon,2828
10013,6681,coupon,534
10014,6682,bank_transfer,665
10015,6682,credit_card,2981
10016,6683,credit_card,526
10017,6683,bank_transfer,2544
10018,6684,bank_transfer,2368
10019,6684,bank_transfer,907
10020,6685,bank_transfer,1049
10021,6686,gift_card,1553
10022,6687,bank_transfer,627
10023,6688,bank_transfer,1021
10024,6688,coupon,1317
10025,6689,coupon,1630
10026,6689,credit_card,1666
10027,6690,coupon,344
10028,6691,bank_transfer,1059
10029,6691,bank_transfer,2259
10030,6692,bank_transfer,1213
10031,6692,credit_card,1701
10032,6693,credit_card,164
10033,6694,credit_card,1008
10034,6694,coupon,1612
10035,6695,coupon,2942
10036,6695,credit_card,2110
10037,6696,gift_card,831
10038,6697,coupon,1691
10039,6698,gift_card,980
10040,6698,gift_card,1665
10041,6699,gift_card,226
10042,6700,bank_transfer,1084
10043,6700,gift_card,791
10044,6701,bank_transfer,2028
10045,6702,bank_transfer,2128
10046,6703,bank_transfer,1817
10047,6703,credit_card,1955
10048,6704,gift_card,1608
10049,6704,bank_transfer,1998
10050,6705,coupon,967
10051,6705,coupon,2343
10052,6706,credit_card,1157
10053,6706,credit_card,702
10054,6707,bank_transfer,497
10055,6708,bank_transfer,2941
10056,6709,coupon,2087
10057,6709,credit_card,2930
10058,6710,coupon,585
10059,6710,coupon,2198
10060,6711,gift_card,792
10061,6711,bank_transfer,481
10062,6712,credit_card,1542
10063,6712,coupon,309
10064,6713,coupon,807
10065,6713,coupon,2014
10066,6714,bank_transfer,1701
10067,6715,bank_transfer,1588
10068,6716,gift_card,1622
10069,6716,gift_card,707
10070,6717,credit_card,1655
10071,6717,gift_card,1556
10072,6718,bank_transfer,2327
10073,6718,credit_card,1178
10074,6719,coupon,1771
10075,6720,bank_transfer,1650
10076,6720,bank_transfer,481
10077,6721,gift_card,233
10078,6721,bank_transfer,580
10079,6722,credit_card,2789
10080,6723,credit_card,2160
10081,6723,credit_card,416
10082,6724,coupon,905
10083,6724,gift_card,1061
10084,6725,gift_card,275
10085,6726,gift_card,2778
10086,6727,gift_card,1817
10087,6727,coupon,2144
10088,6728,gift_card,385
10089,6729,credit_card,2061
10090,6729,credit_card,109
10091,6730,coupon,1584
10092,6731,credit_card,2833
10093,6731,gift_card,549
10094,6732,bank_transfer,2588
10095,6733,credit_card,1609
10096,6734,coupon,603
10097,6735,gift_card,2805
10098,6735,bank_transfer,2363
10099,6736,bank_transfer,1517
10100,6737,coupon,2038
10101,6737,bank_transfer,2543
10102,6738,credit_card,627
10103,6739,gift_card,639
10104,6739,credit_card,866
10105,6740,credit_card,2667
10106,6740,gift_card,1002
10107,6741,credit_card,1421
10108,6742,credit_card,1272
10109,6742,gift_card,494
10110,6743,coupon,1713
10111,6743,bank_transfer,1617
10112,6744,credit_card,185
10113,6744,coupon,1812
10114,6745,credit_card,657
10115,6745,bank_transfer,551
10116,6746,credit_card,2293
10117,6747,credit_card,2977
10118,6747,bank_transfer,967
10119,6748,coupon,1921
10120,6748,coupon,2021
10121,6749,coupon,2224
10122,6749,bank_transfer,597
10123,6750,gift_card,483
10124,6750,bank_transfer,554
10125,6751,bank_transfer,646
10126,6751,gift_card,2667
10127,6752,coupon,1405
10128,6753,gift_card,2628
10129,6753,credit_card,2975
10130,6754,coupon,288
10131,6755,coupon,693
10132,6755,coupon,2484
10133,6756,coupon,378
10134,6757,coupon,797
10135,6757,credit_card,358
10136,6758,credit_card,281
10137,6758,credit_card,1655
10138,6759,gift_card,301
10139,6760,credit_card,157
10140,6761,bank_transfer,2927
10141,6761,gift_card,2037
10142,6762,bank_transfer,2643
10143,6762,coupon,2354
10144,6763,bank_transfer,2568
10145,6763,credit_card,591
10146,6764,bank_transfer,1810
10147,6765,gift_card,874
10148,6766,coupon,2557
10149,6766,gift_card,2083
10150,6767,coupon,1516
10151,6768,bank_transfer,582
10152,6769,gift_card,1306
10153,6770,credit_card,899
10154,6771,coupon,1895
10155,6771,credit_card,622
10156,6772,coupon,1210
10157,6772,credit_card,855
10158,6773,credit_card,2744
10159,6773,credit_card,1550
10160,6774,gift_card,2081
10161,6775,credit_card,2829
10162,6775,credit_card,1316
10163,6776,coupon,1431
10164,6776,gift_card,532
10165,6777,bank_transfer,937
10166,6777,coupon,1893
10167,6778,coupon,2351
10168,6778,gift_card,484
10169,6779,coupon,2463
10170,6780,coupon,571
10171,6781,gift_card,1620
10172,6782,coupon,1574
10173,6783,bank_transfer,365
10174,6783,gift_card,2269
10175,6784,coupon,497
10176,6784,credit_card,492
10177,6785,bank_transfer,2478
10178,6786,gift_card,2758
10179,6786,coupon,2958
10180,6787,credit_card,1897
10181,6788,coupon,1485
10182,6788,gift_card,1671
10183,6789,credit_card,2809
10184,6790,bank_transfer,2977
10185,6791,gift_card,2952
10186,6792,bank_transfer,1653
10187,6793,bank_transfer,1006
10188,6793,gift_card,596
10189,6794,bank_transfer,1301
10190,6795,bank_transfer,2841
10191,6796,bank_transfer,1321
10192,6797,coupon,2536
10193,6798,bank_transfer,2122
10194,6799,bank_transfer,2174
10195,6800,bank_transfer,2697
10196,6801,bank_transfer,2645
10197,6801,gift_card,2847
10198,6802,bank_transfer,590
10199,6802,bank_transfer,2184
10200,6803,bank_transfer,2881
10201,6803,gift_card,849
10202,6804,gift_card,1643
10203,6805,coupon,2073
10204,6805,gift_card,137
10205,6806,bank_transfer,1712
10206,6806,coupon,505
10207,6807,credit_card,2469
10208,6807,coupon,192
10209,6808,coupon,1558
10210,6809,credit_card,2633
10211,6809,bank_transfer,556
10212,6810,coupon,987
10213,6810,credit_card,879
10214,6811,credit_card,1933
10215,6812,bank_transfer,1934
10216,6812,credit_card,840
10217,6813,bank_transfer,621
10218,6814,coupon,1797
10219,6814,bank_transfer,191
10220,6815,credit_card,1431
10221,6816,credit_card,1985
10222,6817,gift_card,1551
10223,6818,bank_transfer,1394
10224,6818,credit_card,1511
10225,6819,coupon,1880
10226,6820,credit_card,212
10227,6820,gift_card,1838
10228,6821,coupon,1512
10229,6822,gift_card,2689
10230,6823,coupon,871
10231,6824,credit_card,2046
10232,6824,coupon,2110
10233,6825,coupon,1139
10234,6826,bank_transfer,1911
10235,6826,gift_card,169
10236,6827,credit_card,1304
10237,6828,gift_card,260
10238,6829,gift_card,272
10239,6830,bank_transfer,2982
10240,6831,credit_card,552
10241,6831,bank_transfer,137
10242,6832,bank_transfer,2275
10243,6832,credit_card,833
10244,6833,gift_card,2731
10245,6833,credit_card,269
10246,6834,credit_card,1359
10247,6834,bank_transfer,1839
10248,6835,credit_card,572
10249,6836,gift_card,344
10250,6836,gift_card,2346
10251,6837,bank_transfer,1773
10252,6838,coupon,118
10253,6839,credit_card,2620
10254,6839,bank_transfer,2780
10255,6840,bank_transfer,565
10256,6840,gift_card,1044
10257,6841,gift_card,1393
10258,6841,gift_card,2381
10259,6842,credit_card,377
10260,6843,bank_transfer,752
10261,6844,gift_card,304
10262,6844,credit_card,2208
10263,6845,gift_card,1223
10264,6845,credit_card,2252
10265,6846,coupon,860
10266,6846,bank_transfer,1778
10267,6847,gift_card,1596
10268,6848,gift_card,274
10269,6849,coupon,2377
10270,6850,credit_card,2661
10271,6850,credit_card,1768
10272,6851,coupon,2131
10273,6852,bank_transfer,1276
10274,6853,coupon,2125
10275,6853,credit_card,2761
10276,6854,gift_card,1097
10277,6855,bank_transfer,921
10278,6856,coupon,815
10279,6857,gift_card,1526
10280,6858,coupon,1438
10281,6858,coupon,2689
10282,6859,coupon,1760
10282,6860,bank_transfer,425
10283,6861,gift_card,2375
10284,6862,credit_card,1432
10285,6863,bank_transfer,209
10286,6864,credit_card,2893
10287,6864,credit_card,256
10288,6865,bank_transfer,1828
10289,6866,credit_card,1027
10290,6867,credit_card,2865
10291,6868,gift_card,1389
10292,6869,credit_card,1196
10293,6870,bank_transfer,850
10294,6870,gift_card,1125
10295,6871,coupon,1978
10296,6871,bank_transfer,515
10297,6872,credit_card,1051
10298,6872,gift_card,1258
10299,6873,coupon,350
10300,6873,credit_card,2590
10301,6874,gift_card,238
10302,6874,gift_card,2952
10303,6875,bank_transfer,1416
10304,6876,bank_transfer,2422
10305,6876,coupon,2801
10306,6877,gift_card,1512
10307,6878,coupon,1745
10308,6879,credit_card,265
10309,6879,credit_card,2783
10310,6880,credit_card,2419
10311,6881,credit_card,1474
10312,6881,bank_transfer,761
10313,6882,coupon,472
10314,6882,gift_card,1756
10315,6883,bank_transfer,1842
10316,6884,gift_card,518
10317,6885,credit_card,975
10318,6885,coupon,2040
10319,6886,gift_card,1048
10320,6887,gift_card,1252
10321,6888,gift_card,1409
10322,6889,credit_card,181
10323,6889,gift_card,2608
10324,6890,credit_card,603
10325,6890,coupon,833
10326,6891,gift_card,2449
10327,6891,bank_transfer,1785
10328,6892,gift_card,904
10329,6893,gift_card,1395
10330,6894,gift_card,284
10331,6895,gift_card,435
10332,6895,credit_card,994
10333,6896,gift_card,1658
10334,6897,gift_card,455
10335,6897,credit_card,2580
10336,6898,bank_transfer,590
10337,6898,coupon,321
10338,6899,bank_transfer,1386
10339,6899,coupon,943
10340,6900,coupon,734
10341,6900,bank_transfer,1025
10342,6901,bank_transfer,877
10343,6902,bank_transfer,475
10344,6902,bank_transfer,2269
10345,6903,gift_card,1831
10346,6903,credit_card,773
10347,6904,gift_card,539
10348,6905,credit_card,502
10349,6906,coupon,2294
10350,6907,gift_card,1957
10351,6907,gift_card,2634
10352,6908,gift_card,641
10353,6909,bank_transfer,2495
10354,6909,credit_card,1005
10355,6910,gift_card,304
10356,6910,gift_card,2547
10357,6911,coupon,1319
10358,6911,gift_card,977
10359,6912,credit_card,415
10360,6912,bank_transfer,1256
10361,6913,bank_transfer,2200
10362,6913,credit_card,127
10363,6914,credit_card,2274
10364,6915,credit_card,316
10365,6915,credit_card,2043
10366,6916,bank_transfer,257
10367,6916,credit_card,153
10368,6917,coupon,1675
10369,6917,credit_card,502
10370,6918,credit_card,258
10371,6918,bank_transfer,440
10372,6919,bank_transfer,276
10373,6920,coupon,2755
10374,6920,coupon,1890
10375,6921,bank_transfer,1983
10376,6922,coupon,955
10377,6923,bank_transfer,814
10378,6923,credit_card,363
10379,6924,bank_transfer,1593
10380,6924,gift_card,156
10381,6925,gift_card,2925
10382,6926,gift_card,1575
10383,6926,credit_card,2241
10384,6927,gift_card,2473
10385,6928,coupon,1239
10386,6929,gift_card,823
10387,6929,coupon,2455
10388,6930,bank_transfer,1823
10389,6931,gift_card,2060
10390,6932,credit_card,2151
10391,6933,bank_transfer,969
10392,6934,bank_transfer,1437
10393,6935,credit_card,2470
10394,6936,coupon,2850
10395,6937,gift_card,575
10396,6937,credit_card,1137
10397,6938,gift_card,1015
10398,6938,credit_card,2401
10399,6939,credit_card,1346
10400,6940,gift_card,2965
10401,6940,bank_transfer,2771
10402,6941,coupon,2621
10403,6941,gift_card,2669
10404,6942,coupon,1450
10405,6942,bank_transfer,977
10406,6943,credit_card,1312
10407,6944,coupon,2875
10408,6944,bank_transfer,1423
10409,6945,credit_card,214
10410,6946,credit_card,1076
10411,6947,credit_card,1146
10412,6948,coupon,2905
10413,6948,coupon,2272
10414,6949,coupon,2401
10415,6950,credit_card,2261
10416,6951,credit_card,543
10417,6951,credit_card,2780
10418,6952,coupon,1505
10419,6953,coupon,978
10420,6953,coupon,2857
10421,6954,gift_card,2643
10422,6954,gift_card,616
10423,6955,bank_transfer,1227
10424,6955,coupon,944
10425,6956,coupon,2163
10426,6956,gift_card,2658
10427,6957,bank_transfer,2609
10428,6958,coupon,381
10429,6958,coupon,1338
10430,6959,coupon,2486
10431,6960,credit_card,811
10432,6961,credit_card,2651
10433,6962,bank_transfer,205
10434,6962,credit_card,2496
10435,6963,bank_transfer,2938
10436,6963,bank_transfer,2038
10437,6964,gift_card,156
10438,6965,bank_transfer,586
10439,6965,bank_transfer,1487
10440,6966,coupon,1766
10441,6967,credit_card,196
10442,6968,credit_card,2222
10443,6968,credit_card,776
10444,6969,coupon,571
10445,6970,credit_card,235
10446,6970,coupon,2742
10447,6971,bank_transfer,1893
10448,6972,bank_transfer,2613
10449,6972,coupon,1516
10450,6973,bank_transfer,1192
10451,6973,bank_transfer,354
10452,6974,bank_transfer,2431
10453,6974,gift_card,1928
10454,6975,gift_card,1135
10455,6976,credit_card,2959
10456,6976,bank_transfer,703
10457,6977,coupon,2465
10458,6978,coupon,1988
10459,6979,coupon,444
10460,6979,bank_transfer,1580
10461,6980,coupon,687
10462,6980,gift_card,2682
10463,6981,bank_transfer,1180
10464,6982,gift_card,2630
10465,6983,bank_transfer,1737
10466,6984,credit_card,629
10467,6984,coupon,977
10468,6985,coupon,1788
10469,6986,gift_card,596
10470,6986,coupon,2767
10471,6987,gift_card,645
10472,6987,coupon,2652
10473,6988,bank_transfer,2254
10474,6988,gift_card,1306
10475,6989,gift_card,1939
10476,6990,bank_transfer,160
10477,6991,credit_card,1458
10478,6992,gift_card,1382
10479,6993,credit_card,806
10480,6994,coupon,116
10481,6994,credit_card,1963
10482,6995,credit_card,2148
10483,6995,bank_transfer,2514
10484,6996,bank_transfer,2793
10485,6997,gift_card,1788
10486,6998,credit_card,2907
10487,6999,credit_card,2316
10488,7000,bank_transfer,1040
10489,7000,credit_card,560
10490,7001,coupon,2394
10491,7002,gift_card,1193
10492,7003,gift_card,2984
10493,7004,credit_card,1814
10494,7005,gift_card,2770
10495,7006,coupon,2632
10496,7006,coupon,145
10497,7007,gift_card,381
10498,7008,gift_card,2921
10499,7008,coupon,2029
10500,7009,credit_card,1634
10501,7009,credit_card,2256
10502,7010,credit_card,2186
10503,7011,gift_card,1257
10504,7012,credit_card,179
10505,7012,gift_card,1479
10506,7013,credit_card,2505
10507,7014,bank_transfer,1900
10508,7014,gift_card,1290
10509,7015,coupon,715
10510,7016,coupon,1302
10511,7017,gift_card,1724
10512,7017,bank_transfer,374
10513,7018,gift_card,2119
10514,7019,credit_card,2271
10515,7020,bank_transfer,1958
10516,7021,bank_transfer,918
10517,7022,bank_transfer,391
10518,7022,coupon,781
10519,7023,bank_transfer,2239
10520,7023,coupon,409
10521,7024,bank_transfer,2988
10522,7024,credit_card,777
10523,7025,coupon,1789
10524,7026,coupon,1432
10525,7027,coupon,1013
10526,7027,gift_card,650
10527,7028,credit_card,449
10528,7028,bank_transfer,1703
10529,7029,credit_card,984
10530,7030,credit_card,1832
10531,7031,coupon,1514
10532,7031,credit_card,400
10533,7032,bank_transfer,1645
10534,7032,gift_card,226
10535,7033,gift_card,2856
10536,7034,bank_transfer,2617
10537,7034,bank_transfer,2539
10538,7035,coupon,2587
10539,7035,credit_card,423
10540,7036,credit_card,1351
10541,7036,coupon,2060
10542,7037,bank_transfer,2715
10543,7037,coupon,2392
10544,7038,credit_card,336
10545,7038,bank_transfer,1600
10546,7039,bank_transfer,2369
10547,7039,gift_card,830
10548,7040,credit_card,1974
10549,7040,coupon,2093
10550,7041,credit_card,551
10551,7041,gift_card,198
10552,7042,bank_transfer,598
10553,7042,gift_card,1732
10554,7043,gift_card,545
10555,7044,bank_transfer,1024
10556,7044,gift_card,2352
10557,7045,coupon,503
10558,7046,credit_card,485
10559,7047,credit_card,1207
10560,7048,bank_transfer,2495
10561,7048,coupon,1035
10562,7049,bank_transfer,1012
10563,7049,gift_card,2433
10564,7050,bank_transfer,2118
10565,7051,bank_transfer,2832
10566,7051,credit_card,2228
10567,7052,bank_transfer,2314
10568,7053,bank_transfer,2093
10569,7054,gift_card,1281
10570,7054,credit_card,1456
10571,7055,gift_card,660
10572,7056,gift_card,189
10573,7056,credit_card,772
10574,7057,bank_transfer,1163
10575,7058,bank_transfer,298
10576,7058,gift_card,2600
10577,7059,credit_card,2651
10578,7059,coupon,2773
10579,7060,credit_card,2877
10580,7060,coupon,832
10581,7061,credit_card,2332
10582,7061,gift_card,346
10583,7062,bank_transfer,496
10584,7063,credit_card,1674
10585,7064,gift_card,1571
10586,7064,coupon,1233
10587,7065,bank_transfer,2198
10588,7066,coupon,1889
10589,7066,bank_transfer,2331
10590,7067,gift_card,283
10591,7067,credit_card,1918
10592,7068,bank_transfer,2064
10593,7069,coupon,1719
10594,7070,coupon,2708
10595,7071,coupon,1830
10596,7072,coupon,1613
10597,7073,gift_card,1246
10598,7073,credit_card,2519
10599,7074,gift_card,426
10600,7075,gift_card,1260
10601,7075,credit_card,2170
10602,7076,gift_card,1659
10603,7077,credit_card,1204
10604,7077,credit_card,1493
10605,7078,bank_transfer,2744
10606,7078,credit_card,2006
10607,7079,credit_card,2346
10608,7080,gift_card,1615
10609,7081,credit_card,2237
10610,7082,credit_card,2041
10611,7083,bank_transfer,1496
10612,7084,coupon,1487
10613,7084,credit_card,2112
10614,7085,bank_transfer,2251
10615,7086,gift_card,2535
10616,7087,gift_card,2133
10617,7088,bank_transfer,2977
10618,7089,credit_card,563
10619,7089,bank_transfer,1525
10620,7090,coupon,2261
10621,7090,coupon,374
10622,7091,bank_transfer,268
10623,7091,coupon,2928
10624,7092,bank_transfer,788
10625,7093,credit_card,1756
10626,7093,gift_card,1610
10627,7094,gift_card,872
10628,7095,credit_card,1062
10629,7096,credit_card,1569
10630,7097,coupon,821
10631,7097,bank_transfer,1320
10632,7098,gift_card,1450
10633,7099,gift_card,1388
10634,7100,bank_transfer,239
10635,7100,gift_card,2130
10636,7101,coupon,511
10637,7101,gift_card,1922
10638,7102,coupon,2766
10639,7103,bank_transfer,755
10640,7104,coupon,2655
10641,7105,coupon,430
10642,7106,credit_card,1929
10643,7106,credit_card,2902
10644,7107,credit_card,2505
10645,7108,gift_card,269
10646,7108,credit_card,396
10647,7109,coupon,2474
10648,7110,bank_transfer,2532
10649,7110,coupon,320
10650,7111,coupon,1965
10651,7111,coupon,1114
10652,7112,bank_transfer,1265
10653,7112,coupon,192
10654,7113,coupon,1637
10655,7114,bank_transfer,378
10656,7115,credit_card,1484
10657,7115,credit_card,1620
10658,7116,credit_card,2838
10659,7117,credit_card,2433
10660,7117,coupon,1294
10661,7118,bank_transfer,745
10662,7119,credit_card,1820
10663,7119,coupon,1221
10664,7120,coupon,2483
10665,7121,credit_card,276
10666,7122,credit_card,2270
10667,7122,coupon,1104
10668,7123,gift_card,2120
10669,7124,credit_card,831
10670,7124,coupon,1386
10671,7125,coupon,697
10672,7125,coupon,2192
10673,7126,bank_transfer,560
10674,7127,coupon,2969
10675,7128,bank_transfer,400
10676,7128,coupon,2805
10677,7129,gift_card,579
10678,7129,bank_transfer,2441
10679,7130,bank_transfer,1041
10680,7131,gift_card,1252
10681,7131,coupon,2762
10682,7132,credit_card,2037
10683,7132,coupon,591
10684,7133,gift_card,2695
10685,7133,gift_card,694
10686,7134,coupon,1082
10687,7134,coupon,1385
10688,7135,bank_transfer,2671
10689,7135,gift_card,2187
10690,7136,bank_transfer,1390
10691,7137,gift_card,939
10692,7137,gift_card,1474
10693,7138,coupon,1327
10694,7138,gift_card,2445
10695,7139,credit_card,1014
10696,7140,coupon,2692
10697,7141,bank_transfer,2378
10698,7141,coupon,2366
10699,7142,bank_transfer,186
10700,7142,bank_transfer,2027
10701,7143,coupon,169
10702,7143,gift_card,780
10703,7144,credit_card,2111
10704,7144,credit_card,1518
10705,7145,coupon,2601
10706,7146,bank_transfer,383
10707,7146,credit_card,2950
10708,7147,gift_card,1106
10709,7147,coupon,2015
10710,7148,coupon,1717
10711,7149,coupon,758
10712,7150,coupon,2558
10713,7150,coupon,2213
10714,7151,bank_transfer,2364
10715,7152,coupon,666
10716,7152,bank_transfer,2893
10717,7153,gift_card,1616
10718,7153,bank_transfer,256
10719,7154,gift_card,1663
10720,7154,gift_card,842
10721,7155,gift_card,172
10722,7155,bank_transfer,2407
10723,7156,credit_card,2913
10724,7157,bank_transfer,2538
10725,7158,gift_card,1774
10726,7159,gift_card,2040
10727,7159,credit_card,2436
10728,7160,bank_transfer,705
10729,7161,gift_card,1672
10730,7162,gift_card,321
10731,7163,bank_transfer,1432
10732,7163,coupon,1191
10733,7164,gift_card,1887
10734,7165,gift_card,2206
10735,7165,gift_card,331
10736,7166,bank_transfer,2931
10737,7166,coupon,2285
10738,7167,bank_transfer,1482
10739,7168,bank_transfer,757
10740,7169,gift_card,2561
10741,7169,credit_card,2898
10742,7170,coupon,2062
10743,7170,coupon,977
10744,7171,coupon,2382
10745,7172,gift_card,2298
10746,7173,coupon,1038
10747,7173,credit_card,1024
10748,7174,coupon,677
10749,7175,coupon,2562
10750,7175,gift_card,2775
10751,7176,bank_transfer,2255
10752,7176,gift_card,2732
10753,7177,coupon,1285
10754,7177,coupon,1460
10755,7178,coupon,575
10756,7178,bank_transfer,1546
10757,7179,gift_card,1327
10758,7179,coupon,2241
10759,7180,gift_card,1497
10760,7181,bank_transfer,2758
10761,7181,credit_card,1773
10762,7182,credit_card,862
10763,7182,credit_card,2236
10764,7183,gift_card,1585
10765,7184,credit_card,2910
10766,7185,bank_transfer,1240
10767,7185,credit_card,1850
10768,7186,bank_transfer,2277
10769,7186,credit_card,1313
10770,7187,gift_card,621
10771,7187,credit_card,314
10772,7188,bank_transfer,2665
10773,7188,gift_card,1811
10774,7189,gift_card,1580
10775,7189,bank_transfer,2380
10776,7190,bank_transfer,2860
10777,7190,coupon,1809
10778,7191,gift_card,2956
10779,7192,credit_card,2038
10780,7192,coupon,866
10781,7193,credit_card,2997
10782,7194,gift_card,1385
10783,7195,gift_card,2713
10784,7196,gift_card,1808
10785,7197,coupon,1313
10786,7197,bank_transfer,2338
10787,7198,bank_transfer,2841
10788,7198,credit_card,848
10789,7199,credit_card,205
10790,7200,bank_transfer,1249
10791,7201,gift_card,2884
10792,7202,gift_card,2323
10793,7202,credit_card,1548
10794,7203,credit_card,1563
10795,7204,gift_card,452
10796,7204,credit_card,2628
10797,7205,credit_card,1491
10798,7206,bank_transfer,948
10799,7207,coupon,1288
10800,7208,coupon,651
10801,7208,coupon,641
10802,7209,credit_card,1126
10803,7210,credit_card,2683
10804,7211,credit_card,136
10805,7211,bank_transfer,1849
10806,7212,credit_card,2520
10807,7212,coupon,2701
10808,7213,coupon,1468
10809,7214,credit_card,1817
10810,7214,credit_card,2982
10811,7215,gift_card,364
10812,7215,credit_card,1780
10813,7216,gift_card,2961
10814,7217,bank_transfer,831
10815,7217,credit_card,1854
10816,7218,gift_card,2966
10817,7219,bank_transfer,793
10818,7220,coupon,442
10819,7221,bank_transfer,214
10820,7221,coupon,357
10821,7222,credit_card,111
10822,7222,gift_card,1258
10823,7223,bank_transfer,2625
10824,7224,bank_transfer,1069
10825,7225,coupon,1709
10826,7226,bank_transfer,1005
10827,7227,coupon,1773
10828,7228,credit_card,1125
10829,7229,credit_card,650
10830,7230,bank_transfer,2449
10831,7230,coupon,1656
10832,7231,bank_transfer,2550
10833,7232,coupon,1895
10834,7232,gift_card,1418
10835,7233,bank_transfer,2263
10836,7233,bank_transfer,1394
10837,7234,coupon,1715
10838,7235,gift_card,2789
10839,7236,coupon,681
10840,7237,coupon,1479
10841,7238,credit_card,2083
10842,7238,coupon,1501
10843,7239,bank_transfer,2544
10844,7240,coupon,1131
10845,7241,bank_transfer,2113
10846,7241,credit_card,2252
10847,7242,coupon,1684
10848,7243,bank_transfer,921
10849,7244,gift_card,2804
10850,7244,gift_card,2093
10851,7245,coupon,2939
10852,7245,credit_card,2498
10853,7246,bank_transfer,1364
10854,7246,bank_transfer,323
10855,7247,credit_card,1733
10856,7247,credit_card,2548
10857,7248,coupon,432
10858,7249,coupon,2638
10859,7250,coupon,1391
10860,7250,credit_card,1388
10861,7251,bank_transfer,1660
10862,7251,gift_card,535
10863,7252,coupon,1887
10864,7253,gift_card,877
10865,7254,credit_card,321
10866,7255,bank_transfer,660
10867,7256,bank_transfer,1144
10868,7257,gift_card,1073
10869,7257,bank_transfer,973
10870,7258,coupon,997
10871,7259,bank_transfer,1089
10872,7259,credit_card,2903
10873,7260,coupon,392
10874,7261,gift_card,1877
10875,7262,coupon,982
10876,7262,bank_transfer,2820
10877,7263,bank_transfer,2034
10878,7263,gift_card,1500
10879,7264,bank_transfer,1460
10880,7264,credit_card,2461
10881,7265,credit_card,729
10882,7266,credit_card,2001
10883,7267,bank_transfer,1504
10884,7268,coupon,2958
10885,7269,gift_card,1761
10886,7269,credit_card,2902
10887,7270,credit_card,1781
10888,7271,gift_card,710
10889,7272,credit_card,1130
10890,7272,gift_card,2677
10891,7273,credit_card,211
10892,7274,coupon,2940
10893,7274,credit_card,450
10894,7275,coupon,2696
10895,7275,gift_card,1719
10896,7276,bank_transfer,2689
10897,7277,credit_card,116
10898,7278,coupon,2575
10899,7278,gift_card,283
10900,7279,bank_transfer,1440
10901,7280,coupon,1388
10902,7281,bank_transfer,2280
10903,7282,gift_card,1840
10904,7283,coupon,452
10905,7284,credit_card,1125
10906,7284,coupon,2581
10907,7285,gift_card,1199
10908,7285,credit_card,1027
10909,7286,bank_transfer,635
10910,7287,gift_card,1748
10911,7287,gift_card,142
10912,7288,credit_card,2533
10913,7289,credit_card,2893
10914,7290,gift_card,307
10915,7291,bank_transfer,1145
10916,7292,coupon,2776
10916,7293,coupon,1737
10917,7293,gift_card,1385
10918,7294,gift_card,2403
10919,7294,coupon,1328
10920,7295,bank_transfer,698
10921,7296,bank_transfer,317
10922,7296,gift_card,2034
10923,7297,bank_transfer,639
10924,7297,coupon,528
10925,7298,credit_card,2811
10926,7298,coupon,591
10927,7299,coupon,795
10928,7300,coupon,1687
10929,7300,gift_card,2576
10930,7301,credit_card,2218
10931,7301,coupon,2101
10932,7302,coupon,1884
10933,7302,bank_transfer,1819
10934,7303,coupon,1528
10935,7304,bank_transfer,164
10936,7304,credit_card,1503
10937,7305,credit_card,2781
10938,7305,credit_card,1875
10939,7306,bank_transfer,2251
10940,7307,gift_card,2591
10941,7308,credit_card,1613
10942,7309,bank_transfer,158
10943,7309,bank_transfer,1972
10944,7310,coupon,1551
10945,7310,coupon,153
10946,7311,gift_card,1936
10947,7311,bank_transfer,608
10948,7312,coupon,2224
10949,7312,coupon,2307
10950,7313,credit_card,2032
10951,7314,coupon,2064
10952,7315,credit_card,969
10953,7316,gift_card,1560
10954,7317,bank_transfer,1132
10955,7317,coupon,1092
10956,7318,credit_card,1934
10957,7318,credit_card,112
10958,7319,bank_transfer,1211
10959,7319,bank_transfer,2911
10960,7320,coupon,2609
10961,7321,credit_card,2336
10962,7322,gift_card,2248
10963,7323,credit_card,2520
10964,7323,bank_transfer,2448
10965,7324,credit_card,1881
10966,7325,bank_transfer,1892
10967,7326,credit_card,2593
10968,7326,bank_transfer,1218
10969,7327,gift_card,1905
10970,7327,coupon,1686
10971,7328,coupon,2697
10972,7329,credit_card,1230
10973,7330,credit_card,1652
10974,7331,bank_transfer,1761
10975,7332,bank_transfer,358
10976,7332,gift_card,2940
10977,7333,coupon,1180
10978,7333,coupon,1765
10979,7334,credit_card,1322
10980,7335,gift_card,605
10981,7336,credit_card,1420
10982,7337,gift_card,2748
10983,7338,bank_transfer,1299
10984,7338,bank_transfer,2849
10985,7339,coupon,549
10986,7340,gift_card,2287
10987,7340,gift_card,854
10988,7341,credit_card,2698
10989,7342,gift_card,1138
10990,7343,gift_card,1026
10991,7344,credit_card,270
10992,7345,coupon,1042
10993,7345,gift_card,1923
10994,7346,gift_card,2253
10995,7346,gift_card,2765
10996,7347,credit_card,821
10997,7348,bank_transfer,2836
10998,7349,credit_card,2569
10999,7350,coupon,2490
11000,7351,gift_card,1912
11001,7351,gift_card,1235
11002,7352,credit_card,2831
11003,7352,coupon,1152
11004,7353,gift_card,1016
11005,7353,credit_card,2004
11006,7354,coupon,2306
11007,7354,bank_transfer,1942
11008,7355,credit_card,1874
11009,7356,credit_card,1693
11010,7357,gift_card,2254
11011,7358,bank_transfer,1270
11012,7358,coupon,736
11013,7359,gift_card,2466
11014,7360,bank_transfer,1498
11015,7360,coupon,1031
11016,7361,bank_transfer,808
11017,7362,gift_card,2802
11018,7363,credit_card,2981
11019,7363,bank_transfer,693
11020,7364,credit_card,493
11021,7365,gift_card,1048
11022,7365,gift_card,490
11023,7366,coupon,1930
11024,7366,coupon,1594
11025,7367,gift_card,2482
11026,7367,credit_card,1154
11027,7368,credit_card,1255
11028,7368,coupon,1998
11029,7369,bank_transfer,995
11030,7369,credit_card,1293
11031,7370,coupon,2744
11032,7370,bank_transfer,2728
11033,7371,credit_card,726
11034,7372,credit_card,2367
11035,7373,credit_card,2520
11036,7374,gift_card,293
11037,7374,credit_card,1850
11038,7375,gift_card,430
11039,7375,credit_card,1230
11040,7376,coupon,1571
11041,7376,coupon,1764
11042,7377,gift_card,2021
11043,7377,coupon,282
11044,7378,bank_transfer,733
11045,7378,coupon,1654
11046,7379,credit_card,990
11047,7379,bank_transfer,1223
11048,7380,coupon,2099
11049,7380,coupon,2271
11050,7381,bank_transfer,2401
11051,7381,credit_card,791
11052,7382,coupon,1827
11053,7382,coupon,2976
11054,7383,credit_card,1308
11055,7384,credit_card,1945
11056,7385,bank_transfer,1242
11057,7386,credit_card,2867
11058,7387,bank_transfer,756
11059,7387,bank_transfer,2146
11060,7388,bank_transfer,296
11061,7389,coupon,1024
11062,7389,coupon,2316
11063,7390,credit_card,2892
11064,7390,bank_transfer,1837
11065,7391,gift_card,1503
11066,7391,bank_transfer,518
11067,7392,coupon,2972
11068,7392,bank_transfer,909
11069,7393,coupon,1888
11070,7393,coupon,2331
11071,7394,gift_card,1298
11072,7395,coupon,2759
11073,7395,bank_transfer,1016
11074,7396,gift_card,1464
11075,7396,gift_card,444
11076,7397,coupon,1710
11077,7398,bank_transfer,2048
11078,7398,credit_card,2431
11079,7399,coupon,2907
11080,7400,bank_transfer,2248
11081,7400,bank_transfer,2342
11082,7401,gift_card,890
11083,7402,coupon,2239
11084,7403,coupon,478
11085,7404,bank_transfer,2077
11086,7405,credit_card,1627
11087,7406,bank_transfer,2503
11088,7406,coupon,1478
11089,7407,gift_card,1585
11090,7407,gift_card,1134
11091,7408,gift_card,2522
11092,7408,coupon,2434
11093,7409,gift_card,2969
11094,7410,bank_transfer,2756
11095,7411,bank_transfer,2234
11096,7411,bank_transfer,449
11097,7412,bank_transfer,1969
11098,7413,bank_transfer,604
11099,7413,bank_transfer,1023
11100,7414,bank_transfer,782
11101,7414,credit_card,1825
11102,7415,gift_card,2412
11103,7416,bank_transfer,1608
11104,7417,coupon,2677
11105,7418,gift_card,684
11106,7418,bank_transfer,288
11107,7419,bank_transfer,165
11108,7419,coupon,2256
11109,7420,coupon,303
11110,7421,coupon,2437
11111,7421,bank_transfer,2176
11112,7422,gift_card,1962
11113,7422,credit_card,2843
11114,7423,coupon,1112
11115,7424,bank_transfer,1121
11116,7424,bank_transfer,500
11117,7425,credit_card,1897
11118,7426,coupon,145
11119,7426,gift_card,2898
11120,7427,coupon,2796
11121,7427,gift_card,2513
11122,7428,coupon,2755
11123,7429,gift_card,349
11124,7429,gift_card,650
11125,7430,bank_transfer,182
11126,7431,credit_card,2340
11127,7431,bank_transfer,1950
11128,7432,bank_transfer,1857
11129,7432,bank_transfer,1030
11130,7433,credit_card,2210
11131,7434,bank_transfer,2876
11132,7435,bank_transfer,2011
11133,7435,coupon,2414
11134,7436,bank_transfer,1585
11135,7436,coupon,1184
11136,7437,coupon,2606
11137,7438,credit_card,1333
11138,7438,gift_card,711
11139,7439,credit_card,1206
11140,7439,coupon,2074
11141,7440,gift_card,326
11142,7440,credit_card,2541
11143,7441,bank_transfer,710
11144,7441,bank_transfer,1724
11145,7442,gift_card,1522
11146,7442,gift_card,1272
11147,7443,credit_card,849
11148,7444,bank_transfer,2730
11149,7444,bank_transfer,1594
11150,7445,bank_transfer,2784
11151,7445,bank_transfer,1003
11152,7446,bank_transfer,2232
11153,7446,credit_card,2100
11154,7447,gift_card,742
11155,7447,bank_transfer,900
11156,7448,credit_card,1139
11157,7448,bank_transfer,1285
11158,7449,coupon,1228
11159,7449,coupon,611
11160,7450,coupon,1509
11161,7450,bank_transfer,1389
11162,7451,gift_card,2924
11163,7451,gift_card,2557
11164,7452,coupon,2966
11165,7453,bank_transfer,2981
11166,7453,gift_card,2324
11167,7454,coupon,2264
11168,7455,coupon,2978
11169,7455,credit_card,2762
11170,7456,coupon,202
11171,7456,gift_card,750
11172,7457,gift_card,2783
11173,7457,credit_card,599
11174,7458,gift_card,1064
11175,7459,gift_card,2940
11176,7460,bank_transfer,351
11177,7461,credit_card,2284
11178,7461,bank_transfer,493
11179,7462,gift_card,1878
11180,7462,gift_card,217
11181,7463,credit_card,1861
11182,7464,gift_card,2532
11183,7464,bank_transfer,2358
11184,7465,coupon,401
11185,7466,gift_card,1917
11186,7467,credit_card,1886
11187,7467,coupon,505
11188,7468,bank_transfer,2411
11189,7468,credit_card,667
11190,7469,credit_card,443
11191,7470,bank_transfer,2654
11192,7470,credit_card,2765
11193,7471,bank_transfer,1534
11194,7471,coupon,1752
11195,7472,credit_card,1841
11196,7473,credit_card,2992
11197,7474,credit_card,2059
11198,7474,coupon,2533
11199,7475,gift_card,1355
11200,7476,credit_card,2924
11201,7476,bank_transfer,1901
11202,7477,bank_transfer,2610
11203,7478,gift_card,2475
11204,7478,gift_card,2794
11205,7479,gift_card,1212
11206,7480,gift_card,685
11207,7480,bank_transfer,1782
11208,7481,bank_transfer,2145
11209,7481,bank_transfer,1494
11210,7482,gift_card,1351
11211,7482,coupon,1594
11212,7483,gift_card,2210
11213,7483,credit_card,2470
11214,7484,gift_card,700
11215,7485,gift_card,1160
11216,7486,gift_card,2600
11217,7487,coupon,473
11218,7487,gift_card,1033
11219,7488,coupon,826
11220,7488,gift_card,1783
11221,7489,credit_card,2260
11222,7490,coupon,466
11223,7490,gift_card,2545
11224,7491,bank_transfer,1807
11225,7492,gift_card,2365
11226,7492,coupon,464
11227,7493,coupon,387
11228,7493,credit_card,864
11229,7494,gift_card,264
11230,7494,gift_card,2033
11231,7495,bank_transfer,1595
11232,7495,coupon,2025
11233,7496,coupon,1996
11234,7497,gift_card,1910
11235,7497,gift_card,1511
11236,7498,gift_card,1774
11237,7498,bank_transfer,1101
11238,7499,bank_transfer,1550
11239,7500,bank_transfer,1817
11240,7500,coupon,1278
11241,7501,credit_card,2052
11242,7502,gift_card,986
11243,7502,bank_transfer,2264
11244,7503,coupon,1078
11245,7504,coupon,1120
11246,7504,coupon,1960
11247,7505,coupon,1212
11248,7505,bank_transfer,2352
11249,7506,gift_card,1496
11250,7507,coupon,1577
11251,7508,coupon,1962
11252,7509,coupon,315
11253,7509,gift_card,451
11254,7510,bank_transfer,757
11255,7510,coupon,1294
11256,7511,credit_card,299
11257,7512,coupon,1414
11258,7512,bank_transfer,531
11259,7513,coupon,2597
11260,7514,bank_transfer,1024
11261,7515,coupon,1742
11262,7515,credit_card,2345
11263,7516,bank_transfer,2291
11264,7516,credit_card,2753
11265,7517,credit_card,1109
11266,7518,coupon,147
11267,7518,coupon,530
11268,7519,credit_card,558
11269,7520,credit_card,1214
11270,7521,credit_card,2658
11271,7521,credit_card,879
11272,7522,credit_card,2646
11273,7522,credit_card,166
11274,7523,gift_card,815
11275,7524,bank_transfer,574
11276,7525,credit_card,2654
11277,7525,gift_card,213
11278,7526,bank_transfer,2288
11279,7527,credit_card,149
11280,7527,bank_transfer,2408
11281,7528,credit_card,2706
11282,7528,gift_card,2307
11283,7529,gift_card,2338
11284,7530,gift_card,683
11285,7531,coupon,949
11286,7532,coupon,2164
11287,7533,bank_transfer,781
11288,7534,coupon,250
11289,7535,bank_transfer,2721
11290,7536,gift_card,2234
11291,7537,credit_card,293
11292,7537,gift_card,889
11293,7538,coupon,417
11294,7539,bank_transfer,711
11295,7539,coupon,2262
11296,7540,coupon,1485
11297,7540,bank_transfer,1832
11298,7541,credit_card,846
11299,7542,credit_card,1556
11300,7543,coupon,893
11301,7544,coupon,2281
11302,7544,credit_card,685
11303,7545,coupon,2216
11304,7546,gift_card,1763
11305,7547,credit_card,395
11306,7548,coupon,1851
11307,7549,gift_card,2374
11308,7549,coupon,109
11309,7550,coupon,2519
11310,7550,bank_transfer,515
11311,7551,coupon,2932
11312,7551,coupon,1091
11313,7552,bank_transfer,2554
11314,7552,coupon,1443
11315,7553,coupon,510
11316,7554,coupon,153
11317,7554,credit_card,2643
11318,7555,coupon,2553
11319,7556,gift_card,2300
11320,7556,coupon,1705
11321,7557,gift_card,273
11322,7557,coupon,1128
11323,7558,credit_card,1702
11324,7558,bank_transfer,573
11325,7559,bank_transfer,2154
11326,7559,gift_card,2820
11327,7560,coupon,1515
11328,7561,bank_transfer,2684
11329,7562,gift_card,457
11330,7562,bank_transfer,1640
11331,7563,coupon,374
11332,7564,gift_card,1317
11333,7564,bank_transfer,1966
11334,7565,bank_transfer,1418
11335,7565,coupon,820
11336,7566,credit_card,297
11337,7567,coupon,460
11338,7567,gift_card,135
11339,7568,credit_card,2052
11340,7569,coupon,2966
11341,7569,credit_card,2861
11342,7570,credit_card,1507
11343,7570,credit_card,2705
11344,7571,credit_card,656
11345,7572,coupon,766
11346,7573,coupon,1938
11347,7573,bank_transfer,1598
11348,7574,credit_card,1744
11349,7575,gift_card,2003
11350,7575,coupon,1209
11351,7576,gift_card,1809
11352,7577,gift_card,839
11353,7577,bank_transfer,1616
11354,7578,credit_card,1336
11355,7579,bank_transfer,1665
11356,7580,bank_transfer,1409
11357,7580,credit_card,2518
11358,7581,gift_card,402
11359,7581,gift_card,1331
11360,7582,coupon,571
11361,7583,coupon,285
11362,7584,credit_card,187
11363,7585,gift_card,740
11364,7585,coupon,2522
11365,7586,gift_card,2060
11366,7586,credit_card,2221
11367,7587,gift_card,2428
11368,7587,gift_card,1709
11369,7588,bank_transfer,194
11370,7588,gift_card,517
11371,7589,credit_card,463
11372,7590,gift_card,1323
11373,7591,coupon,1864
11374,7592,credit_card,2493
11375,7592,bank_transfer,2697
11376,7593,bank_transfer,467
11377,7593,bank_transfer,2320
11378,7594,credit_card,2677
11379,7595,credit_card,1666
11380,7595,coupon,2644
11381,7596,credit_card,2730
11382,7596,credit_card,1741
11383,7597,gift_card,335
11384,7597,gift_card,929
11385,7598,coupon,532
11386,7599,gift_card,849
11387,7600,gift_card,2762
11388,7600,bank_transfer,567
11389,7601,coupon,2153
11390,7602,credit_card,1475
11391,7602,credit_card,2762
11392,7603,gift_card,1375
11393,7604,credit_card,2309
11394,7605,credit_card,2778
11395,7605,coupon,302
11396,7606,bank_transfer,1184
11397,7606,bank_transfer,1767
11398,7607,gift_card,2508
11399,7607,coupon,610
11400,7608,coupon,2690
11401,7608,credit_card,1512
11402,7609,coupon,383
11403,7609,bank_transfer,759
11404,7610,gift_card,1280
11405,7611,credit_card,515
11406,7611,credit_card,2919
11407,7612,coupon,1706
11408,7613,gift_card,1095
11409,7613,gift_card,231
11410,7614,credit_card,1517
11411,7614,gift_card,2597
11412,7615,gift_card,1232
11413,7615,gift_card,1234
11414,7616,bank_transfer,961
11415,7617,credit_card,1035
11416,7617,bank_transfer,1402
11417,7618,bank_transfer,1539
11418,7618,bank_transfer,1425
11419,7619,gift_card,1025
11420,7619,bank_transfer,1167
11421,7620,credit_card,599
11422,7621,credit_card,2182
11423,7622,coupon,121
11424,7622,bank_transfer,1704
11425,7623,gift_card,2295
11426,7623,credit_card,304
11427,7624,credit_card,1028
11428,7624,gift_card,2463
11429,7625,credit_card,1650
11430,7626,credit_card,1470
11431,7627,credit_card,2901
11432,7628,credit_card,551
11433,7629,bank_transfer,466
11434,7630,credit_card,1773
11435,7631,credit_card,2739
11436,7631,bank_transfer,2022
11437,7632,credit_card,562
11438,7632,bank_transfer,1624
11439,7633,credit_card,359
11440,7633,bank_transfer,1428
11441,7634,coupon,2696
11442,7635,bank_transfer,131
11443,7636,bank_transfer,953
11444,7636,gift_card,1854
11445,7637,coupon,467
11446,7638,coupon,2369
11447,7638,credit_card,2716
11448,7639,bank_transfer,462
11449,7640,gift_card,2787
11450,7640,bank_transfer,2986
11451,7641,coupon,1446
11452,7641,coupon,684
11453,7642,credit_card,1621
11454,7643,bank_transfer,1591
11455,7644,coupon,905
11456,7644,bank_transfer,2800
11457,7645,credit_card,2943
11458,7645,credit_card,315
11459,7646,gift_card,2123
11460,7646,bank_transfer,272
11461,7647,coupon,848
11462,7648,gift_card,2887
11463,7649,coupon,2285
11464,7650,gift_card,657
11465,7651,coupon,214
11466,7651,bank_transfer,1395
11467,7652,credit_card,874
11468,7652,credit_card,2516
11469,7653,credit_card,2419
11470,7653,gift_card,942
11471,7654,credit_card,2710
11472,7654,coupon,194
11473,7655,credit_card,481
11474,7656,coupon,1290
11475,7656,coupon,887
11476,7657,bank_transfer,2682
11477,7658,credit_card,1317
11478,7658,bank_transfer,486
11479,7659,coupon,2625
11480,7659,credit_card,1605
11481,7660,bank_transfer,2327
11482,7660,coupon,1339
11483,7661,gift_card,1090
11484,7661,coupon,2322
11485,7662,credit_card,2356
11486,7663,bank_transfer,2672
11487,7663,bank_transfer,212
11488,7664,coupon,2565
11489,7664,gift_card,1315
11490,7665,bank_transfer,867
11491,7666,coupon,2157
11492,7666,coupon,2001
11493,7667,bank_transfer,1439
11494,7668,bank_transfer,626
11495,7668,bank_transfer,1621
11496,7669,bank_transfer,1701
11497,7670,credit_card,1613
11498,7670,coupon,1687
11499,7671,gift_card,1367
11500,7672,credit_card,1658
11501,7673,bank_transfer,539
11502,7674,coupon,872
11503,7675,gift_card,1252
11504,7675,bank_transfer,283
11505,7676,gift_card,1888
11506,7676,credit_card,1594
11507,7677,coupon,1445
11508,7677,coupon,1510
11509,7678,gift_card,1394
11510,7678,bank_transfer,285
11511,7679,credit_card,1566
11512,7680,bank_transfer,440
11513,7681,bank_transfer,110
11514,7681,credit_card,1792
11515,7682,bank_transfer,2357
11516,7683,gift_card,2655
11517,7684,gift_card,2571
11518,7684,bank_transfer,1585
11519,7685,credit_card,2494
11520,7686,gift_card,1407
11521,7686,coupon,2986
11522,7687,coupon,1137
11523,7687,gift_card,1881
11524,7688,gift_card,1510
11525,7689,bank_transfer,208
11526,7689,coupon,309
11527,7690,credit_card,167
11528,7690,coupon,2849
11529,7691,gift_card,1930
11530,7691,credit_card,2874
11531,7692,coupon,2153
11532,7692,gift_card,1514
11533,7693,credit_card,759
11534,7693,gift_card,2876
11535,7694,coupon,520
11536,7695,bank_transfer,2028
11537,7696,coupon,2043
11538,7697,gift_card,2160
11539,7698,coupon,2246
11540,7698,gift_card,2109
11541,7699,gift_card,859
11542,7700,gift_card,2495
11543,7700,gift_card,589
11544,7701,gift_card,284
11545,7701,credit_card,674
11546,7702,gift_card,1039
11547,7703,credit_card,1676
11548,7704,gift_card,437
11549,7705,gift_card,1714
11550,7705,bank_transfer,2954
11551,7706,gift_card,1062
11552,7706,coupon,1734
11553,7707,gift_card,2283
11554,7707,credit_card,1871
11555,7708,coupon,2640
11556,7708,coupon,2987
11557,7709,credit_card,1664
11558,7709,coupon,716
11559,7710,coupon,605
11560,7710,bank_transfer,2552
11561,7711,coupon,2810
11562,7712,coupon,1782
11563,7712,coupon,965
11564,7713,gift_card,1957
11565,7714,bank_transfer,239
11566,7715,gift_card,240
11567,7715,gift_card,2895
11568,7716,coupon,1477
11569,7717,gift_card,881
11570,7718,gift_card,1131
11571,7718,coupon,785
11572,7719,gift_card,1870
11573,7720,bank_transfer,460
11574,7720,gift_card,880
11575,7721,credit_card,1247
11576,7722,credit_card,988
11577,7722,coupon,2024
11578,7723,credit_card,2521
11579,7724,credit_card,2393
11580,7725,coupon,1934
11581,7726,bank_transfer,2049
11582,7726,credit_card,478
11583,7727,bank_transfer,2527
11584,7728,gift_card,952
11585,7728,coupon,1449
11586,7729,gift_card,1313
11587,7729,credit_card,688
11588,7730,credit_card,2686
11589,7730,credit_card,2549
11590,7731,bank_transfer,573
11591,7732,bank_transfer,928
11592,7732,bank_transfer,1921
11593,7733,credit_card,874
11594,7733,credit_card,461
11595,7734,coupon,145
11596,7734,credit_card,2295
11597,7735,bank_transfer,1141
11598,7736,credit_card,383
11599,7737,gift_card,1454
11600,7738,bank_transfer,2899
11601,7738,credit_card,835
11602,7739,gift_card,228
11603,7740,coupon,564
11604,7741,gift_card,2436
11605,7741,credit_card,599
11606,7742,coupon,1453
11607,7743,coupon,1475
11608,7743,credit_card,2386
11609,7744,credit_card,1098
11610,7745,gift_card,2124
11611,7746,bank_transfer,719
11612,7747,credit_card,790
11613,7748,bank_transfer,839
11614,7748,bank_transfer,1720
11615,7749,gift_card,372
11616,7750,credit_card,1868
11617,7751,gift_card,2320
11618,7751,credit_card,1836
11619,7752,gift_card,546
11620,7753,bank_transfer,1902
11621,7753,coupon,260
11622,7754,gift_card,2713
11623,7755,credit_card,363
11624,7756,credit_card,943
11625,7757,gift_card,2280
11626,7757,credit_card,2637
11627,7758,bank_transfer,1905
11628,7758,bank_transfer,1064
11629,7759,coupon,130
11630,7759,coupon,498
11631,7760,gift_card,981
11632,7761,coupon,1451
11633,7761,credit_card,2414
11634,7762,credit_card,591
11635,7763,coupon,2490
11636,7764,credit_card,2866
11637,7765,gift_card,2279
11638,7766,bank_transfer,859
11639,7766,gift_card,2168
11640,7767,credit_card,2355
11641,7768,credit_card,867
11642,7769,credit_card,361
11643,7769,credit_card,2786
11644,7770,credit_card,2490
11645,7771,credit_card,371
11646,7772,gift_card,360
11647,7772,bank_transfer,2625
11648,7773,gift_card,1496
11649,7773,credit_card,1684
11650,7774,coupon,2785
11651,7774,gift_card,1798
11652,7775,coupon,350
11653,7775,coupon,828
11654,7776,bank_transfer,187
11655,7777,bank_transfer,1985
11656,7778,credit_card,396
11657,7779,gift_card,912
11658,7779,coupon,1871
11659,7780,coupon,1268
11660,7781,bank_transfer,1398
11661,7782,coupon,130
11662,7783,coupon,1002
11663,7783,bank_transfer,303
11664,7784,coupon,2437
11665,7784,credit_card,1679
11666,7785,bank_transfer,337
11667,7785,credit_card,2597
11668,7786,credit_card,768
11669,7786,bank_transfer,2430
11670,7787,bank_transfer,241
11671,7787,gift_card,818
11672,7788,coupon,1117
11673,7788,coupon,2659
11674,7789,gift_card,704
11675,7790,credit_card,1834
11676,7791,gift_card,2883
11677,7792,bank_transfer,1756
11678,7792,coupon,2781
11679,7793,gift_card,968
11680,7794,credit_card,1158
11681,7794,gift_card,1712
11682,7795,credit_card,2256
11683,7795,bank_transfer,1797
11684,7796,gift_card,1848
11685,7796,bank_transfer,761
11686,7797,credit_card,1787
11687,7798,gift_card,2347
11688,7799,credit_card,700
11689,7800,gift_card,1472
11690,7800,credit_card,2602
11691,7801,bank_transfer,2223
11692,7802,credit_card,311
11693,7803,gift_card,682
11694,7803,gift_card,619
11695,7804,gift_card,299
11696,7805,gift_card,2901
11697,7805,credit_card,1855
11698,7806,gift_card,1844
11699,7807,gift_card,798
11700,7807,bank_transfer,1189
11701,7808,coupon,1689
11702,7809,coupon,1762
11703,7810,bank_transfer,2155
11704,7811,gift_card,2427
11705,7812,credit_card,2971
11706,7812,coupon,900
11707,7813,coupon,2085
11708,7813,credit_card,853
11709,7814,credit_card,2327
11710,7815,bank_transfer,159
11711,7816,bank_transfer,2166
11712,7817,gift_card,1517
11713,7818,gift_card,310
11714,7818,bank_transfer,2756
11715,7819,bank_transfer,1650
11716,7820,credit_card,2697
11717,7820,gift_card,2088
11718,7821,gift_card,764
11719,7821,gift_card,2193
11720,7822,coupon,748
11721,7822,coupon,1006
11722,7823,bank_transfer,2597
11723,7824,credit_card,1293
11724,7825,bank_transfer,1247
11725,7826,gift_card,2910
11726,7826,bank_transfer,2498
11727,7827,credit_card,2093
11728,7827,gift_card,1333
11729,7828,bank_transfer,287
11730,7828,credit_card,1440
11731,7829,bank_transfer,1803
11732,7829,credit_card,1150
11733,7830,bank_transfer,2510
11734,7831,bank_transfer,2629
11735,7831,bank_transfer,850
11736,7832,coupon,1608
11737,7833,gift_card,2305
11738,7834,gift_card,1029
11739,7834,bank_transfer,1995
11740,7835,gift_card,2410
11741,7835,gift_card,1411
11742,7836,credit_card,2415
11743,7836,gift_card,1527
11744,7837,coupon,1436
11745,7838,bank_transfer,2762
11746,7838,bank_transfer,1012
11747,7839,coupon,389
11748,7840,credit_card,1498
11749,7840,credit_card,122
11750,7841,bank_transfer,1327
11751,7841,bank_transfer,2656
11752,7842,coupon,490
11753,7842,coupon,395
11754,7843,gift_card,1793
11755,7843,bank_transfer,2623
11756,7844,coupon,2961
11757,7844,credit_card,2994
11758,7845,credit_card,2010
11759,7845,coupon,1623
11760,7846,credit_card,930
11761,7847,bank_transfer,2267
11762,7848,coupon,2270
11763,7849,credit_card,2812
11764,7850,credit_card,1659
11765,7851,credit_card,823
11766,7852,coupon,1876
11767,7852,gift_card,834
11768,7853,bank_transfer,720
11769,7853,gift_card,1930
11770,7854,bank_transfer,2529
11771,7854,gift_card,1498
11772,7855,gift_card,1529
11773,7856,gift_card,170
11774,7856,credit_card,2451
11775,7857,gift_card,1149
11776,7857,bank_transfer,2441
11777,7858,gift_card,1892
11778,7858,gift_card,2145
11779,7859,gift_card,546
11780,7859,credit_card,1432
11781,7860,credit_card,235
11782,7861,credit_card,657
11783,7862,coupon,2554
11784,7862,credit_card,1229
11785,7863,bank_transfer,1930
11786,7864,coupon,686
11787,7864,bank_transfer,2927
11788,7865,bank_transfer,652
11789,7865,credit_card,169
11790,7866,bank_transfer,462
11791,7866,bank_transfer,2996
11792,7867,bank_transfer,509
11793,7867,credit_card,815
11794,7868,coupon,1209
11795,7869,coupon,1385
11796,7870,credit_card,675
11797,7871,bank_transfer,2645
11798,7872,bank_transfer,814
11799,7872,coupon,200
11800,7873,bank_transfer,2302
11801,7873,gift_card,2991
11802,7874,credit_card,2689
11803,7874,gift_card,825
11804,7875,bank_transfer,928
11805,7876,gift_card,1848
11806,7876,credit_card,424
11807,7877,bank_transfer,1045
11808,7878,coupon,1018
11809,7878,gift_card,779
11810,7879,coupon,107
11811,7880,bank_transfer,1385
11812,7880,bank_transfer,285
11813,7881,gift_card,2183
11814,7881,gift_card,2339
11815,7882,bank_transfer,285
11816,7883,coupon,1442
11817,7884,coupon,519
11818,7885,coupon,1812
11819,7886,bank_transfer,1075
11820,7886,gift_card,1481
11821,7887,gift_card,783
11822,7887,credit_card,1197
11823,7888,bank_transfer,2931
11824,7888,bank_transfer,2958
11825,7889,bank_transfer,2857
11826,7890,credit_card,1300
11827,7890,gift_card,867
11828,7891,bank_transfer,1265
11829,7891,coupon,263
11830,7892,coupon,2143
11831,7892,credit_card,2359
11832,7893,credit_card,1212
11833,7894,credit_card,2084
11834,7894,gift_card,1324
11835,7895,bank_transfer,2031
11836,7896,bank_transfer,1901
11837,7896,gift_card,2915
11838,7897,credit_card,176
11839,7897,coupon,2499
11840,7898,gift_card,577
11841,7898,gift_card,1271
11842,7899,coupon,2308
11843,7899,bank_transfer,1482
11844,7900,credit_card,954
11845,7901,coupon,707
11846,7901,gift_card,456
11847,7902,credit_card,2376
11848,7902,gift_card,940
11849,7903,gift_card,1880
11850,7904,bank_transfer,2447
11851,7905,credit_card,997
11852,7905,coupon,1934
11853,7906,coupon,1511
11854,7907,credit_card,379
11855,7907,coupon,2409
11856,7908,gift_card,1895
11857,7909,credit_card,118
11858,7909,gift_card,1855
11859,7910,credit_card,1794
11860,7911,credit_card,1849
11861,7911,gift_card,553
11862,7912,credit_card,762
11863,7912,credit_card,2236
11864,7913,gift_card,881
11865,7913,credit_card,2310
11866,7914,gift_card,392
11867,7915,coupon,441
11868,7915,coupon,294
11869,7916,credit_card,342
11870,7917,coupon,1858
11871,7917,bank_transfer,2898
11872,7918,gift_card,1584
11873,7918,gift_card,463
11874,7919,coupon,2423
11875,7919,coupon,1755
11876,7920,bank_transfer,2691
11877,7920,bank_transfer,989
11878,7921,coupon,481
11879,7921,gift_card,1567
11880,7922,bank_transfer,2857
11881,7923,bank_transfer,585
11882,7924,gift_card,2701
11883,7924,coupon,919
11884,7925,coupon,890
11885,7926,credit_card,2134
11886,7926,gift_card,1453
11887,7927,coupon,2998
11888,7928,credit_card,1577
11889,7929,bank_transfer,921
11890,7929,bank_transfer,176
11891,7930,credit_card,1249
11892,7930,coupon,1876
11893,7931,coupon,1975
11894,7931,bank_transfer,2642
11895,7932,bank_transfer,496
11896,7932,coupon,879
11897,7933,credit_card,1943
11898,7934,credit_card,2780
11899,7934,gift_card,1689
11900,7935,credit_card,449
11901,7935,gift_card,1464
11902,7936,gift_card,1757
11903,7936,credit_card,1615
11904,7937,coupon,2855
11905,7938,bank_transfer,1588
11906,7938,coupon,2069
11907,7939,bank_transfer,1657
11908,7939,credit_card,2360
11909,7940,gift_card,1974
11910,7940,coupon,1694
11911,7941,coupon,261
11912,7941,credit_card,642
11913,7942,coupon,675
11914,7943,credit_card,2337
11915,7943,bank_transfer,2347
11916,7944,bank_transfer,2935
11917,7944,bank_transfer,801
11918,7945,bank_transfer,966
11919,7946,credit_card,2120
11920,7947,coupon,175
11921,7947,coupon,1484
11922,7948,coupon,1854
11923,7949,gift_card,151
11924,7950,coupon,1236
11925,7950,bank_transfer,1897
11926,7951,coupon,1681
11927,7951,gift_card,1586
11928,7952,credit_card,1335
11929,7953,coupon,152
11930,7953,credit_card,1442
11931,7954,coupon,1298
11932,7955,coupon,1603
11933,7955,coupon,485
11934,7956,coupon,158
11935,7957,credit_card,2501
11936,7958,credit_card,2715
11937,7959,gift_card,957
11938,7960,credit_card,134
11939,7961,coupon,1120
11940,7962,bank_transfer,2470
11941,7963,credit_card,2535
11942,7964,bank_transfer,1172
11943,7964,coupon,1184
11944,7965,bank_transfer,1606
11945,7966,credit_card,1705
11946,7966,bank_transfer,260
11947,7967,credit_card,1597
11948,7968,bank_transfer,2166
11949,7969,gift_card,1611
11950,7970,credit_card,777
11951,7970,coupon,794
11952,7971,coupon,1305
11953,7972,bank_transfer,1210
11954,7973,coupon,2613
11955,7973,coupon,1222
11956,7974,gift_card,2581
11957,7974,bank_transfer,2042
11958,7975,credit_card,1768
11959,7976,coupon,785
11960,7976,bank_transfer,1482
11961,7977,bank_transfer,2545
11962,7978,bank_transfer,204
11963,7979,bank_transfer,1622
11964,7980,credit_card,1013
11965,7981,gift_card,666
11966,7981,bank_transfer,1008
11967,7982,coupon,1558
11968,7982,bank_transfer,2684
11969,7983,coupon,422
11970,7984,bank_transfer,2022
11971,7985,coupon,2234
11972,7986,gift_card,725
11973,7987,coupon,374
11974,7988,gift_card,2626
11975,7989,coupon,2543
11976,7989,bank_transfer,1063
11977,7990,coupon,241
11978,7990,coupon,478
11979,7991,credit_card,1961
11980,7992,coupon,1496
11981,7993,coupon,1902
11982,7993,gift_card,903
11983,7994,gift_card,813
11984,7995,coupon,1139
11985,7995,bank_transfer,1197
11986,7996,bank_transfer,1886
11987,7996,credit_card,2902
11988,7997,gift_card,630
11989,7998,coupon,2324
11990,7998,credit_card,2721
11991,7999,bank_transfer,2742
11992,7999,bank_transfer,1165
11993,8000,bank_transfer,694
11994,8001,coupon,1106
11995,8001,gift_card,2616
11996,8002,coupon,367
11997,8003,credit_card,1226
11998,8004,gift_card,2753
11999,8005,coupon,589
12000,8005,coupon,2285
12001,8006,gift_card,1062
12002,8006,gift_card,217
12003,8007,bank_transfer,2142
12004,8007,credit_card,1186
12005,8008,gift_card,129
12006,8008,gift_card,897
12007,8009,credit_card,1122
12008,8009,bank_transfer,2021
12009,8010,bank_transfer,927
12010,8011,credit_card,197
12011,8011,coupon,571
12012,8012,bank_transfer,2951
12013,8013,coupon,214
12014,8013,gift_card,1643
12015,8014,bank_transfer,1329
12016,8014,bank_transfer,136
12017,8015,bank_transfer,644
12018,8016,credit_card,295
12019,8016,credit_card,542
12020,8017,coupon,337
12021,8017,bank_transfer,1356
12022,8018,gift_card,1902
12023,8019,credit_card,1021
12024,8020,bank_transfer,1677
12025,8020,gift_card,684
12026,8021,coupon,998
12027,8022,bank_transfer,2589
12028,8022,coupon,854
12029,8023,coupon,583
12030,8023,gift_card,517
12031,8024,credit_card,521
12032,8025,gift_card,1177
12033,8025,coupon,1567
12034,8026,credit_card,2061
12035,8026,coupon,2756
12036,8027,credit_card,728
12037,8028,credit_card,2511
12038,8028,gift_card,1944
12039,8029,coupon,2141
12040,8029,bank_transfer,2809
12041,8030,coupon,468
12042,8030,gift_card,2419
12043,8031,credit_card,1419
12044,8031,coupon,2091
12045,8032,gift_card,1796
12046,8032,credit_card,746
12047,8033,coupon,2375
12048,8034,credit_card,1941
12049,8034,gift_card,652
12050,8035,bank_transfer,2650
12051,8036,coupon,205
12052,8037,coupon,2758
12053,8038,bank_transfer,2140
12054,8038,coupon,361
12055,8039,gift_card,1298
12056,8040,gift_card,782
12057,8040,coupon,1823
12058,8041,gift_card,149
12059,8042,bank_transfer,2673
12060,8042,bank_transfer,1902
12061,8043,credit_card,164
12062,8043,credit_card,195
12063,8044,gift_card,488
12064,8045,bank_transfer,1708
12065,8045,bank_transfer,311
12066,8046,bank_transfer,1053
12067,8047,gift_card,2778
12068,8047,credit_card,462
12069,8048,gift_card,1993
12070,8049,coupon,1627
12071,8049,gift_card,1377
12072,8050,gift_card,788
12073,8050,gift_card,2986
12074,8051,gift_card,751
12075,8052,coupon,1993
12076,8052,coupon,2128
12077,8053,credit_card,2311
12078,8054,credit_card,217
12079,8055,gift_card,1145
12080,8055,gift_card,285
12081,8056,bank_transfer,2069
12082,8057,credit_card,520
12083,8058,credit_card,237
12084,8058,gift_card,1478
12085,8059,gift_card,332
12086,8060,coupon,2662
12087,8061,coupon,2801
12088,8062,coupon,327
12089,8062,coupon,890
12090,8063,coupon,2974
12091,8063,credit_card,1529
12092,8064,gift_card,1226
12093,8065,coupon,2348
12094,8066,credit_card,970
12095,8066,bank_transfer,1195
12096,8067,bank_transfer,1102
12097,8067,credit_card,2644
12098,8068,bank_transfer,618
12099,8068,gift_card,2644
12100,8069,credit_card,946
12101,8070,credit_card,1129
12102,8070,bank_transfer,2748
12103,8071,bank_transfer,2071
12104,8072,gift_card,1489
12105,8072,credit_card,1706
12106,8073,bank_transfer,696
12107,8073,bank_transfer,2143
12108,8074,bank_transfer,1028
12109,8075,bank_transfer,530
12110,8075,coupon,2648
12111,8076,coupon,250
12112,8077,coupon,2588
12113,8077,coupon,2739
12114,8078,bank_transfer,2825
12115,8078,coupon,489
12116,8079,credit_card,2406
12117,8079,bank_transfer,1810
12118,8080,gift_card,617
12119,8080,bank_transfer,2424
12120,8081,credit_card,2466
12121,8082,coupon,539
12122,8082,coupon,1156
12123,8083,gift_card,1748
12124,8083,coupon,2851
12125,8084,bank_transfer,2705
12126,8084,credit_card,1452
12127,8085,gift_card,1702
12128,8085,coupon,876
12129,8086,gift_card,1756
12130,8087,coupon,2250
12131,8087,coupon,1962
12132,8088,coupon,106
12133,8089,gift_card,2165
12134,8090,coupon,301
12135,8090,bank_transfer,415
12136,8091,bank_transfer,1218
12137,8091,gift_card,829
12138,8092,gift_card,2354
12139,8092,bank_transfer,1592
12140,8093,bank_transfer,2287
12141,8093,credit_card,417
12142,8094,credit_card,125
12143,8094,bank_transfer,1443
12144,8095,coupon,2655
12145,8095,coupon,1323
12146,8096,gift_card,1606
12147,8096,gift_card,2392
12148,8097,coupon,2891
12149,8098,coupon,2669
12150,8098,bank_transfer,2497
12151,8099,gift_card,1402
12152,8100,bank_transfer,696
12153,8100,bank_transfer,1822
12154,8101,gift_card,2995
12155,8102,bank_transfer,1905
12156,8102,coupon,2073
12157,8103,bank_transfer,788
12158,8104,credit_card,2965
12159,8105,coupon,2807
12160,8106,bank_transfer,1441
12161,8106,coupon,2825
12162,8107,gift_card,677
12163,8107,gift_card,1642
12164,8108,credit_card,1881
12165,8108,coupon,854
12166,8109,credit_card,2524
12167,8109,bank_transfer,1265
12168,8110,coupon,2166
12169,8110,gift_card,531
12170,8111,coupon,1478
12171,8112,coupon,2034
12172,8112,bank_transfer,125
12173,8113,credit_card,683
12174,8114,gift_card,1387
12175,8114,gift_card,2431
12176,8115,gift_card,2355
12177,8115,credit_card,1898
12178,8116,gift_card,2674
12179,8117,bank_transfer,796
12180,8118,coupon,2757
12181,8118,bank_transfer,563
12182,8119,coupon,597
12183,8119,credit_card,728
12184,8120,credit_card,2949
12185,8121,bank_transfer,206
12186,8121,credit_card,515
12187,8122,credit_card,966
12188,8123,coupon,1065
12189,8123,credit_card,1543
12190,8124,gift_card,2206
12191,8124,bank_transfer,571
12192,8125,bank_transfer,1434
12193,8125,gift_card,2510
12194,8126,credit_card,1181
12195,8127,bank_transfer,1382
12196,8127,coupon,1873
12197,8128,credit_card,1821
12198,8129,coupon,2686
12199,8129,bank_transfer,1463
12200,8130,bank_transfer,280
12201,8131,credit_card,1501
12202,8132,credit_card,1091
12203,8132,credit_card,2862
12204,8133,credit_card,2718
12205,8133,gift_card,1310
12206,8134,bank_transfer,2254
12207,8134,coupon,2641
12208,8135,credit_card,1515
12209,8136,bank_transfer,2768
12210,8137,bank_transfer,2798
12211,8137,gift_card,2856
12212,8138,credit_card,1576
12213,8139,bank_transfer,247
12214,8140,coupon,733
12215,8140,credit_card,2817
12216,8141,credit_card,521
12217,8141,bank_transfer,2183
12218,8142,coupon,808
12219,8142,gift_card,298
12220,8143,coupon,1299
12221,8143,gift_card,1212
12222,8144,credit_card,2155
12223,8145,gift_card,259
12224,8145,gift_card,988
12225,8146,coupon,1263
12226,8146,coupon,1231
12227,8147,credit_card,638
12228,8148,bank_transfer,1828
12229,8148,gift_card,1098
12230,8149,coupon,2436
12231,8149,coupon,1990
12232,8150,credit_card,2585
12233,8151,gift_card,1098
12234,8152,credit_card,2247
12235,8153,gift_card,2078
12236,8153,credit_card,2203
12237,8154,coupon,910
12238,8154,gift_card,754
12239,8155,gift_card,1166
12240,8155,credit_card,2969
12241,8156,coupon,2007
12242,8157,credit_card,2000
12243,8157,credit_card,1280
12244,8158,gift_card,262
12245,8159,gift_card,1466
12246,8159,bank_transfer,935
12247,8160,coupon,662
12248,8161,coupon,2565
12249,8161,credit_card,1022
12250,8162,bank_transfer,1933
12251,8163,credit_card,591
12252,8164,coupon,2934
12253,8164,bank_transfer,1738
12254,8165,gift_card,2793
12255,8166,coupon,142
12256,8167,credit_card,1730
12257,8168,gift_card,869
12258,8169,bank_transfer,223
12259,8169,coupon,1071
12260,8170,credit_card,379
12261,8170,gift_card,2959
12262,8171,coupon,1781
12263,8171,gift_card,2135
12264,8172,gift_card,605
12265,8172,coupon,493
12266,8173,coupon,2272
12267,8174,gift_card,2617
12268,8175,credit_card,1369
12269,8176,bank_transfer,1927
12270,8177,credit_card,1499
12271,8177,bank_transfer,538
12272,8178,gift_card,1000
12273,8179,coupon,1564
12274,8179,bank_transfer,2149
12275,8180,coupon,2569
12276,8180,bank_transfer,1845
12277,8181,credit_card,2596
12278,8182,bank_transfer,2744
12279,8183,credit_card,1789
12280,8183,coupon,206
12281,8184,credit_card,2408
12282,8185,coupon,335
12283,8185,bank_transfer,2459
12284,8186,gift_card,2856
12285,8187,gift_card,2354
12286,8188,credit_card,1407
12287,8189,credit_card,1362
12288,8189,credit_card,2144
12289,8190,gift_card,2818
12290,8190,credit_card,1198
12291,8191,gift_card,538
12292,8192,gift_card,118
12293,8193,credit_card,2075
12294,8194,gift_card,2240
12295,8195,gift_card,1861
12296,8195,credit_card,789
12297,8196,gift_card,114
12298,8196,credit_card,2482
12299,8197,gift_card,710
12300,8197,credit_card,304
12301,8198,bank_transfer,2275
12302,8198,coupon,2909
12303,8199,coupon,2843
12304,8199,coupon,222
12305,8200,gift_card,848
12306,8200,credit_card,869
12307,8201,gift_card,1546
12308,8202,coupon,2513
12309,8203,gift_card,2106
12310,8204,gift_card,1964
12311,8204,credit_card,848
12312,8205,bank_transfer,1005
12313,8206,bank_transfer,1952
12314,8207,gift_card,985
12315,8207,coupon,892
12316,8208,gift_card,2079
12317,8209,coupon,797
12318,8209,bank_transfer,2531
12319,8210,coupon,107
12320,8211,gift_card,788
12321,8211,credit_card,2292
12322,8212,gift_card,2750
12323,8213,gift_card,1626
12324,8213,credit_card,2099
12325,8214,bank_transfer,315
12326,8214,credit_card,2168
12327,8215,bank_transfer,1857
12328,8216,gift_card,942
12329,8217,coupon,1914
12330,8217,coupon,1353
12331,8218,gift_card,2287
12332,8219,gift_card,2334
12333,8219,bank_transfer,181
12334,8220,coupon,1503
12335,8220,gift_card,886
12336,8221,gift_card,2352
12337,8222,coupon,358
12338,8222,credit_card,352
12339,8223,gift_card,2940
12340,8223,coupon,476
12341,8224,coupon,830
12342,8225,credit_card,1050
12343,8225,bank_transfer,810
12344,8226,gift_card,1420
12345,8227,credit_card,2521
12346,8228,gift_card,1477
12347,8229,bank_transfer,759
12348,8229,bank_transfer,1864
12349,8230,bank_transfer,1931
12350,8230,bank_transfer,463
12351,8231,coupon,2372
12352,8231,gift_card,2650
12353,8232,gift_card,1025
12354,8232,bank_transfer,187
12355,8233,coupon,1609
12356,8234,bank_transfer,889
12357,8235,gift_card,1675
12358,8236,credit_card,376
12359,8236,credit_card,2320
12360,8237,bank_transfer,2983
12361,8238,credit_card,155
12362,8238,credit_card,235
12363,8239,credit_card,182
12364,8239,gift_card,2374
12365,8240,bank_transfer,1157
12366,8240,bank_transfer,118
12367,8241,bank_transfer,2925
12368,8241,credit_card,2317
12369,8242,gift_card,877
12370,8243,gift_card,673
12371,8244,coupon,2640
12372,8244,bank_transfer,2014
12373,8245,coupon,1351
12374,8246,bank_transfer,1995
12375,8246,bank_transfer,1366
12376,8247,bank_transfer,2088
12377,8247,coupon,1907
12378,8248,credit_card,1883
12379,8248,credit_card,1932
12380,8249,coupon,1239
12381,8249,bank_transfer,2326
12382,8250,bank_transfer,2250
12383,8250,credit_card,2613
12384,8251,credit_card,2964
12385,8252,gift_card,2328
12386,8252,credit_card,1272
12387,8253,gift_card,2897
12388,8253,credit_card,2377
12389,8254,credit_card,2317
12390,8254,gift_card,551
12391,8255,coupon,1526
12392,8256,bank_transfer,2089
12393,8257,coupon,2590
12394,8257,bank_transfer,2597
12395,8258,gift_card,1593
12395,8259,gift_card,2942
12396,8259,gift_card,2040
12397,8260,gift_card,941
12398,8260,coupon,1024
12399,8261,gift_card,1943
12400,8262,coupon,197
12401,8262,coupon,1024
12402,8263,credit_card,863
12403,8264,credit_card,2111
12404,8264,bank_transfer,1317
12405,8265,credit_card,2966
12406,8266,credit_card,1886
12407,8267,coupon,377
12408,8267,gift_card,2623
12409,8268,bank_transfer,1614
12410,8268,gift_card,2636
12411,8269,bank_transfer,929
12412,8270,credit_card,516
12413,8271,gift_card,2727
12414,8272,bank_transfer,432
12415,8272,bank_transfer,835
12416,8273,gift_card,294
12417,8273,coupon,2049
12418,8274,gift_card,2052
12419,8275,bank_transfer,2962
12420,8276,credit_card,1708
12421,8276,coupon,310
12422,8277,coupon,1785
12423,8277,gift_card,1112
12424,8278,gift_card,2419
12425,8279,bank_transfer,1987
12426,8279,credit_card,180
12427,8280,credit_card,1193
12428,8281,bank_transfer,2668
12429,8281,bank_transfer,2504
12430,8282,gift_card,2819
12431,8283,credit_card,1069
12432,8284,coupon,117
12433,8285,coupon,1640
12434,8285,bank_transfer,2789
12435,8286,coupon,844
12436,8287,coupon,845
12437,8288,coupon,948
12438,8288,gift_card,840
12438,8289,gift_card,1565
12439,8290,bank_transfer,311
12440,8290,bank_transfer,982
12441,8291,coupon,2632
12442,8292,bank_transfer,1763
12443,8292,coupon,2072
12444,8293,coupon,1860
12445,8294,coupon,928
12446,8294,gift_card,1363
12447,8295,coupon,1872
12448,8295,bank_transfer,1223
12449,8296,credit_card,2218
12450,8297,coupon,940
12451,8298,bank_transfer,662
12452,8299,bank_transfer,2173
12453,8300,credit_card,2187
12454,8301,credit_card,1424
12455,8302,credit_card,1126
12456,8303,gift_card,1957
12457,8304,credit_card,2122
12458,8304,coupon,838
12459,8305,credit_card,679
12460,8306,credit_card,843
12461,8306,coupon,2940
12462,8307,bank_transfer,2358
12463,8308,gift_card,872
12464,8308,coupon,2527
12465,8309,gift_card,2471
12466,8309,bank_transfer,2291
12467,8310,credit_card,2011
12468,8311,gift_card,1885
12469,8312,coupon,2713
12470,8312,credit_card,2031
12471,8313,bank_transfer,1768
12472,8313,gift_card,2319
12473,8314,gift_card,1899
12474,8314,credit_card,2968
12475,8315,coupon,681
12476,8316,coupon,1194
12477,8316,bank_transfer,1523
12478,8317,gift_card,2929
12479,8318,credit_card,2602
12480,8319,credit_card,1364
12481,8319,credit_card,137
12482,8320,credit_card,1662
12483,8320,bank_transfer,897
12484,8321,bank_transfer,269
12485,8321,credit_card,104
12486,8322,gift_card,2630
12487,8322,bank_transfer,1754
12488,8323,credit_card,118
12489,8323,bank_transfer,2715
12490,8324,bank_transfer,2449
12491,8325,coupon,2754
12492,8326,bank_transfer,1249
12493,8326,gift_card,981
12494,8327,gift_card,1979
12495,8328,credit_card,390
12496,8328,coupon,499
12497,8329,coupon,1240
12498,8329,coupon,1623
12499,8330,gift_card,1245
12500,8331,coupon,2866
12501,8332,coupon,1413
12502,8333,bank_transfer,2718
12503,8334,credit_card,1850
12504,8334,credit_card,1086
12505,8335,bank_transfer,1649
12506,8336,coupon,1308
12507,8336,credit_card,1093
12508,8337,credit_card,1921
12509,8338,coupon,1942
12510,8339,bank_transfer,198
12511,8339,gift_card,552
12512,8340,gift_card,791
12513,8340,credit_card,2449
12514,8341,bank_transfer,853
12515,8341,coupon,2905
12516,8342,gift_card,211
12517,8342,gift_card,2045
12518,8343,coupon,617
12519,8344,credit_card,1019
12520,8345,bank_transfer,2022
12521,8345,coupon,689
12522,8346,bank_transfer,1090
12523,8347,coupon,1836
12524,8347,coupon,1013
12525,8348,coupon,2383
12526,8348,coupon,625
12527,8349,coupon,2164
12528,8349,bank_transfer,2161
12529,8350,credit_card,575
12530,8351,bank_transfer,1530
12531,8352,gift_card,1573
12532,8353,bank_transfer,1050
12533,8353,bank_transfer,929
12534,8354,gift_card,2366
12535,8355,gift_card,2714
12536,8355,credit_card,1441
12537,8356,credit_card,391
12538,8357,coupon,1042
12539,8358,gift_card,1160
12540,8359,bank_transfer,1348
12541,8360,gift_card,1447
12542,8360,coupon,769
12543,8361,credit_card,849
12544,8361,gift_card,2209
12545,8362,coupon,2322
12546,8363,bank_transfer,1087
12547,8363,credit_card,1092
12548,8364,coupon,609
12549,8364,credit_card,2252
12550,8365,coupon,2673
12551,8366,gift_card,395
12552,8366,bank_transfer,2551
12553,8367,gift_card,2994
12554,8367,credit_card,2448
12555,8368,gift_card,540
12556,8369,coupon,2835
12557,8369,credit_card,671
12558,8370,bank_transfer,2723
12559,8370,bank_transfer,348
12560,8371,coupon,641
12561,8372,coupon,2519
12562,8372,coupon,2673
12563,8373,gift_card,1414
12564,8373,bank_transfer,426
12565,8374,coupon,2049
12566,8375,coupon,1670
12567,8376,bank_transfer,1491
12568,8377,bank_transfer,739
12569,8377,coupon,1119
12570,8378,gift_card,1213
12571,8378,gift_card,1416
12572,8379,gift_card,1890
12573,8379,bank_transfer,2406
12574,8380,coupon,2535
12575,8380,coupon,2974
12576,8381,bank_transfer,1129
12577,8381,credit_card,251
12578,8382,gift_card,1116
12579,8382,coupon,1355
12580,8383,gift_card,1946
12581,8384,coupon,2132
12582,8384,coupon,496
12583,8385,bank_transfer,2622
12584,8385,coupon,1128
12585,8386,credit_card,2348
12586,8387,bank_transfer,1328
12587,8387,credit_card,814
12588,8388,bank_transfer,1775
12589,8389,credit_card,1433
12590,8389,credit_card,2109
12591,8390,coupon,102
12592,8391,gift_card,2579
12593,8391,gift_card,330
12594,8392,credit_card,1974
12595,8393,coupon,2879
12596,8394,credit_card,2283
12597,8394,coupon,622
12598,8395,coupon,2575
12599,8395,credit_card,2040
12600,8396,credit_card,993
12601,8397,gift_card,1774
12602,8397,bank_transfer,642
12603,8398,gift_card,785
12604,8399,credit_card,272
12605,8400,credit_card,2295
12606,8400,bank_transfer,2647
12607,8401,gift_card,1433
12608,8401,credit_card,1722
12609,8402,bank_transfer,294
12610,8402,bank_transfer,1916
12611,8403,bank_transfer,2030
12612,8403,credit_card,372
12613,8404,gift_card,949
12614,8404,credit_card,2263
12615,8405,coupon,248
12616,8406,bank_transfer,1777
12617,8406,bank_transfer,1225
12618,8407,bank_transfer,2404
12619,8408,coupon,1375
12620,8408,credit_card,2946
12621,8409,bank_transfer,1716
12622,8410,gift_card,594
12623,8411,coupon,2871
12624,8412,gift_card,2879
12625,8413,coupon,1921
12626,8413,gift_card,1690
12627,8414,credit_card,432
12628,8415,gift_card,328
12629,8416,credit_card,1220
12630,8417,credit_card,2772
12631,8418,credit_card,472
12632,8419,bank_transfer,2269
12633,8420,gift_card,1652
12634,8420,bank_transfer,2466
12635,8421,coupon,1667
12636,8422,coupon,978
12637,8423,coupon,597
12638,8424,credit_card,2289
12639,8425,coupon,1934
12640,8425,bank_transfer,2807
12641,8426,credit_card,1552
12642,8426,coupon,2739
12643,8427,coupon,1711
12644,8428,gift_card,846
12645,8429,credit_card,1213
12646,8429,credit_card,1279
12647,8430,coupon,2830
12648,8430,gift_card,2430
12649,8431,gift_card,1344
12650,8432,bank_transfer,2087
12651,8432,coupon,1393
12652,8433,coupon,685
12653,8434,bank_transfer,144
12654,8435,bank_transfer,1336
12655,8435,gift_card,2068
12656,8436,gift_card,447
12657,8436,credit_card,2717
12658,8437,bank_transfer,2449
12659,8437,coupon,1417
12660,8438,coupon,135
12661,8439,gift_card,1864
12662,8440,coupon,1253
12663,8440,credit_card,926
12664,8441,bank_transfer,1023
12665,8441,coupon,214
12666,8442,coupon,1439
12667,8442,bank_transfer,2618
12668,8443,gift_card,2984
12669,8443,bank_transfer,2603
12670,8444,coupon,1383
12671,8445,credit_card,1679
12672,8445,gift_card,2658
12673,8446,credit_card,1480
12674,8447,gift_card,2164
12675,8448,credit_card,1846
12676,8448,credit_card,790
12677,8449,gift_card,2687
12678,8450,credit_card,1851
12679,8450,coupon,1519
12680,8451,bank_transfer,1606
12681,8451,coupon,2221
12682,8452,bank_transfer,2055
12683,8452,coupon,2082
12684,8453,bank_transfer,732
12685,8454,bank_transfer,2022
12686,8455,gift_card,2205
12687,8456,bank_transfer,1569
12688,8457,bank_transfer,1688
12689,8458,coupon,2828
12690,8458,credit_card,2446
12691,8459,bank_transfer,779
12692,8459,gift_card,2434
12693,8460,bank_transfer,2674
12694,8461,gift_card,1420
12695,8462,credit_card,1172
12696,8463,coupon,173
12697,8463,bank_transfer,1831
12698,8464,credit_card,1719
12699,8465,bank_transfer,947
12700,8466,coupon,1857
12701,8467,credit_card,984
12702,8467,credit_card,2735
12703,8468,credit_card,866
12704,8468,gift_card,914
12705,8469,gift_card,922
12706,8469,bank_transfer,2930
12707,8470,bank_transfer,176
12708,8471,coupon,1805
12709,8472,coupon,438
12710,8473,gift_card,2937
12711,8473,credit_card,2901
12712,8474,bank_transfer,144
12713,8474,credit_card,1475
12714,8475,coupon,1141
12715,8475,gift_card,1406
12716,8476,bank_transfer,1591
12717,8477,gift_card,2630
12718,8477,coupon,2917
12719,8478,coupon,236
12720,8479,bank_transfer,1785
12721,8480,coupon,2861
12722,8480,credit_card,1778
12723,8481,bank_transfer,1518
12724,8482,gift_card,1530
12725,8482,coupon,1726
12726,8483,bank_transfer,1116
12727,8484,coupon,2852
12728,8484,gift_card,778
12729,8485,gift_card,2824
12730,8486,coupon,1853
12731,8486,bank_transfer,2474
12732,8487,gift_card,2364
12733,8488,gift_card,2508
12734,8489,bank_transfer,459
12735,8489,gift_card,982
12736,8490,gift_card,1024
12737,8490,coupon,2840
12738,8491,bank_transfer,1785
12739,8492,gift_card,2010
12740,8492,gift_card,723
12741,8493,bank_transfer,1270
12742,8493,credit_card,2865
12743,8494,coupon,480
12744,8495,credit_card,1447
12745,8495,gift_card,677
12746,8496,credit_card,1115
12747,8497,bank_transfer,2015
12748,8498,bank_transfer,2268
12749,8499,coupon,2062
12750,8500,bank_transfer,1527
12751,8501,gift_card,870
12752,8502,gift_card,1738
12753,8503,bank_transfer,1192
12754,8503,credit_card,2066
12755,8504,bank_transfer,1112
12756,8505,gift_card,126
12757,8505,gift_card,274
12758,8506,gift_card,1116
12759,8507,coupon,2105
12760,8507,credit_card,2929
12761,8508,coupon,856
12762,8508,credit_card,1058
12763,8509,coupon,1718
12764,8509,bank_transfer,1502
12765,8510,credit_card,863
12766,8510,gift_card,2219
12767,8511,credit_card,1071
12768,8512,gift_card,2309
12769,8512,coupon,2686
12770,8513,gift_card,2871
12771,8513,gift_card,2141
12772,8514,gift_card,2137
12773,8514,gift_card,208
12774,8515,credit_card,1625
12775,8516,coupon,2220
12776,8516,coupon,314
12777,8517,credit_card,914
12778,8517,credit_card,1114
12779,8518,credit_card,1604
12780,8519,gift_card,1452
12781,8520,gift_card,1775
12782,8520,gift_card,2370
12783,8521,gift_card,2285
12784,8521,gift_card,1543
12785,8522,coupon,1307
12786,8523,credit_card,2033
12787,8523,bank_transfer,449
12788,8524,gift_card,2449
12789,8525,bank_transfer,429
12790,8526,credit_card,642
12791,8527,credit_card,717
12792,8527,coupon,2019
12793,8528,gift_card,239
12794,8528,coupon,1519
12795,8529,credit_card,551
12796,8529,gift_card,501
12797,8530,credit_card,253
12798,8531,credit_card,1364
12799,8531,coupon,818
12800,8532,coupon,818
12801,8532,credit_card,1039
12802,8533,bank_transfer,2619
12803,8533,credit_card,1488
12804,8534,gift_card,2764
12805,8534,coupon,2549
12806,8535,bank_transfer,2055
12807,8536,coupon,2052
12808,8537,coupon,1470
12809,8538,bank_transfer,2065
12810,8538,bank_transfer,1611
12811,8539,coupon,2251
12812,8539,gift_card,1946
12813,8540,gift_card,1999
12814,8541,bank_transfer,2094
12815,8541,bank_transfer,2685
12816,8542,coupon,1454
12817,8542,coupon,517
12818,8543,gift_card,2239
12819,8543,coupon,1469
12820,8544,credit_card,1584
12821,8545,credit_card,2129
12822,8545,gift_card,986
12823,8546,bank_transfer,2368
12824,8547,credit_card,260
12825,8547,bank_transfer,646
12826,8548,gift_card,2764
12827,8548,coupon,2578
12828,8549,gift_card,2960
12829,8550,gift_card,2346
12830,8550,gift_card,1416
12831,8551,coupon,2719
12832,8552,credit_card,2132
12833,8552,credit_card,1340
12834,8553,coupon,533
12835,8553,coupon,2180
12836,8554,gift_card,2262
12837,8555,coupon,403
12838,8555,credit_card,2874
12839,8556,bank_transfer,560
12840,8557,coupon,416
12841,8557,coupon,1463
12842,8558,bank_transfer,1264
12843,8559,bank_transfer,2445
12844,8559,gift_card,2260
12845,8560,bank_transfer,2881
12845,8561,credit_card,237
12846,8562,credit_card,485
12847,8562,credit_card,589
12848,8563,credit_card,801
12849,8564,coupon,1781
12850,8565,bank_transfer,625
12851,8566,coupon,2245
12852,8566,bank_transfer,1168
12853,8567,credit_card,2609
12854,8568,bank_transfer,366
12855,8569,credit_card,1639
12856,8570,bank_transfer,1967
12857,8571,gift_card,1217
12858,8571,credit_card,1278
12859,8572,credit_card,1865
12860,8573,credit_card,2746
12861,8573,coupon,2524
12862,8574,bank_transfer,1685
12863,8574,gift_card,2756
12864,8575,credit_card,2010
12865,8576,coupon,1115
12866,8577,coupon,2247
12867,8577,credit_card,2569
12868,8578,bank_transfer,2061
12869,8579,coupon,2479
12870,8579,coupon,2115
12871,8580,bank_transfer,2536
12872,8581,credit_card,1613
12873,8581,gift_card,979
12874,8582,gift_card,992
12875,8583,coupon,985
12876,8583,bank_transfer,506
12877,8584,gift_card,2614
12878,8585,bank_transfer,2038
12879,8585,credit_card,1716
12880,8586,bank_transfer,1782
12881,8586,gift_card,2467
12882,8587,coupon,2794
12883,8588,gift_card,504
12884,8589,gift_card,2196
12885,8589,bank_transfer,2288
12886,8590,coupon,819
12887,8590,coupon,725
12888,8591,gift_card,1614
12889,8592,gift_card,1701
12890,8593,bank_transfer,1188
12891,8593,coupon,715
12892,8594,credit_card,2014
12893,8595,coupon,914
12894,8595,gift_card,1850
12895,8596,coupon,1662
12896,8596,coupon,1695
12897,8597,gift_card,2353
12898,8597,coupon,565
12899,8598,credit_card,201
12900,8598,credit_card,975
12901,8599,gift_card,2947
12902,8600,credit_card,2244
12903,8600,credit_card,1388
12904,8601,gift_card,1504
12905,8602,gift_card,2530
12906,8602,coupon,2054
12907,8603,coupon,945
12908,8604,gift_card,1170
12909,8605,bank_transfer,1367
12910,8605,gift_card,834
12911,8606,credit_card,1277
12912,8606,credit_card,2683
12913,8607,coupon,2062
12914,8608,bank_transfer,891
12915,8608,credit_card,2271
12916,8609,coupon,2144
12917,8610,gift_card,2976
12918,8611,gift_card,1818
12919,8611,credit_card,1643
12920,8612,coupon,2924
12921,8612,gift_card,1223
12922,8613,coupon,1496
12923,8614,credit_card,213
12924,8615,credit_card,2583
12925,8616,bank_transfer,1686
12926,8616,credit_card,237
12927,8617,bank_transfer,1962
12928,8618,coupon,2702
12929,8619,credit_card,1204
12930,8619,gift_card,1364
12931,8620,bank_transfer,2226
12932,8620,bank_transfer,2373
12933,8621,gift_card,1436
12934,8622,coupon,2936
12935,8622,coupon,746
12936,8623,coupon,414
12937,8624,coupon,778
12938,8624,bank_transfer,1120
12939,8625,coupon,2887
12940,8625,coupon,1267
12941,8626,credit_card,1137
12942,8626,credit_card,2554
12943,8627,credit_card,2586
12944,8628,credit_card,621
12945,8629,gift_card,2172
12946,8629,gift_card,2101
12947,8630,gift_card,1077
12948,8630,gift_card,2843
12949,8631,credit_card,1908
12950,8632,credit_card,2345
12951,8632,coupon,1729
12952,8633,bank_transfer,1598
12953,8634,credit_card,832
12954,8634,credit_card,2936
12955,8635,coupon,1102
12956,8635,credit_card,2156
12957,8636,bank_transfer,2936
12958,8636,gift_card,1503
12959,8637,gift_card,498
12960,8637,credit_card,2929
12961,8638,credit_card,1110
12962,8639,bank_transfer,1772
12963,8639,bank_transfer,2700
12964,8640,gift_card,1890
12965,8641,gift_card,2392
12966,8642,credit_card,2797
12967,8642,gift_card,2874
12968,8643,gift_card,2120
12969,8643,bank_transfer,2308
12970,8644,coupon,1298
12971,8644,bank_transfer,2123
12972,8645,coupon,663
12973,8645,gift_card,1705
12974,8646,gift_card,960
12975,8647,bank_transfer,303
12976,8647,bank_transfer,922
12977,8648,coupon,2475
12978,8649,coupon,2650
12979,8650,gift_card,1457
12980,8650,coupon,2189
12981,8651,credit_card,890
12982,8652,gift_card,2551
12983,8653,gift_card,2665
12984,8654,coupon,1662
12985,8655,gift_card,307
12986,8655,bank_transfer,556
12987,8656,coupon,680
12988,8657,bank_transfer,401
12989,8657,coupon,2702
12990,8658,credit_card,1947
12991,8658,gift_card,2209
12992,8659,gift_card,1126
12993,8660,gift_card,1014
12994,8661,gift_card,1947
12995,8662,bank_transfer,2296
12996,8662,coupon,933
12997,8663,credit_card,111
12998,8664,credit_card,1520
12999,8664,credit_card,2882
13000,8665,gift_card,2441
13001,8665,gift_card,2350
13002,8666,coupon,1635
13003,8666,credit_card,306
13004,8667,coupon,1827
13005,8668,gift_card,2128
13006,8669,bank_transfer,1869
13007,8670,gift_card,651
13008,8670,coupon,367
13009,8671,credit_card,770
13010,8672,gift_card,2673
13011,8673,bank_transfer,986
13012,8674,coupon,1644
13013,8675,credit_card,2597
13014,8675,credit_card,1305
13015,8676,credit_card,1507
13016,8677,coupon,2466
13017,8678,credit_card,2581
13018,8678,credit_card,1706
13019,8679,credit_card,2508
13020,8679,gift_card,2315
13021,8680,credit_card,2995
13022,8680,coupon,2069
13023,8681,bank_transfer,874
13024,8681,gift_card,1178
13025,8682,coupon,1135
13026,8682,credit_card,2342
13027,8683,credit_card,152
13028,8684,gift_card,700
13029,8684,gift_card,141
13030,8685,gift_card,378
13031,8685,coupon,2486
13032,8686,coupon,1390
13033,8686,gift_card,643
13034,8687,bank_transfer,2559
13035,8688,bank_transfer,749
13036,8688,gift_card,1897
13037,8689,credit_card,1859
13038,8690,gift_card,2757
13039,8691,gift_card,2442
13040,8691,coupon,1282
13041,8692,gift_card,1928
13042,8692,gift_card,1758
13043,8693,gift_card,2893
13044,8694,coupon,2790
13045,8694,coupon,2222
13046,8695,coupon,2155
13047,8695,credit_card,1087
13048,8696,bank_transfer,2032
13049,8697,gift_card,2666
13050,8698,bank_transfer,1069
13051,8699,bank_transfer,1228
13052,8700,coupon,2432
13053,8700,gift_card,659
13054,8701,coupon,1851
13055,8701,bank_transfer,930
13056,8702,credit_card,535
13057,8703,bank_transfer,2644
13058,8703,credit_card,2131
13059,8704,credit_card,147
13060,8704,gift_card,1150
13061,8705,credit_card,1103
13062,8706,credit_card,677
13063,8707,coupon,143
13064,8708,bank_transfer,1476
13065,8709,gift_card,1717
13066,8710,credit_card,2323
13067,8710,coupon,461
13068,8711,credit_card,648
13069,8711,bank_transfer,415
13070,8712,bank_transfer,1506
13071,8713,gift_card,637
13072,8713,coupon,1902
13073,8714,gift_card,375
13074,8714,credit_card,608
13075,8715,coupon,1059
13076,8715,credit_card,1715
13077,8716,coupon,2693
13078,8717,coupon,2709
13079,8718,bank_transfer,1612
13080,8719,gift_card,185
13081,8719,credit_card,338
13082,8720,credit_card,2804
13083,8721,credit_card,1775
13084,8721,coupon,669
13085,8722,credit_card,1657
13086,8722,gift_card,2565
13087,8723,coupon,2747
13088,8724,gift_card,1139
13089,8724,gift_card,1007
13090,8725,gift_card,232
13091,8726,coupon,2607
13092,8727,gift_card,163
13093,8728,coupon,1635
13094,8728,coupon,541
13095,8729,credit_card,536
13096,8729,gift_card,1600
13097,8730,gift_card,1033
13098,8730,coupon,1876
13099,8731,coupon,1518
13100,8731,coupon,2789
13101,8732,credit_card,556
13102,8732,coupon,1305
13103,8733,bank_transfer,2039
13104,8733,coupon,148
13105,8734,bank_transfer,2795
13106,8734,bank_transfer,2714
13107,8735,coupon,325
13108,8735,credit_card,641
13109,8736,bank_transfer,1632
13110,8737,bank_transfer,1033
13111,8738,coupon,190
13112,8738,credit_card,2411
13113,8739,gift_card,697
13114,8740,gift_card,1985
13115,8741,credit_card,2469
13116,8742,gift_card,884
13117,8743,gift_card,2261
13118,8744,coupon,1345
13119,8744,bank_transfer,2035
13120,8745,coupon,1435
13121,8745,credit_card,111
13122,8746,gift_card,1344
13123,8747,coupon,2983
13124,8747,gift_card,2364
13125,8748,gift_card,2323
13126,8748,bank_transfer,538
13127,8749,bank_transfer,836
13128,8749,credit_card,2729
13129,8750,coupon,1418
13130,8750,gift_card,1832
13131,8751,bank_transfer,777
13132,8752,coupon,294
13133,8752,bank_transfer,2562
13134,8753,bank_transfer,1252
13135,8753,gift_card,2978
13136,8754,credit_card,1584
13137,8754,coupon,1581
13138,8755,credit_card,2001
13139,8755,bank_transfer,2003
13140,8756,gift_card,198
13141,8756,bank_transfer,176
13142,8757,bank_transfer,881
13143,8757,coupon,261
13144,8758,coupon,1536
13145,8758,bank_transfer,2883
13146,8759,bank_transfer,2355
13147,8760,credit_card,768
13148,8760,coupon,796
13149,8761,coupon,2879
13150,8761,coupon,2126
13151,8762,bank_transfer,1126
13152,8763,gift_card,757
13153,8764,gift_card,2696
13154,8764,coupon,559
13155,8765,credit_card,1396
13156,8765,credit_card,997
13157,8766,credit_card,310
13158,8766,bank_transfer,582
13159,8767,coupon,1663
13160,8768,credit_card,2988
13161,8769,credit_card,2655
13162,8770,credit_card,1187
13163,8771,gift_card,308
13164,8772,coupon,386
13165,8772,credit_card,2662
13166,8773,coupon,1434
13167,8774,bank_transfer,211
13168,8774,credit_card,2151
13169,8775,credit_card,144
13170,8776,credit_card,2536
13171,8776,coupon,1514
13172,8777,bank_transfer,1271
13173,8777,gift_card,1007
13174,8778,gift_card,2397
13175,8779,coupon,2558
13176,8779,coupon,2303
13177,8780,coupon,2708
13178,8780,gift_card,1259
13179,8781,credit_card,1355
13180,8782,coupon,132
13181,8783,coupon,2579
13182,8783,coupon,252
13183,8784,coupon,1854
13184,8784,credit_card,2427
13185,8785,credit_card,2377
13186,8786,gift_card,1813
13187,8787,coupon,2893
13188,8787,gift_card,2856
13188,8788,bank_transfer,382
13189,8788,credit_card,1331
13190,8789,gift_card,444
13191,8789,gift_card,1726
13192,8790,coupon,2398
13193,8791,coupon,1888
13194,8792,coupon,2056
13195,8793,gift_card,707
13196,8793,gift_card,2259
13197,8794,bank_transfer,544
13198,8795,credit_card,1363
13199,8796,coupon,2167
13200,8796,gift_card,2599
13201,8797,gift_card,479
13202,8797,bank_transfer,2594
13203,8798,gift_card,1549
13204,8798,bank_transfer,572
13205,8799,coupon,500
13206,8799,bank_transfer,107
13207,8800,credit_card,2725
13208,8801,credit_card,2349
13209,8801,bank_transfer,2279
13210,8802,gift_card,1953
13211,8803,bank_transfer,338
13212,8803,credit_card,126
13213,8804,coupon,417
13214,8804,bank_transfer,2971
13215,8805,coupon,1028
13216,8805,credit_card,2738
13217,8806,gift_card,2646
13218,8806,gift_card,1318
13219,8807,credit_card,2823
13220,8807,coupon,1190
13221,8808,bank_transfer,1180
13222,8808,coupon,1186
13223,8809,coupon,1401
13224,8809,gift_card,843
13225,8810,bank_transfer,1268
13226,8811,bank_transfer,467
13227,8812,coupon,541
13228,8812,bank_transfer,2731
13229,8813,bank_transfer,2802
13230,8813,coupon,253
13231,8814,coupon,2055
13232,8814,gift_card,2239
13233,8815,coupon,264
13234,8816,credit_card,2258
13235,8816,bank_transfer,1099
13236,8817,bank_transfer,2883
13237,8818,coupon,1926
13238,8819,credit_card,775
13239,8820,credit_card,1630
13240,8821,bank_transfer,1684
13241,8822,gift_card,1980
13242,8822,bank_transfer,176
13243,8823,credit_card,410
13244,8824,gift_card,592
13245,8824,gift_card,340
13246,8825,coupon,2915
13247,8826,bank_transfer,1965
13248,8826,coupon,1480
13249,8827,coupon,2230
13250,8828,gift_card,2867
13251,8828,coupon,2609
13252,8829,coupon,473
13253,8829,coupon,1806
13254,8830,bank_transfer,226
13255,8831,bank_transfer,768
13256,8832,coupon,1915
13257,8833,bank_transfer,165
13258,8834,coupon,2646
13259,8834,bank_transfer,2987
13260,8835,bank_transfer,2266
13261,8836,coupon,2474
13262,8836,credit_card,1683
13263,8837,bank_transfer,1953
13264,8838,gift_card,1437
13265,8838,coupon,910
13266,8839,gift_card,716
13267,8840,credit_card,2420
13268,8841,credit_card,1082
13269,8841,credit_card,2609
13270,8842,coupon,1357
13271,8843,bank_transfer,2717
13272,8843,credit_card,240
13273,8844,credit_card,1166
13274,8844,gift_card,1496
13275,8845,bank_transfer,780
13276,8845,coupon,2213
13277,8846,coupon,2563
13278,8846,coupon,442
13279,8847,credit_card,289
13280,8848,gift_card,2687
13281,8848,gift_card,1254
13282,8849,coupon,2819
13283,8849,coupon,1862
13284,8850,gift_card,1845
13285,8851,credit_card,2980
13286,8852,credit_card,775
13287,8852,bank_transfer,2463
13288,8853,gift_card,1928
13289,8854,bank_transfer,1861
13290,8854,credit_card,1669
13291,8855,bank_transfer,2305
13292,8856,bank_transfer,2720
13293,8856,credit_card,1302
13294,8857,gift_card,1148
13295,8858,gift_card,767
13296,8859,credit_card,606
13297,8859,bank_transfer,2914
13298,8860,coupon,499
13299,8861,gift_card,300
13300,8861,credit_card,1489
13301,8862,credit_card,1132
13302,8863,bank_transfer,2673
13303,8864,bank_transfer,1547
13304,8865,credit_card,1461
13305,8865,gift_card,2988
13306,8866,coupon,1247
13307,8866,gift_card,1927
13308,8867,bank_transfer,2741
13309,8868,gift_card,2473
13310,8868,credit_card,1594
13311,8869,gift_card,2260
13312,8870,gift_card,1596
13313,8870,coupon,2554
13314,8871,coupon,2421
13315,8872,coupon,242
13316,8873,gift_card,1150
13317,8873,coupon,961
13318,8874,credit_card,2194
13319,8874,gift_card,150
13320,8875,coupon,1977
13321,8876,credit_card,2077
13322,8876,gift_card,450
13323,8877,credit_card,878
13324,8877,gift_card,204
13325,8878,bank_transfer,2836
13326,8878,coupon,1142
13327,8879,coupon,1421
13328,8880,bank_transfer,871
13329,8881,coupon,2677
13330,8881,coupon,1522
13331,8882,credit_card,460
13332,8882,gift_card,2570
13333,8883,bank_transfer,1824
13334,8883,coupon,2185
13335,8884,credit_card,2982
13336,8884,gift_card,1600
13337,8885,gift_card,1340
13338,8886,gift_card,1081
13339,8887,credit_card,1749
13340,8887,coupon,2813
13341,8888,coupon,2857
13342,8888,credit_card,464
13343,8889,coupon,1433
13344,8890,bank_transfer,2076
13345,8891,gift_card,2551
13346,8892,credit_card,2347
13347,8892,credit_card,1477
13348,8893,coupon,1866
13349,8894,credit_card,2407
13350,8895,bank_transfer,2755
13351,8895,gift_card,1990
13352,8896,bank_transfer,2198
13353,8897,bank_transfer,1826
13354,8897,gift_card,669
13355,8898,coupon,322
13356,8898,credit_card,2207
13357,8899,credit_card,1016
13358,8899,bank_transfer,1404
13359,8900,coupon,1901
13360,8901,gift_card,2703
13361,8902,credit_card,1054
13362,8903,bank_transfer,217
13363,8904,credit_card,2034
13364,8905,credit_card,1896
13365,8906,bank_transfer,2448
13366,8906,bank_transfer,2977
13367,8907,bank_transfer,2841
13368,8908,bank_transfer,1985
13369,8909,coupon,655
13370,8909,gift_card,2070
13371,8910,credit_card,1937
13372,8911,coupon,1933
13373,8911,gift_card,2975
13374,8912,bank_transfer,105
13375,8912,bank_transfer,1607
13376,8913,bank_transfer,906
13377,8913,gift_card,1978
13378,8914,coupon,2523
13379,8915,credit_card,2365
13380,8916,credit_card,1441
13381,8916,gift_card,1665
13382,8917,bank_transfer,1873
13383,8918,coupon,2234
13384,8918,gift_card,1530
13385,8919,gift_card,2256
13386,8920,gift_card,384
13387,8920,bank_transfer,299
13388,8921,coupon,1374
13389,8922,coupon,1275
13390,8922,credit_card,2230
13391,8923,gift_card,107
13392,8924,bank_transfer,1527
13393,8924,gift_card,2270
13394,8925,gift_card,1452
13395,8925,coupon,2778
13396,8926,bank_transfer,146
13397,8927,coupon,1110
13398,8927,bank_transfer,1614
13399,8928,gift_card,2724
13400,8929,gift_card,2881
13401,8929,coupon,400
13402,8930,credit_card,286
13403,8931,credit_card,2428
13404,8931,credit_card,784
13405,8932,gift_card,744
13406,8932,credit_card,711
13407,8933,credit_card,753
13408,8933,gift_card,1894
13409,8934,bank_transfer,1486
13410,8934,credit_card,1890
13411,8935,bank_transfer,956
13412,8935,credit_card,2287
13413,8936,bank_transfer,1397
13414,8937,gift_card,1331
13415,8938,bank_transfer,887
13416,8938,gift_card,1136
13417,8939,bank_transfer,2124
13418,8939,gift_card,648
13419,8940,gift_card,2839
13420,8941,coupon,1134
13421,8941,gift_card,262
13422,8942,coupon,2300
13423,8942,credit_card,1727
13424,8943,credit_card,823
13425,8944,credit_card,1252
13426,8945,coupon,1883
13427,8946,credit_card,1854
13428,8946,gift_card,1501
13429,8947,gift_card,1372
13430,8947,bank_transfer,1229
13431,8948,coupon,1969
13432,8949,coupon,333
13433,8949,coupon,805
13434,8950,bank_transfer,1281
13435,8950,credit_card,1762
13436,8951,coupon,940
13437,8952,credit_card,707
13438,8953,gift_card,2338
13439,8953,bank_transfer,303
13440,8954,coupon,320
13441,8955,bank_transfer,2493
13442,8955,bank_transfer,1106
13443,8956,coupon,1398
13444,8957,coupon,761
13445,8957,bank_transfer,664
13446,8958,bank_transfer,876
13447,8959,bank_transfer,2512
13448,8960,coupon,1800
13449,8960,coupon,1457
13450,8961,credit_card,1173
13451,8961,gift_card,203
13452,8962,bank_transfer,2474
13453,8962,coupon,2643
13454,8963,gift_card,822
13455,8964,gift_card,295
13456,8964,coupon,2844
13457,8965,bank_transfer,677
13458,8966,bank_transfer,2460
13459,8966,gift_card,2024
13460,8967,bank_transfer,1396
13461,8967,bank_transfer,1175
13462,8968,bank_transfer,1448
13463,8969,gift_card,223
13464,8970,coupon,2066
13465,8970,gift_card,1624
13466,8971,bank_transfer,1172
13467,8971,bank_transfer,1210
13468,8972,gift_card,1063
13469,8973,gift_card,2525
13470,8974,credit_card,1382
13471,8975,coupon,1727
13472,8975,credit_card,2181
13473,8976,bank_transfer,1485
13474,8976,coupon,2144
13475,8977,credit_card,1051
13476,8977,coupon,666
13477,8978,gift_card,2564
13478,8979,coupon,1137
13479,8980,bank_transfer,1867
13480,8980,coupon,2947
13481,8981,gift_card,1389
13482,8981,bank_transfer,935
13483,8982,bank_transfer,2768
13484,8982,credit_card,2733
13485,8983,credit_card,1944
13486,8983,bank_transfer,129
13487,8984,credit_card,2342
13488,8984,bank_transfer,2004
13489,8985,coupon,2471
13490,8985,coupon,2642
13491,8986,bank_transfer,2896
13492,8986,coupon,358
13493,8987,bank_transfer,2326
13494,8987,bank_transfer,1748
13495,8988,coupon,633
13496,8989,credit_card,1877
13497,8989,bank_transfer,2584
13498,8990,coupon,2036
13499,8991,coupon,1897
13500,8992,bank_transfer,601
13501,8993,coupon,1997
13502,8993,credit_card,1039
13503,8994,coupon,1792
13504,8994,credit_card,2808
13505,8995,gift_card,1205
13506,8995,gift_card,283
13507,8996,coupon,1123
13508,8997,bank_transfer,1424
13509,8998,gift_card,396
13510,8999,gift_card,2400
13511,9000,bank_transfer,2664
13512,9000,coupon,1055
13513,9001,coupon,270
13514,9001,credit_card,1232
13515,9002,bank_transfer,1291
13516,9002,coupon,839
13517,9003,bank_transfer,673
13518,9004,bank_transfer,789
13519,9004,coupon,751
13520,9005,credit_card,1915
13521,9005,coupon,2512
13522,9006,gift_card,2057
13523,9007,credit_card,2604
13524,9007,coupon,1775
13525,9008,coupon,1242
13526,9009,gift_card,1110
13527,9009,coupon,2428
13528,9010,gift_card,930
13529,9010,gift_card,715
13530,9011,coupon,2722
13531,9011,bank_transfer,140
13532,9012,coupon,149
13533,9013,credit_card,2746
13534,9013,credit_card,1383
13535,9014,credit_card,984
13536,9014,bank_transfer,1943
13537,9015,credit_card,2289
13538,9016,gift_card,1337
13539,9017,credit_card,1373
13540,9017,gift_card,2469
13541,9018,gift_card,1554
13542,9019,credit_card,1585
13543,9020,coupon,2421
13544,9020,gift_card,894
13545,9021,credit_card,826
13546,9022,credit_card,2740
13547,9023,credit_card,708
13548,9023,credit_card,1159
13549,9024,bank_transfer,1299
13550,9024,gift_card,1604
13551,9025,credit_card,1463
13552,9026,gift_card,1556
13553,9027,credit_card,439
13554,9028,credit_card,1956
13555,9029,gift_card,2079
13556,9029,gift_card,2480
13557,9030,credit_card,713
13558,9030,bank_transfer,1289
13559,9031,bank_transfer,818
13560,9032,credit_card,2498
13561,9032,bank_transfer,217
13562,9033,bank_transfer,1457
13563,9033,bank_transfer,452
13564,9034,gift_card,753
13565,9034,coupon,403
13566,9035,bank_transfer,766
13567,9036,gift_card,2969
13568,9036,bank_transfer,1413
13569,9037,gift_card,2604
13570,9037,coupon,1818
13571,9038,bank_transfer,2748
13572,9039,coupon,2953
13573,9039,credit_card,1567
13574,9040,coupon,403
13575,9041,credit_card,330
13576,9041,gift_card,2160
13577,9042,coupon,2693
13578,9042,bank_transfer,812
13579,9043,gift_card,1257
13580,9044,coupon,936
13581,9044,coupon,2115
13582,9045,coupon,1500
13583,9046,coupon,1602
13584,9046,bank_transfer,2388
13585,9047,gift_card,873
13586,9048,credit_card,2829
13587,9048,credit_card,2561
13588,9049,bank_transfer,2328
13589,9049,gift_card,190
13590,9050,coupon,2890
13591,9050,gift_card,2195
13592,9051,gift_card,1971
13593,9051,credit_card,2532
13594,9052,coupon,1466
13595,9052,credit_card,1956
13596,9053,gift_card,2760
13597,9053,bank_transfer,2392
13598,9054,coupon,750
13599,9054,credit_card,1557
13600,9055,gift_card,1650
13601,9056,coupon,1461
13602,9057,coupon,485
13603,9057,gift_card,2019
13604,9058,coupon,1829
13605,9058,credit_card,2944
13606,9059,bank_transfer,650
13607,9060,credit_card,2310
13608,9060,bank_transfer,651
13609,9061,credit_card,1143
13610,9062,coupon,2089
13611,9062,bank_transfer,1024
13612,9063,credit_card,2072
13613,9064,coupon,2345
13614,9064,gift_card,2957
13615,9065,credit_card,2406
13616,9066,bank_transfer,708
13617,9067,coupon,2187
13618,9067,credit_card,2044
13619,9068,bank_transfer,296
13620,9069,credit_card,1636
13621,9070,coupon,1199
13622,9071,coupon,1824
13623,9072,credit_card,2806
13624,9073,gift_card,1677
13625,9073,credit_card,2306
13626,9074,gift_card,2006
13627,9075,gift_card,481
13628,9076,credit_card,1428
13629,9076,gift_card,543
13630,9077,credit_card,2286
13631,9078,credit_card,838
13632,9079,credit_card,1276
13633,9079,bank_transfer,509
13634,9080,bank_transfer,2689
13635,9080,bank_transfer,2383
13636,9081,gift_card,976
13637,9081,coupon,1148
13638,9082,credit_card,1788
13639,9082,bank_transfer,334
13640,9083,gift_card,1311
13641,9084,bank_transfer,2520
13642,9084,credit_card,256
13643,9085,bank_transfer,554
13644,9086,coupon,1656
13645,9086,credit_card,2323
13646,9087,gift_card,1443
13647,9087,coupon,300
13648,9088,bank_transfer,1286
13649,9088,credit_card,590
13650,9089,bank_transfer,765
13651,9089,credit_card,342
13652,9090,credit_card,2858
13653,9090,bank_transfer,242
13654,9091,bank_transfer,2761
13655,9092,coupon,1058
13656,9093,gift_card,1889
13657,9093,bank_transfer,1575
13658,9094,credit_card,867
13659,9094,credit_card,1980
13660,9095,coupon,1108
13661,9096,gift_card,1706
13662,9097,gift_card,1364
13663,9098,gift_card,1476
13664,9098,gift_card,2901
13665,9099,coupon,2003
13666,9099,credit_card,1685
13667,9100,bank_transfer,1276
13668,9101,coupon,2333
13669,9102,gift_card,1140
13670,9102,bank_transfer,1331
13671,9103,bank_transfer,2388
13672,9104,credit_card,198
13673,9105,credit_card,1021
13674,9106,credit_card,2093
13675,9107,bank_transfer,499
13676,9107,gift_card,2717
13677,9108,coupon,1378
13678,9108,coupon,1292
13679,9109,credit_card,486
13680,9110,credit_card,2936
13681,9111,bank_transfer,2826
13682,9111,credit_card,2927
13683,9112,coupon,2816
13684,9112,bank_transfer,1199
13685,9113,coupon,700
13686,9114,bank_transfer,1979
13687,9114,credit_card,1249
13688,9115,coupon,2976
13689,9116,credit_card,2949
13690,9116,bank_transfer,2271
13691,9117,coupon,2703
13692,9117,bank_transfer,1505
13693,9118,gift_card,585
13694,9118,bank_transfer,1181
13695,9119,coupon,2579
13696,9119,bank_transfer,221
13697,9120,credit_card,1369
13698,9121,credit_card,2848
13699,9121,bank_transfer,2837
13700,9122,credit_card,535
13701,9122,gift_card,1108
13702,9123,gift_card,1448
13703,9123,coupon,106
13704,9124,credit_card,876
13705,9124,coupon,2277
13706,9125,gift_card,1370
13707,9125,gift_card,949
13708,9126,credit_card,699
13709,9126,credit_card,2349
13710,9127,coupon,430
13711,9127,gift_card,2776
13712,9128,bank_transfer,2107
13713,9128,bank_transfer,1812
13714,9129,gift_card,1198
13715,9130,coupon,2203
13716,9130,credit_card,2716
13717,9131,credit_card,522
13718,9131,credit_card,182
13719,9132,bank_transfer,1999
13720,9133,coupon,2887
13721,9133,gift_card,1384
13722,9134,credit_card,863
13723,9135,credit_card,1156
13724,9136,credit_card,2993
13725,9137,bank_transfer,1764
13726,9138,coupon,699
13727,9139,gift_card,181
13728,9140,bank_transfer,2406
13729,9140,gift_card,843
13730,9141,bank_transfer,1866
13731,9141,credit_card,2981
13732,9142,gift_card,1249
13733,9142,coupon,2667
13734,9143,credit_card,2035
13735,9144,gift_card,1402
13736,9145,coupon,1220
13737,9145,coupon,687
13738,9146,credit_card,149
13739,9147,credit_card,246
13740,9148,gift_card,118
13741,9149,credit_card,2047
13742,9149,bank_transfer,2042
13743,9150,bank_transfer,790
13744,9150,bank_transfer,2156
13745,9151,coupon,2010
13746,9151,bank_transfer,344
13747,9152,coupon,2018
13748,9152,credit_card,1831
13749,9153,gift_card,2837
13750,9153,credit_card,2722
13751,9154,coupon,1500
13752,9155,coupon,1492
13753,9156,credit_card,2444
13754,9156,coupon,1401
13755,9157,credit_card,421
13756,9157,gift_card,249
13757,9158,coupon,160
13758,9159,credit_card,891
13759,9160,gift_card,1616
13760,9160,coupon,841
13761,9161,gift_card,309
13762,9162,coupon,1440
13763,9162,coupon,704
13764,9163,gift_card,1436
13765,9163,bank_transfer,1987
13766,9164,bank_transfer,1379
13767,9164,bank_transfer,2114
13768,9165,coupon,829
13769,9166,gift_card,2246
13770,9166,bank_transfer,335
13771,9167,credit_card,660
13772,9168,coupon,558
13773,9168,bank_transfer,1406
13774,9169,bank_transfer,206
13775,9170,gift_card,2384
13776,9170,coupon,1799
13777,9171,gift_card,589
13778,9171,credit_card,2909
13779,9172,credit_card,1687
13780,9172,credit_card,2138
13781,9173,credit_card,612
13782,9173,bank_transfer,405
13783,9174,gift_card,1357
13784,9175,gift_card,1105
13785,9176,coupon,2604
13786,9177,coupon,2096
13787,9177,credit_card,1786
13788,9178,bank_transfer,1096
13789,9179,credit_card,155
13790,9180,credit_card,317
13791,9180,bank_transfer,2415
13792,9181,credit_card,874
13793,9182,gift_card,2291
13794,9183,credit_card,368
13795,9184,coupon,380
13796,9185,coupon,1293
13797,9185,coupon,2491
13798,9186,gift_card,2088
13799,9186,gift_card,264
13800,9187,bank_transfer,293
13801,9188,bank_transfer,1881
13802,9188,bank_transfer,302
13803,9189,gift_card,1790
13804,9189,gift_card,1664
13805,9190,credit_card,1831
13806,9190,gift_card,1609
13807,9191,coupon,671
13808,9192,coupon,1976
13809,9192,gift_card,2196
13810,9193,gift_card,2691
13811,9194,coupon,894
13812,9195,bank_transfer,2916
13813,9195,credit_card,1237
13814,9196,credit_card,1987
13815,9197,bank_transfer,752
13816,9197,bank_transfer,814
13817,9198,gift_card,2719
13818,9199,bank_transfer,2564
13819,9200,gift_card,1134
13820,9201,bank_transfer,2433
13821,9202,coupon,1982
13822,9202,coupon,2100
13823,9203,coupon,1601
13824,9203,gift_card,1787
13825,9204,coupon,2768
13826,9204,gift_card,2353
13827,9205,coupon,2859
13828,9206,bank_transfer,284
13829,9207,credit_card,276
13830,9208,credit_card,2367
13831,9209,gift_card,2137
13832,9209,bank_transfer,1166
13833,9210,gift_card,660
13834,9211,gift_card,1828
13835,9211,coupon,2484
13836,9212,credit_card,2277
13837,9213,coupon,1676
13838,9214,gift_card,850
13839,9214,bank_transfer,518
13840,9215,bank_transfer,1703
13841,9215,credit_card,2910
13842,9216,gift_card,362
13843,9216,bank_transfer,1122
13844,9217,coupon,2095
13845,9217,credit_card,817
13846,9218,credit_card,391
13847,9218,coupon,2326
13848,9219,bank_transfer,1297
13849,9219,bank_transfer,974
13850,9220,credit_card,121
13851,9221,gift_card,2811
13852,9222,bank_transfer,1592
13853,9223,bank_transfer,1292
13854,9223,credit_card,2709
13855,9224,coupon,1184
13856,9225,gift_card,1289
13857,9226,coupon,964
13858,9227,gift_card,2238
13859,9227,gift_card,667
13860,9228,bank_transfer,2986
13861,9228,gift_card,1369
13862,9229,gift_card,2731
13863,9229,bank_transfer,450
13864,9230,gift_card,2895
13865,9230,credit_card,1064
13866,9231,gift_card,2292
13867,9231,credit_card,2070
13868,9232,credit_card,1567
13869,9233,bank_transfer,1367
13870,9233,bank_transfer,1324
13871,9234,gift_card,2878
13872,9235,bank_transfer,2832
13873,9235,gift_card,1879
13874,9236,coupon,2454
13875,9237,bank_transfer,541
13876,9238,bank_transfer,418
13877,9238,gift_card,291
13878,9239,credit_card,773
13879,9240,credit_card,597
13880,9241,bank_transfer,2797
13881,9241,bank_transfer,837
13882,9242,coupon,1256
13883,9242,credit_card,1773
13884,9243,coupon,1239
13885,9243,coupon,2273
13886,9244,credit_card,1127
13887,9245,coupon,368
13888,9245,bank_transfer,2626
13889,9246,gift_card,2984
13890,9246,gift_card,2903
13891,9247,gift_card,2515
13892,9247,credit_card,1512
13893,9248,gift_card,2192
13894,9249,gift_card,2009
13895,9250,coupon,594
13896,9251,credit_card,1031
13897,9252,bank_transfer,2573
13898,9253,bank_transfer,419
13899,9254,bank_transfer,1035
13900,9254,credit_card,2390
13901,9255,gift_card,1535
13902,9255,bank_transfer,2109
13903,9256,coupon,2481
13904,9256,gift_card,2536
13905,9257,gift_card,2092
13906,9258,gift_card,2204
13907,9258,coupon,2921
13908,9259,bank_transfer,413
13909,9260,bank_transfer,2802
13910,9261,coupon,1691
13911,9262,gift_card,1596
13912,9263,gift_card,2317
13913,9263,credit_card,1595
13914,9264,bank_transfer,2591
13915,9264,coupon,1182
13916,9265,credit_card,218
13917,9266,gift_card,2192
13918,9266,gift_card,2696
13919,9267,credit_card,366
13920,9267,gift_card,1948
13921,9268,bank_transfer,833
13922,9268,coupon,1534
13923,9269,bank_transfer,2913
13924,9270,credit_card,1336
13925,9270,gift_card,975
13926,9271,credit_card,319
13927,9271,bank_transfer,1501
13928,9272,bank_transfer,2232
13929,9272,coupon,993
13930,9273,coupon,2440
13931,9273,coupon,1689
13932,9274,coupon,1138
13933,9274,credit_card,871
13934,9275,gift_card,1048
13935,9275,credit_card,842
13936,9276,coupon,127
13937,9277,coupon,151
13938,9278,credit_card,1996
13939,9278,coupon,846
13940,9279,gift_card,277
13941,9279,bank_transfer,1299
13942,9280,credit_card,1961
13943,9281,credit_card,423
13944,9281,bank_transfer,1215
13945,9282,coupon,2666
13946,9283,gift_card,2644
13947,9284,bank_transfer,517
13948,9284,coupon,2792
13949,9285,bank_transfer,1823
13950,9285,gift_card,1430
13951,9286,gift_card,1216
13952,9287,credit_card,1926
13953,9288,gift_card,2807
13954,9289,bank_transfer,540
13955,9289,credit_card,1777
13956,9290,credit_card,2221
13957,9290,coupon,1791
13958,9291,credit_card,2180
13959,9292,gift_card,2986
13960,9292,coupon,1782
13961,9293,gift_card,745
13962,9293,coupon,1069
13963,9294,gift_card,662
13964,9294,credit_card,553
13965,9295,coupon,389
13966,9296,credit_card,1285
13967,9297,coupon,1621
13968,9297,credit_card,2099
13969,9298,bank_transfer,2532
13970,9299,credit_card,221
13971,9300,credit_card,2163
13972,9300,credit_card,2437
13973,9301,coupon,2793
13974,9301,gift_card,373
13975,9302,gift_card,986
13976,9303,credit_card,1732
13977,9304,coupon,506
13978,9304,coupon,436
13979,9305,coupon,1111
13980,9306,credit_card,282
13981,9307,coupon,1838
13982,9307,coupon,2831
13983,9308,credit_card,2620
13984,9309,bank_transfer,2881
13985,9310,coupon,2773
13986,9311,credit_card,981
13987,9311,coupon,2119
13988,9312,gift_card,435
13989,9312,bank_transfer,1007
13990,9313,gift_card,1462
13991,9313,coupon,697
13992,9314,bank_transfer,766
13993,9314,coupon,1161
13994,9315,coupon,1696
13995,9316,gift_card,715
13996,9317,coupon,670
13997,9318,coupon,1178
13998,9319,gift_card,1207
13999,9319,gift_card,191
14000,9320,gift_card,1009
14001,9321,bank_transfer,1389
14002,9322,credit_card,2096
14003,9323,coupon,2820
14004,9323,coupon,764
14005,9324,coupon,2775
14006,9325,coupon,263
14007,9326,coupon,648
14008,9327,credit_card,2031
14009,9327,gift_card,1666
14010,9328,credit_card,929
14011,9329,credit_card,2166
14012,9330,bank_transfer,376
14013,9331,credit_card,1197
14014,9331,bank_transfer,1041
14015,9332,gift_card,1928
14016,9332,gift_card,2265
14017,9333,credit_card,2069
14018,9334,gift_card,1743
14019,9334,credit_card,1700
14020,9335,credit_card,361
14021,9335,gift_card,502
14022,9336,credit_card,2745
14023,9336,credit_card,2000
14024,9337,coupon,939
14025,9338,coupon,2837
14026,9339,gift_card,1852
14027,9339,bank_transfer,131
14028,9340,gift_card,1471
14029,9341,gift_card,1474
14030,9342,coupon,2633
14031,9342,coupon,768
14032,9343,coupon,1151
14033,9344,credit_card,2761
14034,9345,bank_transfer,2993
14035,9345,credit_card,1220
14036,9346,credit_card,859
14037,9347,bank_transfer,1302
14038,9347,credit_card,752
14039,9348,coupon,475
14040,9348,bank_transfer,2871
14041,9349,coupon,841
14042,9350,gift_card,1430
14043,9350,gift_card,493
14044,9351,gift_card,465
14045,9351,coupon,1696
14046,9352,credit_card,2659
14047,9352,bank_transfer,1798
14048,9353,coupon,2880
14049,9354,gift_card,1904
14050,9354,bank_transfer,198
14051,9355,bank_transfer,1051
14052,9356,gift_card,1826
14053,9357,gift_card,2586
14054,9358,gift_card,1011
14055,9359,bank_transfer,2443
14056,9360,coupon,725
14057,9361,gift_card,175
14058,9362,coupon,605
14059,9362,credit_card,1192
14060,9363,gift_card,195
14061,9363,coupon,1715
14062,9364,bank_transfer,2370
14063,9365,gift_card,1957
14064,9365,coupon,348
14065,9366,credit_card,1366
14066,9366,bank_transfer,1391
14067,9367,coupon,735
14068,9368,credit_card,1267
14069,9369,bank_transfer,1810
14070,9369,coupon,1652
14071,9370,coupon,1716
14072,9371,coupon,1285
14073,9371,credit_card,2429
14074,9372,coupon,2554
14075,9373,coupon,1950
14076,9373,coupon,1410
14077,9374,gift_card,2407
14078,9375,credit_card,520
14079,9375,gift_card,2639
14080,9376,coupon,708
14081,9377,bank_transfer,630
14082,9378,coupon,1335
14083,9379,coupon,498
14084,9379,bank_transfer,1077
14085,9380,credit_card,1348
14086,9380,coupon,2033
14087,9381,bank_transfer,2497
14088,9382,credit_card,1685
14089,9383,bank_transfer,1342
14090,9383,gift_card,703
14091,9384,credit_card,1923
14092,9385,credit_card,536
14093,9385,bank_transfer,1575
14094,9386,bank_transfer,1662
14095,9386,gift_card,389
14096,9387,bank_transfer,2336
14097,9387,credit_card,2050
14098,9388,coupon,2482
14099,9388,credit_card,315
14100,9389,bank_transfer,1169
14101,9389,coupon,284
14102,9390,credit_card,1987
14103,9391,credit_card,1999
14104,9392,bank_transfer,314
14105,9392,gift_card,2017
14106,9393,credit_card,1270
14107,9393,coupon,2151
14108,9394,credit_card,2893
14109,9394,coupon,1210
14110,9395,bank_transfer,2451
14111,9396,gift_card,1687
14112,9396,bank_transfer,2925
14113,9397,credit_card,2564
14114,9397,credit_card,2427
14115,9398,gift_card,1544
14116,9398,coupon,1153
14117,9399,coupon,961
14118,9399,gift_card,214
14119,9400,coupon,191
14120,9400,coupon,2696
14121,9401,gift_card,2445
14122,9402,coupon,103
14123,9402,gift_card,2625
14124,9403,gift_card,1967
14125,9403,bank_transfer,1677
14126,9404,credit_card,943
14127,9405,bank_transfer,1296
14128,9405,gift_card,1494
14129,9406,gift_card,2874
14130,9406,gift_card,1710
14131,9407,credit_card,1242
14132,9407,credit_card,1458
14133,9408,credit_card,2373
14134,9408,bank_transfer,1905
14135,9409,bank_transfer,1821
14136,9410,coupon,403
14137,9410,credit_card,1893
14138,9411,credit_card,756
14139,9411,gift_card,1423
14140,9412,credit_card,1102
14141,9412,bank_transfer,543
14142,9413,bank_transfer,2478
14143,9413,gift_card,2664
14144,9414,coupon,1879
14145,9414,credit_card,1304
14146,9415,gift_card,1713
14147,9416,bank_transfer,2921
14148,9416,credit_card,2564
14149,9417,credit_card,1381
14150,9417,bank_transfer,1593
14151,9418,bank_transfer,431
14152,9418,bank_transfer,2664
14153,9419,coupon,699
14154,9419,credit_card,661
14155,9420,credit_card,2310
14156,9420,credit_card,212
14157,9421,credit_card,705
14158,9421,bank_transfer,1576
14159,9422,credit_card,2561
14160,9423,bank_transfer,807
14161,9424,coupon,421
14162,9425,coupon,2336
14163,9426,bank_transfer,1709
14164,9426,bank_transfer,2951
14165,9427,coupon,1641
14166,9427,credit_card,284
14167,9428,gift_card,2301
14168,9429,gift_card,1590
14169,9429,coupon,2611
14170,9430,coupon,2341
14171,9431,gift_card,903
14172,9431,coupon,2769
14173,9432,gift_card,906
14174,9433,credit_card,2384
14175,9434,gift_card,2762
14176,9434,bank_transfer,2079
14177,9435,credit_card,832
14178,9435,coupon,1464
14179,9436,credit_card,2446
14180,9436,coupon,2182
14181,9437,gift_card,1147
14182,9437,credit_card,1753
14183,9438,gift_card,2049
14184,9438,bank_transfer,1630
14185,9439,credit_card,2001
14186,9440,credit_card,2567
14187,9441,gift_card,1339
14188,9442,bank_transfer,2976
14189,9443,coupon,1552
14190,9444,gift_card,2759
14191,9445,gift_card,1963
14192,9446,coupon,1164
14193,9447,coupon,2109
14194,9447,bank_transfer,1609
14195,9448,credit_card,2033
14196,9449,credit_card,1291
14197,9449,credit_card,1723
14198,9450,credit_card,1106
14199,9450,credit_card,2161
14200,9451,coupon,224
14201,9451,bank_transfer,2610
14202,9452,bank_transfer,733
14203,9452,gift_card,2435
14204,9453,credit_card,1482
14205,9454,bank_transfer,2834
14206,9455,credit_card,1286
14207,9456,coupon,479
14208,9457,bank_transfer,1618
14209,9457,bank_transfer,376
14210,9458,bank_transfer,659
14211,9458,bank_transfer,1623
14212,9459,coupon,1668
14213,9460,credit_card,2140
14214,9461,coupon,1652
14215,9461,gift_card,1283
14216,9462,bank_transfer,1687
14217,9462,gift_card,2997
14218,9463,coupon,2711
14219,9464,credit_card,2979
14220,9465,credit_card,2765
14221,9465,coupon,488
14222,9466,bank_transfer,2042
14223,9467,gift_card,1127
14224,9467,gift_card,2631
14225,9468,coupon,300
14226,9468,coupon,2655
14227,9469,gift_card,2961
14228,9469,bank_transfer,614
14229,9470,bank_transfer,2347
14230,9471,coupon,776
14231,9471,bank_transfer,1891
14232,9472,credit_card,2444
14233,9473,credit_card,1352
14234,9473,coupon,639
14235,9474,bank_transfer,2083
14236,9474,credit_card,710
14237,9475,bank_transfer,880
14238,9475,bank_transfer,1433
14239,9476,credit_card,652
14240,9477,bank_transfer,2113
14241,9477,bank_transfer,680
14242,9478,bank_transfer,493
14243,9479,credit_card,1174
14244,9480,bank_transfer,2910
14245,9480,coupon,2710
14246,9481,coupon,1910
14247,9481,coupon,1278
14248,9482,credit_card,253
14249,9483,coupon,2118
14250,9484,credit_card,2599
14251,9485,credit_card,1729
14252,9485,coupon,2900
14253,9486,coupon,1669
14254,9487,gift_card,2659
14255,9488,bank_transfer,203
14256,9488,credit_card,2908
14257,9489,gift_card,127
14258,9490,coupon,642
14259,9491,credit_card,1826
14260,9492,credit_card,2732
14261,9493,gift_card,2005
14262,9493,credit_card,646
14263,9494,credit_card,2208
14264,9495,gift_card,1767
14265,9496,credit_card,748
14266,9497,credit_card,1905
14267,9497,gift_card,784
14268,9498,coupon,2576
14269,9498,gift_card,1943
14270,9499,gift_card,2843
14271,9499,coupon,2100
14272,9500,bank_transfer,651
14273,9500,gift_card,1847
14274,9501,gift_card,2121
14275,9502,credit_card,823
14276,9503,coupon,1838
14277,9504,bank_transfer,2720
14278,9505,bank_transfer,845
14279,9505,coupon,2011
14280,9506,gift_card,1772
14281,9507,bank_transfer,1366
14282,9508,coupon,972
14283,9509,bank_transfer,2181
14284,9509,credit_card,2022
14285,9510,credit_card,1393
14286,9510,gift_card,1512
14287,9511,gift_card,1397
14288,9511,bank_transfer,2170
14289,9512,credit_card,1500
14290,9512,coupon,656
14291,9513,bank_transfer,1325
14292,9514,gift_card,606
14293,9515,gift_card,2013
14294,9515,credit_card,2013
14295,9516,coupon,1745
14296,9516,coupon,2663
14297,9517,coupon,1172
14298,9517,credit_card,417
14299,9518,bank_transfer,883
14300,9519,credit_card,2902
14301,9519,coupon,881
14302,9520,credit_card,1507
14303,9520,gift_card,1078
14304,9521,credit_card,461
14305,9522,credit_card,1084
14306,9523,credit_card,1900
14307,9523,bank_transfer,138
14308,9524,bank_transfer,2715
14309,9524,credit_card,2937
14310,9525,bank_transfer,2173
14311,9525,bank_transfer,2962
14312,9526,gift_card,2455
14313,9527,gift_card,2495
14314,9527,credit_card,1432
14315,9528,credit_card,2310
14316,9529,gift_card,1890
14317,9529,gift_card,358
14318,9530,credit_card,1546
14319,9531,credit_card,1228
14320,9532,bank_transfer,794
14321,9533,coupon,1164
14322,9534,gift_card,2726
14323,9534,gift_card,1479
14324,9535,gift_card,252
14325,9536,bank_transfer,2535
14326,9536,gift_card,2693
14327,9537,credit_card,2285
14328,9538,bank_transfer,1943
14329,9539,bank_transfer,631
14330,9539,credit_card,1229
14331,9540,coupon,2755
14332,9541,coupon,802
14333,9542,coupon,1896
14334,9543,credit_card,2242
14335,9543,coupon,2155
14336,9544,coupon,1872
14337,9544,coupon,2664
14338,9545,credit_card,2492
14339,9545,bank_transfer,1630
14340,9546,credit_card,2146
14341,9547,bank_transfer,1024
14342,9547,coupon,1621
14343,9548,credit_card,2456
14344,9548,bank_transfer,656
14345,9549,credit_card,138
14346,9550,bank_transfer,778
14347,9550,coupon,2408
14348,9551,bank_transfer,1124
14349,9552,gift_card,1468
14350,9553,bank_transfer,2210
14351,9554,bank_transfer,2078
14352,9555,gift_card,1343
14353,9555,coupon,721
14354,9556,credit_card,620
14355,9557,gift_card,2082
14356,9557,credit_card,656
14357,9558,credit_card,753
14358,9559,credit_card,1410
14359,9559,coupon,2661
14360,9560,bank_transfer,2137
14361,9561,bank_transfer,144
14362,9561,credit_card,903
14363,9562,bank_transfer,1964
14364,9563,coupon,1725
14365,9564,bank_transfer,952
14366,9564,credit_card,2720
14367,9565,credit_card,2288
14368,9566,gift_card,571
14369,9567,coupon,2735
14370,9567,bank_transfer,195
14371,9568,credit_card,2146
14372,9569,credit_card,1145
14373,9570,credit_card,930
14374,9571,bank_transfer,2177
14375,9572,gift_card,2911
14376,9572,coupon,2555
14377,9573,coupon,2612
14378,9573,gift_card,1189
14379,9574,gift_card,2364
14380,9574,credit_card,823
14381,9575,coupon,413
14382,9576,coupon,1990
14383,9577,bank_transfer,1638
14384,9577,coupon,1408
14385,9578,bank_transfer,2165
14386,9579,coupon,1211
14387,9580,gift_card,2520
14388,9581,bank_transfer,1343
14389,9581,credit_card,2733
14390,9582,credit_card,458
14391,9582,gift_card,2472
14392,9583,gift_card,1823
14393,9584,gift_card,512
14394,9585,coupon,345
14395,9586,coupon,2922
14396,9587,coupon,202
14397,9588,gift_card,2990
14398,9588,bank_transfer,1616
14399,9589,bank_transfer,1285
14400,9589,credit_card,2354
14401,9590,bank_transfer,1099
14402,9590,gift_card,1876
14403,9591,coupon,2819
14404,9591,bank_transfer,2130
14405,9592,bank_transfer,2917
14406,9593,credit_card,303
14407,9594,coupon,2862
14408,9595,gift_card,1728
14409,9596,gift_card,2853
14410,9596,credit_card,2835
14411,9597,gift_card,610
14412,9597,bank_transfer,2531
14413,9598,credit_card,133
14414,9599,bank_transfer,1152
14415,9600,coupon,645
14416,9601,gift_card,133
14417,9602,coupon,925
14418,9603,bank_transfer,2695
14419,9604,gift_card,848
14420,9605,gift_card,1523
14421,9605,gift_card,1640
14422,9606,coupon,972
14423,9607,credit_card,1088
14424,9607,credit_card,990
14425,9608,credit_card,1592
14426,9608,gift_card,829
14427,9609,gift_card,1786
14428,9609,credit_card,492
14429,9610,credit_card,1323
14430,9610,coupon,489
14431,9611,gift_card,1978
14432,9611,credit_card,2412
14433,9612,gift_card,1283
14434,9612,bank_transfer,2220
14435,9613,coupon,1068
14436,9614,gift_card,517
14437,9615,credit_card,1085
14438,9616,gift_card,2494
14439,9617,credit_card,2403
14440,9618,gift_card,803
14441,9618,bank_transfer,2551
14442,9619,gift_card,479
14443,9620,coupon,489
14444,9621,coupon,2777
14445,9622,gift_card,967
14446,9622,credit_card,1583
14447,9623,credit_card,732
14448,9624,gift_card,1241
14449,9624,bank_transfer,2254
14450,9625,bank_transfer,1070
14451,9625,bank_transfer,2691
14452,9626,coupon,1071
14453,9626,credit_card,2748
14454,9627,coupon,943
14455,9628,coupon,539
14456,9628,credit_card,1487
14457,9629,credit_card,2000
14458,9629,coupon,2089
14459,9630,coupon,1761
14460,9630,gift_card,1731
14461,9631,coupon,1156
14462,9632,credit_card,1134
14463,9632,gift_card,2333
14464,9633,gift_card,1765
14465,9634,coupon,2507
14466,9635,coupon,2718
14467,9635,credit_card,417
14468,9636,bank_transfer,1063
14469,9636,coupon,140
14470,9637,bank_transfer,1528
14471,9637,gift_card,916
14472,9638,bank_transfer,1061
14473,9639,credit_card,2165
14474,9640,bank_transfer,1234
14475,9641,credit_card,832
14476,9641,bank_transfer,2501
14477,9642,credit_card,1802
14478,9642,credit_card,586
14479,9643,coupon,2236
14480,9643,credit_card,2369
14481,9644,gift_card,2902
14482,9645,bank_transfer,1693
14483,9646,gift_card,2530
14484,9647,bank_transfer,1810
14485,9648,bank_transfer,2351
14486,9649,gift_card,612
14487,9650,credit_card,1956
14488,9650,gift_card,1864
14489,9651,gift_card,2701
14490,9651,credit_card,2315
14491,9652,gift_card,155
14492,9652,coupon,375
14493,9653,credit_card,1605
14494,9653,credit_card,2579
14495,9654,coupon,319
14496,9655,credit_card,261
14497,9655,credit_card,1745
14498,9656,gift_card,2718
14499,9657,gift_card,197
14500,9658,credit_card,2144
14501,9658,gift_card,2365
14502,9659,coupon,2153
14503,9660,bank_transfer,2240
14504,9661,coupon,2090
14505,9662,bank_transfer,1203
14506,9663,coupon,1990
14507,9663,gift_card,2298
14508,9664,credit_card,2900
14509,9664,bank_transfer,2574
14510,9665,credit_card,734
14511,9666,gift_card,2869
14512,9666,credit_card,524
14513,9667,coupon,1604
14514,9668,credit_card,2625
14515,9669,coupon,1791
14516,9669,coupon,1590
14517,9670,gift_card,1315
14518,9670,bank_transfer,758
14519,9671,gift_card,2884
14520,9672,bank_transfer,2188
14521,9673,coupon,1466
14522,9674,credit_card,1892
14523,9675,gift_card,2119
14524,9675,bank_transfer,2946
14525,9676,credit_card,452
14526,9677,gift_card,781
14527,9678,coupon,526
14528,9678,coupon,2382
14529,9679,credit_card,1609
14530,9680,coupon,1158
14531,9680,gift_card,1550
14532,9681,credit_card,1159
14533,9682,credit_card,2748
14534,9682,coupon,921
14535,9683,bank_transfer,2537
14536,9683,coupon,2440
14537,9684,credit_card,1645
14538,9685,coupon,321
14539,9685,gift_card,1863
14540,9686,coupon,1281
14541,9687,coupon,2302
14542,9688,credit_card,502
14543,9689,coupon,572
14544,9690,credit_card,1953
14545,9690,gift_card,1048
14546,9691,coupon,145
14547,9691,bank_transfer,2037
14548,9692,bank_transfer,1929
14549,9693,gift_card,721
14550,9693,bank_transfer,2856
14551,9694,bank_transfer,426
14552,9695,gift_card,915
14553,9696,gift_card,1074
14554,9696,bank_transfer,673
14555,9697,gift_card,2859
14556,9697,credit_card,1845
14557,9698,gift_card,1900
14558,9698,credit_card,2122
14559,9699,coupon,1981
14560,9699,gift_card,1401
14561,9700,coupon,1867
14562,9701,coupon,1874
14563,9702,bank_transfer,2335
14564,9703,bank_transfer,2857
14565,9704,gift_card,1092
14566,9705,coupon,114
14567,9705,credit_card,1162
14568,9706,coupon,1627
14569,9706,coupon,1363
14570,9707,gift_card,379
14571,9707,coupon,1741
14572,9708,gift_card,1298
14573,9708,gift_card,2189
14574,9709,bank_transfer,2664
14575,9710,gift_card,194
14576,9710,coupon,849
14577,9711,credit_card,2648
14578,9712,coupon,2160
14579,9712,credit_card,386
14580,9713,gift_card,2931
14581,9713,gift_card,1486
14582,9714,coupon,1370
14583,9715,credit_card,1626
14584,9716,gift_card,1615
14585,9717,bank_transfer,1671
14586,9718,gift_card,542
14587,9719,coupon,2690
14588,9719,coupon,1168
14589,9720,credit_card,1762
14590,9721,bank_transfer,2426
14591,9722,credit_card,1925
14592,9723,coupon,718
14593,9723,credit_card,1154
14594,9724,coupon,1760
14595,9724,credit_card,1387
14596,9725,bank_transfer,163
14597,9726,gift_card,1103
14598,9726,bank_transfer,185
14599,9727,credit_card,2510
14600,9727,credit_card,2084
14601,9728,gift_card,2870
14602,9729,coupon,1637
14603,9729,coupon,1833
14604,9730,gift_card,1341
14605,9730,gift_card,987
14606,9731,coupon,1780
14607,9732,bank_transfer,677
14608,9733,gift_card,955
14609,9733,coupon,2486
14610,9734,bank_transfer,1298
14611,9735,gift_card,1312
14612,9736,credit_card,1215
14613,9736,gift_card,1952
14614,9737,coupon,222
14615,9738,coupon,1481
14616,9739,credit_card,711
14617,9740,bank_transfer,2714
14618,9740,bank_transfer,1255
14619,9741,gift_card,626
14620,9741,gift_card,1717
14621,9742,credit_card,1864
14622,9743,credit_card,2933
14623,9744,gift_card,2449
14624,9745,bank_transfer,2812
14625,9745,bank_transfer,2413
14626,9746,gift_card,566
14627,9747,bank_transfer,781
14628,9747,coupon,419
14629,9748,coupon,2487
14630,9749,bank_transfer,2709
14631,9749,coupon,2381
14632,9750,gift_card,216
14633,9751,coupon,2358
14634,9751,bank_transfer,499
14635,9752,bank_transfer,1141
14636,9752,bank_transfer,2155
14637,9753,bank_transfer,806
14638,9754,coupon,1858
14639,9754,coupon,2594
14640,9755,coupon,1533
14641,9755,coupon,2865
14642,9756,bank_transfer,1761
14643,9756,credit_card,1684
14644,9757,coupon,901
14645,9757,coupon,663
14646,9758,coupon,2203
14647,9758,credit_card,1002
14648,9759,bank_transfer,2198
14649,9759,coupon,2487
14650,9760,credit_card,1085
14651,9761,bank_transfer,432
14652,9761,credit_card,1682
14653,9762,bank_transfer,139
14654,9762,coupon,868
14655,9763,gift_card,830
14656,9764,credit_card,1976
14657,9764,bank_transfer,2879
14658,9765,gift_card,2786
14659,9766,bank_transfer,566
14660,9766,coupon,1437
14661,9767,bank_transfer,1680
14662,9767,bank_transfer,931
14663,9768,gift_card,413
14664,9768,gift_card,1827
14665,9769,credit_card,1908
14666,9770,coupon,863
14667,9771,gift_card,1346
14668,9771,bank_transfer,2997
14669,9772,coupon,2508
14670,9773,bank_transfer,887
14671,9774,coupon,1057
14672,9774,coupon,1823
14673,9775,gift_card,292
14674,9776,coupon,676
14675,9776,coupon,1162
14676,9777,bank_transfer,2287
14677,9778,bank_transfer,2000
14678,9779,coupon,571
14679,9779,coupon,2296
14680,9780,coupon,389
14681,9781,credit_card,2877
14682,9782,gift_card,1211
14683,9782,credit_card,1559
14684,9783,coupon,297
14685,9783,coupon,1659
14686,9784,bank_transfer,2321
14687,9785,coupon,2728
14688,9785,gift_card,1360
14689,9786,coupon,1301
14690,9787,gift_card,2847
14691,9787,credit_card,1259
14692,9788,bank_transfer,535
14693,9788,gift_card,263
14694,9789,coupon,993
14695,9789,credit_card,763
14696,9790,coupon,2187
14697,9790,coupon,1922
14698,9791,gift_card,1444
14699,9791,credit_card,879
14700,9792,gift_card,1844
14701,9792,coupon,2068
14702,9793,coupon,752
14703,9793,coupon,2352
14704,9794,bank_transfer,2896
14705,9794,coupon,2453
14706,9795,coupon,1168
14707,9795,credit_card,2849
14708,9796,bank_transfer,345
14709,9796,bank_transfer,2615
14710,9797,coupon,2697
14711,9797,coupon,666
14712,9798,bank_transfer,2015
14713,9798,bank_transfer,2959
14714,9799,coupon,1339
14715,9799,credit_card,1207
14716,9800,coupon,1544
14717,9801,gift_card,2735
14718,9801,coupon,2348
14719,9802,bank_transfer,239
14720,9802,gift_card,2803
14721,9803,bank_transfer,319
14722,9804,bank_transfer,1338
14723,9805,gift_card,2697
14724,9806,credit_card,1216
14725,9807,coupon,1821
14726,9808,bank_transfer,2355
14727,9808,coupon,2190
14728,9809,bank_transfer,1194
14729,9810,bank_transfer,1767
14730,9810,credit_card,2496
14731,9811,credit_card,1906
14732,9812,credit_card,1542
14733,9812,coupon,258
14734,9813,gift_card,1452
14735,9813,gift_card,1387
14736,9814,coupon,2949
14737,9814,credit_card,288
14738,9815,bank_transfer,1259
14739,9815,gift_card,2131
14740,9816,coupon,2973
14741,9816,coupon,835
14742,9817,coupon,1539
14743,9818,gift_card,2051
14744,9818,credit_card,2473
14745,9819,coupon,1901
14746,9819,gift_card,200
14747,9820,coupon,1221
14748,9821,credit_card,1631
14749,9822,coupon,809
14750,9822,credit_card,2147
14751,9823,credit_card,460
14752,9824,bank_transfer,1558
14753,9825,gift_card,1473
14754,9825,bank_transfer,204
14755,9826,coupon,1195
14756,9826,coupon,1982
14757,9827,coupon,1204
14758,9827,coupon,2821
14759,9828,gift_card,1418
14760,9829,coupon,1516
14761,9829,credit_card,2430
14762,9830,coupon,1387
14763,9831,coupon,1810
14764,9831,bank_transfer,1456
14765,9832,credit_card,1623
14766,9833,bank_transfer,1174
14767,9833,coupon,1014
14768,9834,bank_transfer,2860
14769,9835,bank_transfer,1519
14770,9836,bank_transfer,2717
14771,9837,gift_card,1275
14772,9838,coupon,2888
14773,9839,bank_transfer,724
14774,9839,bank_transfer,2602
14775,9840,bank_transfer,2619
14776,9841,coupon,1380
14777,9842,gift_card,1259
14778,9843,bank_transfer,854
14779,9843,gift_card,479
14780,9844,coupon,2419
14781,9844,coupon,319
14782,9845,bank_transfer,2253
14783,9845,gift_card,524
14784,9846,bank_transfer,582
14785,9847,bank_transfer,1800
14786,9848,credit_card,2765
14787,9848,coupon,2452
14788,9849,gift_card,383
14789,9849,credit_card,2892
14790,9850,coupon,2236
14791,9851,gift_card,858
14792,9851,bank_transfer,1123
14793,9852,gift_card,329
14794,9852,gift_card,755
14795,9853,bank_transfer,2070
14796,9854,coupon,152
14797,9855,coupon,479
14798,9855,bank_transfer,1723
14799,9856,coupon,651
14800,9856,gift_card,787
14801,9857,coupon,2084
14802,9857,credit_card,268
14803,9858,coupon,239
14804,9859,bank_transfer,1122
14805,9860,coupon,1269
14806,9861,gift_card,2625
14807,9862,credit_card,569
14808,9862,bank_transfer,181
14809,9863,credit_card,2776
14810,9863,credit_card,148
14811,9864,gift_card,2290
14812,9865,coupon,1714
14813,9865,bank_transfer,207
14814,9866,coupon,1279
14815,9866,gift_card,235
14816,9867,coupon,1116
14817,9868,credit_card,620
14818,9868,bank_transfer,200
14819,9869,credit_card,486
14820,9870,bank_transfer,2538
14821,9871,gift_card,1786
14822,9872,bank_transfer,2534
14823,9872,gift_card,2479
14824,9873,bank_transfer,1452
14825,9873,credit_card,368
14826,9874,bank_transfer,1871
14827,9874,credit_card,764
14828,9875,gift_card,1245
14829,9875,gift_card,930
14830,9876,coupon,332
14831,9876,gift_card,538
14832,9877,credit_card,2817
14833,9877,gift_card,1783
14834,9878,bank_transfer,170
14835,9878,coupon,714
14836,9879,coupon,409
14837,9879,bank_transfer,543
14838,9880,credit_card,2545
14839,9880,credit_card,977
14840,9881,gift_card,330
14841,9882,coupon,464
14842,9883,gift_card,2049
14843,9883,gift_card,717
14844,9884,credit_card,2326
14845,9884,coupon,2401
14846,9885,bank_transfer,990
14847,9885,bank_transfer,2295
14848,9886,gift_card,1957
14849,9886,coupon,2308
14850,9887,coupon,421
14851,9888,coupon,2792
14852,9888,gift_card,2628
14853,9889,credit_card,516
14854,9890,credit_card,1681
14855,9891,coupon,471
14856,9891,bank_transfer,2796
14857,9892,bank_transfer,2472
14858,9893,bank_transfer,1456
14859,9894,credit_card,2696
14860,9894,credit_card,1930
14861,9895,coupon,473
14862,9896,credit_card,1334
14863,9897,gift_card,2633
14864,9898,credit_card,1382
14865,9899,bank_transfer,914
14866,9899,bank_transfer,2842
14867,9900,bank_transfer,326
14868,9901,bank_transfer,796
14869,9902,credit_card,793
14870,9903,bank_transfer,2857
14871,9903,coupon,304
14872,9904,coupon,271
14873,9905,credit_card,237
14874,9906,credit_card,2791
14875,9906,gift_card,1423
14876,9907,bank_transfer,2627
14877,9908,credit_card,1236
14878,9909,bank_transfer,520
14879,9910,credit_card,358
14880,9910,credit_card,2394
14881,9911,bank_transfer,2106
14882,9912,coupon,1749
14883,9913,gift_card,2183
14884,9913,coupon,2189
14885,9914,credit_card,2843
14886,9915,gift_card,1452
14887,9916,gift_card,1341
14888,9916,credit_card,1995
14889,9917,bank_transfer,2149
14890,9917,gift_card,2757
14891,9918,coupon,2197
14892,9919,gift_card,2170
14893,9920,coupon,935
14894,9921,bank_transfer,701
14895,9921,credit_card,1224
14896,9922,credit_card,2993
14897,9922,bank_transfer,476
14898,9923,credit_card,2424
14899,9924,credit_card,1579
14900,9924,credit_card,2612
14901,9925,credit_card,2702
14902,9926,gift_card,1163
14903,9926,bank_transfer,2835
14904,9927,gift_card,524
14905,9927,bank_transfer,1951
14906,9928,bank_transfer,299
14907,9929,coupon,2244
14908,9930,coupon,2031
14909,9931,credit_card,724
14910,9932,coupon,796
14911,9933,bank_transfer,1510
14912,9933,bank_transfer,1059
14913,9934,coupon,2769
14914,9935,bank_transfer,2977
14915,9936,bank_transfer,210
14916,9937,coupon,313
14917,9938,credit_card,2032
14918,9938,credit_card,268
14919,9939,coupon,1074
14920,9940,credit_card,157
14921,9941,credit_card,429
14922,9942,bank_transfer,138
14923,9942,gift_card,884
14924,9943,gift_card,2490
14925,9943,gift_card,395
14926,9944,gift_card,1992
14927,9944,gift_card,886
14928,9945,credit_card,2445
14929,9946,gift_card,2289
14930,9947,gift_card,1509
14931,9948,credit_card,500
14932,9949,gift_card,2863
14933,9950,credit_card,1674
14934,9950,credit_card,826
14935,9951,coupon,439
14936,9951,coupon,2949
14937,9952,gift_card,1130
14938,9952,coupon,623
14939,9953,gift_card,1976
14940,9954,gift_card,2826
14941,9954,coupon,1707
14942,9955,credit_card,1202
14943,9955,gift_card,2299
14944,9956,credit_card,968
14945,9957,credit_card,1043
14946,9958,coupon,1078
14947,9959,bank_transfer,601
14948,9960,gift_card,255
14949,9961,credit_card,1765
14950,9961,gift_card,1374
14951,9962,gift_card,328
14952,9962,bank_transfer,2925
14953,9963,bank_transfer,2330
14954,9964,credit_card,1335
14955,9964,credit_card,2317
14956,9965,coupon,2174
14957,9965,coupon,1221
14958,9966,bank_transfer,1746
14959,9967,bank_transfer,436
14960,9968,coupon,821
14961,9969,gift_card,639
14962,9969,credit_card,595
14963,9970,gift_card,1250
14964,9971,bank_transfer,2955
14965,9972,credit_card,2978
14966,9973,gift_card,1029
14967,9974,gift_card,2292
14968,9975,bank_transfer,1083
14969,9976,bank_transfer,1908
14970,9977,credit_card,1282
14971,9977,coupon,2618
14972,9978,credit_card,1777
14973,9979,bank_transfer,748
14974,9979,gift_card,1489
14975,9980,credit_card,2003
14976,9981,gift_card,860
14977,9982,credit_card,649
14978,9982,gift_card,2548
14979,9983,coupon,1124
14980,9984,bank_transfer,2631
14981,9984,gift_card,1147
14982,9985,coupon,2167
14983,9985,coupon,337
14984,9986,gift_card,842
14985,9986,coupon,1994
14986,9987,bank_transfer,111
14987,9987,bank_transfer,504
14988,9988,gift_card,526
14989,9989,coupon,1637
14990,9989,bank_transfer,1348
14991,9990,coupon,417
14992,9991,credit_card,2538
14993,9991,gift_card,997
14994,9992,credit_card,809
14995,9993,credit_card,2111
14996,9994,coupon,236
14997,9994,credit_card,1173
14998,9995,coupon,2917
14999,9995,coupon,1727
15000,9996,coupon,1245
15001,9996,gift_card,1765
15002,9997,gift_card,2421
15003,9998,bank_transfer,712
15004,9999,bank_transfer,1738
15005,9999,credit_card,2955
15006,10000,gift_card,2035
15007,10000,credit_card,1478
15008,10001,bank_transfer,2033
15009,10001,coupon,293
15010,10002,bank_transfer,1276
15011,10002,bank_transfer,2332
15012,10003,credit_card,1944
15013,10003,coupon,2763
15014,10004,bank_transfer,1440
15015,10004,credit_card,1427
15016,10005,credit_card,1386
15017,10005,credit_card,1551
15018,10006,bank_transfer,833
15019,10007,coupon,2803
15020,10007,credit_card,1968
15021,10008,coupon,2131
15022,10009,credit_card,2275
15023,10009,coupon,1942
15024,10010,bank_transfer,1872
15025,10011,credit_card,1166
15026,10012,coupon,2626
15027,10013,coupon,696
15028,10013,coupon,1667
15029,10014,credit_card,2357
15030,10014,bank_transfer,2337
15031,10015,credit_card,912
15032,10015,coupon,370
15033,10016,gift_card,130
15034,10017,credit_card,534
15035,10018,gift_card,2776
15036,10018,bank_transfer,2838
15037,10019,credit_card,698
15038,10020,credit_card,2860
15039,10020,coupon,1904
15040,10021,credit_card,808
15041,10021,coupon,941
15042,10022,coupon,731
15043,10022,bank_transfer,379
15044,10023,credit_card,641
15045,10023,bank_transfer,1169
15046,10024,gift_card,1389
15047,10024,gift_card,2623
15048,10025,coupon,1452
15049,10026,coupon,106
15050,10026,bank_transfer,400
15051,10027,bank_transfer,1015
15052,10027,coupon,2073
15053,10028,gift_card,2434
15054,10028,credit_card,2405
15055,10029,bank_transfer,817
15056,10030,gift_card,2104
15057,10030,gift_card,1947
15058,10031,gift_card,607
15059,10032,bank_transfer,399
15060,10033,credit_card,649
15061,10034,coupon,2286
15062,10035,credit_card,2746
15063,10036,credit_card,629
15064,10036,coupon,406
15065,10037,gift_card,2810
15066,10037,credit_card,2017
15067,10038,coupon,1582
15068,10038,gift_card,192
15069,10039,gift_card,480
15070,10039,gift_card,2938
15071,10040,bank_transfer,409
15072,10040,gift_card,257
15073,10041,coupon,905
15074,10042,gift_card,705
15075,10043,coupon,2683
15076,10043,coupon,2261
15077,10044,bank_transfer,1679
15078,10044,bank_transfer,1968
15079,10045,gift_card,1704
15080,10046,coupon,2261
15081,10046,coupon,2213
15082,10047,credit_card,695
15083,10048,coupon,2070
15084,10048,bank_transfer,1463
15085,10049,credit_card,471
15086,10049,gift_card,765
15087,10050,credit_card,325
15088,10051,credit_card,208
15089,10051,coupon,972
15090,10052,bank_transfer,2427
15091,10052,gift_card,1985
15092,10053,gift_card,318
15093,10053,coupon,1269
15094,10054,coupon,426
15095,10055,gift_card,936
15096,10055,bank_transfer,1697
15097,10056,bank_transfer,2971
15098,10056,coupon,2007
15099,10057,credit_card,2056
15100,10058,coupon,1801
15101,10059,gift_card,271
15102,10059,gift_card,1795
15103,10060,bank_transfer,659
15104,10061,coupon,1911
15105,10061,coupon,1089
15106,10062,bank_transfer,2374
15107,10062,credit_card,1042
15108,10063,coupon,337
15109,10063,gift_card,2327
15110,10064,gift_card,1524
15111,10064,bank_transfer,2476
15112,10065,bank_transfer,2114
15113,10066,gift_card,380
15114,10067,credit_card,2635
15115,10068,bank_transfer,2727
15116,10069,credit_card,1847
15117,10069,credit_card,1792
15118,10070,credit_card,1123
15119,10071,credit_card,288
15120,10072,bank_transfer,430
15121,10073,coupon,1776
15122,10074,bank_transfer,1267
15123,10074,coupon,711
15124,10075,coupon,2014
15125,10076,gift_card,375
15126,10076,credit_card,2427
15127,10077,gift_card,2587
15128,10077,gift_card,758
15129,10078,bank_transfer,1299
15130,10079,bank_transfer,452
15131,10080,coupon,554
15132,10081,bank_transfer,1943
15133,10081,credit_card,1572
15134,10082,credit_card,1530
15135,10082,gift_card,1481
15136,10083,credit_card,1781
15137,10084,credit_card,2435
15138,10084,bank_transfer,748
15139,10085,gift_card,462
15140,10086,bank_transfer,1880
15141,10087,bank_transfer,1056
15142,10087,gift_card,2254
15143,10088,bank_transfer,592
15144,10088,bank_transfer,2971
15145,10089,bank_transfer,244
15146,10090,credit_card,681
15147,10090,credit_card,1640
15148,10091,coupon,2975
15149,10092,bank_transfer,386
15150,10093,bank_transfer,676
15151,10094,gift_card,1010
15152,10094,bank_transfer,2419
15153,10095,coupon,1095
15154,10095,credit_card,1953
15155,10096,bank_transfer,1059
15156,10097,gift_card,413
15157,10097,bank_transfer,2037
15158,10098,coupon,2168
15159,10098,gift_card,910
15160,10099,gift_card,599
15161,10100,credit_card,2253
15162,10100,coupon,976
15163,10101,bank_transfer,1151
15164,10102,gift_card,1228
15165,10103,bank_transfer,2395
15166,10104,coupon,1354
15167,10105,credit_card,1796
15168,10106,bank_transfer,1346
15169,10107,credit_card,1450
15170,10107,gift_card,1393
15171,10108,gift_card,2164
15172,10108,credit_card,2415
15173,10109,coupon,1016
15174,10110,coupon,2748
15175,10110,coupon,2148
15176,10111,coupon,292
15177,10112,credit_card,2090
15178,10113,gift_card,1009
15179,10114,bank_transfer,937
15180,10115,bank_transfer,2454
15181,10115,coupon,581
15182,10116,coupon,2886
15183,10116,bank_transfer,1510
15184,10117,gift_card,2798
15185,10117,bank_transfer,353
15186,10118,bank_transfer,2382
15187,10118,coupon,650
15188,10119,credit_card,1608
15189,10120,coupon,665
15190,10121,coupon,529
15191,10121,bank_transfer,1452
15192,10122,bank_transfer,1196
15193,10122,bank_transfer,1804
15194,10123,credit_card,2877
15195,10123,gift_card,2175
15196,10124,bank_transfer,141
15197,10125,credit_card,1189
15198,10126,gift_card,130
15199,10127,bank_transfer,1356
15200,10127,gift_card,1844
15201,10128,coupon,130
15202,10128,coupon,2099
15203,10129,bank_transfer,153
15204,10130,coupon,2728
15205,10131,gift_card,564
15206,10132,credit_card,310
15207,10133,coupon,794
15208,10134,coupon,1856
15209,10135,coupon,2062
15210,10135,coupon,2535
15211,10136,credit_card,2687
15212,10136,bank_transfer,748
15213,10137,bank_transfer,2819
15214,10137,coupon,2138
15215,10138,credit_card,839
15216,10138,coupon,1583
15217,10139,coupon,1398
15218,10140,bank_transfer,1347
15219,10140,coupon,397
15220,10141,gift_card,2066
15221,10142,gift_card,1410
15222,10143,credit_card,1922
15223,10143,bank_transfer,814
15224,10144,bank_transfer,1744
15225,10144,credit_card,1453
15226,10145,gift_card,2043
15227,10145,gift_card,818
15228,10146,bank_transfer,1159
15229,10147,coupon,1173
15230,10148,coupon,386
15231,10149,gift_card,2372
15232,10150,coupon,720
15233,10151,credit_card,193
15234,10151,gift_card,538
15235,10152,coupon,406
15236,10153,coupon,2544
15237,10153,gift_card,2587
15238,10154,gift_card,876
15239,10154,bank_transfer,1518
15240,10155,gift_card,1613
15241,10155,coupon,2156
15242,10156,bank_transfer,1761
15243,10157,coupon,776
15244,10158,credit_card,477
15245,10159,bank_transfer,966
15246,10160,credit_card,798
15247,10160,bank_transfer,2812
15248,10161,credit_card,2971
15249,10161,gift_card,747
15250,10162,coupon,1574
15251,10163,bank_transfer,1612
15252,10163,credit_card,319
15253,10164,credit_card,2798
15254,10164,bank_transfer,136
15255,10165,credit_card,767
15256,10166,bank_transfer,2577
15257,10166,bank_transfer,2631
15258,10167,coupon,2457
15259,10168,gift_card,1813
15260,10168,gift_card,449
15261,10169,bank_transfer,2189
15262,10169,gift_card,1711
15263,10170,bank_transfer,2830
15264,10170,bank_transfer,1414
15265,10171,gift_card,1935
15266,10171,credit_card,1076
15267,10172,credit_card,2417
15268,10173,bank_transfer,445
15269,10173,bank_transfer,661
15270,10174,credit_card,884
15271,10175,gift_card,2358
15272,10175,credit_card,1528
15273,10176,bank_transfer,1313
15274,10176,gift_card,925
15275,10177,credit_card,1074
15276,10177,credit_card,1887
15277,10178,coupon,698
15278,10179,credit_card,2650
15279,10180,gift_card,2308
15280,10181,bank_transfer,1620
15281,10181,credit_card,1585
15282,10182,credit_card,1346
15283,10182,bank_transfer,2667
15284,10183,credit_card,695
15285,10184,credit_card,416
15286,10185,coupon,698
15287,10186,bank_transfer,2643
15288,10187,coupon,232
15289,10188,coupon,2736
15290,10189,gift_card,408
15291,10189,bank_transfer,353
15292,10190,gift_card,2613
15293,10190,coupon,2612
15294,10191,gift_card,2327
15295,10191,bank_transfer,2855
15296,10192,gift_card,457
15297,10193,credit_card,1198
15298,10193,credit_card,2095
15299,10194,gift_card,646
15300,10194,credit_card,1458
15301,10195,gift_card,2875
15302,10196,coupon,2359
15303,10196,gift_card,2234
15304,10197,coupon,2077
15305,10198,bank_transfer,1718
15306,10198,coupon,235
15307,10199,gift_card,168
15308,10199,credit_card,998
15309,10200,coupon,964
15310,10201,bank_transfer,536
15311,10202,gift_card,445
15312,10202,bank_transfer,510
15313,10203,credit_card,1981
15314,10203,gift_card,509
15315,10204,bank_transfer,476
15316,10204,bank_transfer,298
15317,10205,coupon,2747
15318,10205,bank_transfer,2688
15319,10206,credit_card,932
15320,10206,coupon,820
15321,10207,coupon,764
15322,10207,credit_card,629
15323,10208,gift_card,976
15324,10208,gift_card,2560
15325,10209,bank_transfer,2830
15326,10209,coupon,1156
15327,10210,credit_card,540
15328,10211,credit_card,2359
15329,10211,bank_transfer,1643
15330,10212,coupon,1624
15331,10213,gift_card,2025
15332,10213,coupon,763
15333,10214,credit_card,1145
15334,10214,gift_card,2165
15335,10215,bank_transfer,659
15336,10215,coupon,577
15337,10216,bank_transfer,1311
15338,10217,gift_card,352
15339,10218,credit_card,1354
15340,10219,credit_card,1309
15341,10220,gift_card,1600
15342,10221,coupon,1147
15343,10221,coupon,1886
15344,10222,bank_transfer,1646
15345,10222,bank_transfer,2524
15346,10223,credit_card,2821
15347,10224,coupon,1971
15348,10224,gift_card,2983
15349,10225,bank_transfer,2091
15350,10225,coupon,1834
15351,10226,coupon,1047
15352,10226,credit_card,1737
15353,10227,bank_transfer,2744
15354,10228,gift_card,1548
15355,10229,coupon,1031
15356,10230,credit_card,335
15357,10231,coupon,1862
15358,10231,bank_transfer,471
15359,10232,coupon,2940
15360,10232,gift_card,1873
15361,10233,gift_card,922
15362,10234,coupon,2177
15363,10234,bank_transfer,553
15364,10235,coupon,647
15365,10235,coupon,237
15366,10236,bank_transfer,1542
15367,10236,coupon,150
15368,10237,credit_card,1683
15369,10237,gift_card,2815
15370,10238,bank_transfer,611
15371,10238,bank_transfer,2922
15372,10239,gift_card,1454
15373,10239,coupon,2409
15374,10240,coupon,452
15375,10240,bank_transfer,1076
15376,10241,credit_card,1319
15377,10242,gift_card,624
15378,10243,bank_transfer,1697
15379,10244,gift_card,2132
15380,10245,coupon,1854
15381,10245,gift_card,1244
15382,10246,gift_card,708
15383,10247,credit_card,1102
15384,10247,bank_transfer,2483
15385,10248,credit_card,381
15386,10248,gift_card,1962
15387,10249,credit_card,1866
15388,10250,gift_card,1865
15389,10250,credit_card,1451
15390,10251,gift_card,1066
15391,10251,gift_card,1521
15392,10252,gift_card,238
15393,10252,credit_card,474
15394,10253,gift_card,1589
15395,10253,bank_transfer,1704
15396,10254,bank_transfer,1348
15397,10255,credit_card,2544
15398,10256,coupon,2547
15399,10256,bank_transfer,724
15400,10257,gift_card,1886
15401,10258,bank_transfer,2207
15402,10258,bank_transfer,228
15403,10259,credit_card,1743
15404,10259,credit_card,780
15405,10260,credit_card,2497
15406,10260,coupon,2879
15407,10261,bank_transfer,2836
15408,10262,gift_card,1729
15409,10262,bank_transfer,2787
15410,10263,coupon,1508
15411,10263,bank_transfer,1606
15412,10264,coupon,2146
15413,10265,coupon,2845
15414,10265,credit_card,1670
15415,10266,gift_card,2077
15416,10267,credit_card,1191
15417,10268,bank_transfer,1177
15418,10268,bank_transfer,426
15419,10269,gift_card,1311
15420,10269,gift_card,1093
15421,10270,gift_card,2844
15422,10271,coupon,1101
15423,10271,gift_card,2574
15424,10272,credit_card,2359
15425,10272,bank_transfer,322
15426,10273,gift_card,2811
15427,10273,credit_card,2124
15428,10274,bank_transfer,247
15429,10275,bank_transfer,1469
15430,10275,credit_card,2129
15431,10276,coupon,2201
15432,10276,bank_transfer,1051
15433,10277,bank_transfer,1034
15434,10277,credit_card,1085
15435,10278,gift_card,1840
15436,10279,gift_card,1005
15437,10280,coupon,1636
15438,10280,gift_card,1721
15439,10281,coupon,2829
15440,10281,bank_transfer,2619
15441,10282,gift_card,2877
15442,10282,coupon,1981
15443,10283,gift_card,143
15444,10284,coupon,1108
15445,10285,bank_transfer,1588
15446,10286,bank_transfer,2912
15447,10287,gift_card,2685
15448,10287,gift_card,1317
15449,10288,gift_card,2819
15450,10289,gift_card,1832
15451,10290,bank_transfer,1495
15452,10291,bank_transfer,418
15453,10291,credit_card,309
15454,10292,gift_card,763
15455,10292,gift_card,2066
15456,10293,credit_card,1679
15457,10293,credit_card,199
15458,10294,coupon,583
15459,10295,coupon,1643
15460,10296,coupon,1931
15461,10296,bank_transfer,290
15462,10297,gift_card,1879
15463,10297,coupon,889
15464,10298,gift_card,357
15465,10298,bank_transfer,392
15466,10299,gift_card,1009
15467,10300,bank_transfer,826
15468,10300,gift_card,1761
15469,10301,credit_card,669
15470,10301,gift_card,1547
15471,10302,credit_card,1950
15472,10302,bank_transfer,2598
15473,10303,bank_transfer,266
15474,10303,credit_card,1662
15475,10304,gift_card,1825
15476,10304,bank_transfer,599
15477,10305,credit_card,1342
15478,10305,bank_transfer,1797
15479,10306,bank_transfer,2670
15480,10306,gift_card,1924
15481,10307,credit_card,2279
15482,10308,coupon,1873
15483,10308,credit_card,1952
15484,10309,gift_card,1504
15485,10310,coupon,1920
15486,10311,gift_card,2552
15487,10312,bank_transfer,261
15488,10313,bank_transfer,1647
15489,10314,bank_transfer,2313
15490,10315,credit_card,1006
15491,10316,coupon,741
15492,10316,credit_card,2230
15493,10317,gift_card,616
15494,10317,credit_card,2336
15495,10318,bank_transfer,294
15496,10318,gift_card,1043
15497,10319,bank_transfer,2485
15498,10319,coupon,946
15499,10320,credit_card,1700
15500,10320,bank_transfer,1003
15501,10321,bank_transfer,2005
15502,10322,bank_transfer,1925
15503,10322,gift_card,511
15504,10323,gift_card,985
15505,10324,credit_card,1462
15506,10325,gift_card,2350
15507,10326,coupon,1798
15508,10327,coupon,1829
15509,10328,coupon,2444
15510,10329,bank_transfer,1578
15511,10329,credit_card,2566
15512,10330,credit_card,1065
15513,10330,gift_card,928
15514,10331,bank_transfer,384
15515,10331,coupon,2597
15516,10332,coupon,1093
15517,10332,bank_transfer,1376
15518,10333,gift_card,797
15519,10333,credit_card,2397
15520,10334,credit_card,208
15521,10335,bank_transfer,2232
15522,10336,bank_transfer,2778
15523,10336,gift_card,240
15524,10337,credit_card,2101
15525,10337,credit_card,2074
15526,10338,credit_card,1318
15527,10338,bank_transfer,2373
15528,10339,coupon,1146
15529,10339,coupon,2175
15530,10340,coupon,2222
15531,10340,bank_transfer,665
15532,10341,credit_card,1476
15533,10341,gift_card,218
15534,10342,gift_card,574
15535,10342,gift_card,2744
15536,10343,bank_transfer,2518
15537,10343,bank_transfer,2475
15538,10344,bank_transfer,2930
15539,10345,bank_transfer,617
15540,10345,gift_card,294
15541,10346,coupon,1660
15542,10347,coupon,1633
15543,10348,credit_card,155
15544,10348,coupon,2508
15545,10349,credit_card,1546
15546,10349,gift_card,2602
15547,10350,bank_transfer,834
15548,10351,credit_card,1454
15549,10352,coupon,2243
15550,10353,gift_card,1664
15551,10354,credit_card,1680
15552,10355,bank_transfer,1549
15553,10356,bank_transfer,2096
15554,10357,credit_card,2495
15555,10357,credit_card,865
15556,10358,gift_card,2217
15557,10359,credit_card,1202
15558,10360,bank_transfer,1383
15559,10360,gift_card,2339
15560,10361,bank_transfer,112
15561,10362,gift_card,2025
15562,10362,coupon,1275
15563,10363,bank_transfer,1111
15564,10363,bank_transfer,2616
15565,10364,bank_transfer,1062
15566,10365,gift_card,2517
15567,10366,bank_transfer,1551
15568,10366,bank_transfer,1504
15569,10367,credit_card,1392
15570,10368,gift_card,983
15571,10368,coupon,1733
15572,10369,credit_card,2696
15573,10369,credit_card,2509
15574,10370,bank_transfer,1066
15575,10370,coupon,837
15576,10371,coupon,2167
15577,10371,bank_transfer,554
15578,10372,gift_card,836
15579,10372,gift_card,1838
15580,10373,bank_transfer,981
15581,10374,coupon,2488
15582,10375,bank_transfer,1236
15583,10376,bank_transfer,663
15584,10377,credit_card,1389
15585,10378,coupon,2583
15586,10379,bank_transfer,2851
15587,10380,coupon,2147
15588,10380,credit_card,327
15589,10381,credit_card,142
15590,10381,coupon,551
15591,10382,bank_transfer,1392
15592,10383,bank_transfer,937
15593,10384,bank_transfer,2872
15594,10385,credit_card,2461
15595,10385,gift_card,1849
15596,10386,gift_card,949
15597,10386,coupon,868
15598,10387,gift_card,2001
15599,10388,bank_transfer,172
15600,10388,gift_card,1559
15601,10389,credit_card,272
15602,10389,gift_card,1585
15603,10390,credit_card,1729
15604,10391,bank_transfer,1976
15605,10392,credit_card,1785
15606,10392,gift_card,2448
15607,10393,bank_transfer,795
15608,10393,gift_card,2462
15609,10394,bank_transfer,2104
15610,10395,gift_card,1061
15611,10395,bank_transfer,910
15612,10396,coupon,2142
15613,10396,coupon,2287
15614,10397,credit_card,1481
15615,10398,gift_card,1864
15616,10398,coupon,757
15617,10399,coupon,832
15618,10399,credit_card,2355
15619,10400,gift_card,817
15620,10401,coupon,1419
15621,10402,gift_card,1517
15622,10403,gift_card,1060
15623,10403,gift_card,2883
15624,10404,gift_card,1478
15625,10405,bank_transfer,598
15626,10406,gift_card,1531
15627,10407,gift_card,181
15628,10407,coupon,2211
15629,10408,credit_card,1608
15630,10408,credit_card,309
15631,10409,credit_card,1544
15632,10409,gift_card,2239
15633,10410,credit_card,1730
15634,10410,bank_transfer,1342
15635,10411,coupon,2404
15636,10412,credit_card,933
15637,10412,gift_card,1577
15638,10413,bank_transfer,1829
15639,10414,bank_transfer,1958
15640,10414,bank_transfer,684
15641,10415,gift_card,598
15642,10415,credit_card,2445
15643,10416,coupon,1920
15644,10416,coupon,1743
15645,10417,credit_card,2980
15646,10418,credit_card,1066
15647,10419,gift_card,1164
15648,10419,bank_transfer,886
15649,10420,bank_transfer,985
15650,10421,credit_card,2679
15651,10422,bank_transfer,2298
15652,10422,gift_card,2122
15653,10423,coupon,1731
15654,10424,gift_card,785
15655,10424,coupon,970
15656,10425,bank_transfer,136
15657,10425,gift_card,2247
15658,10426,gift_card,1263
15659,10426,credit_card,2675
15660,10427,credit_card,2189
15661,10427,gift_card,813
15662,10428,credit_card,2346
15663,10429,bank_transfer,971
15664,10430,bank_transfer,1199
15665,10431,coupon,2400
15666,10431,gift_card,1814
15667,10432,coupon,1780
15668,10433,bank_transfer,2553
15669,10433,bank_transfer,1313
15670,10434,credit_card,580
15671,10435,gift_card,643
15672,10435,coupon,2879
15673,10436,bank_transfer,946
15674,10437,coupon,2706
15675,10437,coupon,2390
15676,10438,gift_card,1117
15677,10438,gift_card,826
15678,10439,bank_transfer,2546
15679,10439,credit_card,600
15680,10440,gift_card,1025
15681,10441,credit_card,1861
15682,10441,coupon,169
15683,10442,coupon,299
15684,10442,bank_transfer,1930
15685,10443,gift_card,790
15686,10443,coupon,2828
15687,10444,credit_card,720
15688,10444,bank_transfer,198
15689,10445,coupon,246
15690,10446,gift_card,358
15691,10446,bank_transfer,1224
15692,10447,credit_card,2194
15693,10448,bank_transfer,1261
15694,10449,credit_card,510
15695,10450,gift_card,1095
15696,10450,coupon,2670
15697,10451,coupon,330
15698,10451,coupon,2835
15699,10452,gift_card,615
15700,10453,bank_transfer,1040
15701,10453,coupon,860
15702,10454,bank_transfer,139
15703,10455,coupon,926
15704,10456,bank_transfer,580
15705,10457,credit_card,1924
15706,10458,credit_card,132
15707,10458,gift_card,2603
15708,10459,gift_card,1768
15709,10459,credit_card,455
15710,10460,bank_transfer,697
15711,10461,credit_card,982
15712,10462,gift_card,1373
15713,10462,bank_transfer,1110
15714,10463,gift_card,476
15715,10464,coupon,1216
15716,10465,credit_card,2489
15717,10466,bank_transfer,2343
15718,10466,coupon,1869
15719,10467,bank_transfer,852
15720,10468,bank_transfer,2169
15721,10468,credit_card,2557
15722,10469,gift_card,1190
15723,10470,coupon,537
15724,10470,credit_card,2929
15725,10471,bank_transfer,292
15726,10471,bank_transfer,1726
15727,10472,gift_card,2946
15728,10472,coupon,2838
15729,10473,bank_transfer,576
15730,10473,credit_card,2475
15731,10474,bank_transfer,2302
15732,10475,credit_card,2007
15733,10475,gift_card,890
15734,10476,bank_transfer,2960
15735,10476,gift_card,2291
15736,10477,gift_card,2285
15737,10478,coupon,1403
15738,10479,bank_transfer,787
15739,10480,credit_card,1829
15740,10481,coupon,1876
15741,10482,coupon,2456
15742,10483,bank_transfer,2272
15743,10483,bank_transfer,2823
15744,10484,coupon,2528
15745,10484,credit_card,1043
15746,10485,credit_card,949
15747,10485,gift_card,1303
15748,10486,credit_card,2487
15749,10487,credit_card,596
15750,10488,coupon,2571
15751,10488,coupon,2007
15752,10489,credit_card,2233
15753,10489,gift_card,689
15754,10490,gift_card,1128
15755,10490,coupon,934
15756,10491,bank_transfer,780
15757,10492,coupon,1393
15758,10492,coupon,1583
15759,10493,gift_card,1254
15760,10493,coupon,2808
15761,10494,coupon,236
15762,10495,credit_card,2597
15763,10495,coupon,826
15764,10496,gift_card,541
15765,10496,gift_card,1152
15766,10497,coupon,231
15767,10497,coupon,361
15768,10498,bank_transfer,1493
15769,10498,bank_transfer,2266
15770,10499,credit_card,1436
15771,10499,coupon,1219
15772,10500,gift_card,1774
15773,10501,credit_card,886
15774,10502,bank_transfer,2435
15775,10503,gift_card,989
15776,10503,gift_card,408
15777,10504,credit_card,230
15778,10505,credit_card,2219
15779,10506,gift_card,469
15780,10507,credit_card,1018
15781,10508,credit_card,1318
15782,10508,coupon,641
15783,10509,gift_card,2682
15784,10509,bank_transfer,344
15785,10510,coupon,2897
15786,10511,credit_card,1342
15787,10512,gift_card,483
15788,10513,coupon,2258
15789,10513,coupon,1894
15790,10514,gift_card,210
15791,10515,coupon,2808
15792,10516,coupon,2762
15793,10516,gift_card,2615
15794,10517,credit_card,1963
15795,10518,bank_transfer,1690
15796,10518,coupon,2967
15797,10519,coupon,2015
15798,10519,bank_transfer,772
15799,10520,gift_card,1218
15800,10520,bank_transfer,2749
15801,10521,bank_transfer,2623
15802,10522,coupon,1761
15803,10523,credit_card,585
15804,10523,bank_transfer,2528
15805,10524,credit_card,1827
15806,10524,gift_card,2446
15807,10525,coupon,322
15808,10526,bank_transfer,1728
15809,10527,coupon,2552
15810,10527,coupon,2164
15811,10528,credit_card,2890
15812,10529,gift_card,2366
15813,10530,credit_card,1675
15814,10530,credit_card,2548
15815,10531,gift_card,874
15816,10531,coupon,2901
15817,10532,bank_transfer,1094
15818,10533,gift_card,2432
15819,10533,bank_transfer,2151
15820,10534,coupon,2277
15821,10535,gift_card,191
15822,10536,gift_card,213
15823,10536,credit_card,917
15824,10537,coupon,1231
15825,10537,gift_card,404
15826,10538,gift_card,2939
15827,10539,bank_transfer,1652
15828,10540,bank_transfer,408
15829,10540,coupon,2135
15830,10541,bank_transfer,2247
15831,10542,bank_transfer,217
15832,10542,coupon,2154
15833,10543,credit_card,776
15834,10543,gift_card,1446
15835,10544,bank_transfer,2095
15836,10545,credit_card,1841
15837,10545,credit_card,2707
15838,10546,bank_transfer,793
15839,10547,gift_card,2091
15840,10548,credit_card,2796
15841,10549,bank_transfer,1176
15842,10549,coupon,2494
15843,10550,credit_card,2865
15844,10551,gift_card,2194
15845,10552,gift_card,1141
15846,10553,gift_card,805
15847,10554,bank_transfer,1566
15848,10555,credit_card,1701
15849,10556,bank_transfer,386
15850,10557,coupon,2287
15851,10558,credit_card,546
15852,10558,coupon,796
15853,10559,credit_card,458
15854,10559,bank_transfer,2066
15855,10560,credit_card,597
15856,10561,credit_card,2051
15857,10561,credit_card,589
15858,10562,credit_card,2266
15859,10563,bank_transfer,1693
15860,10563,bank_transfer,838
15861,10564,bank_transfer,611
15862,10564,bank_transfer,2310
15863,10565,credit_card,773
15864,10566,bank_transfer,2484
15865,10566,coupon,2573
15866,10567,bank_transfer,1032
15867,10567,coupon,1882
15868,10568,gift_card,1075
15869,10568,credit_card,322
15870,10569,credit_card,2610
15871,10570,bank_transfer,285
15872,10571,bank_transfer,548
15873,10571,coupon,643
15874,10572,bank_transfer,2010
15875,10572,bank_transfer,2761
15876,10573,coupon,2357
15877,10573,coupon,1527
15878,10574,credit_card,2194
15879,10574,gift_card,2462
15880,10575,gift_card,921
15881,10575,gift_card,1069
15882,10576,bank_transfer,1399
15883,10576,gift_card,1016
15884,10577,coupon,834
15885,10578,credit_card,2194
15886,10578,credit_card,560
15887,10579,coupon,799
15888,10580,gift_card,2183
15889,10580,gift_card,1410
15890,10581,credit_card,2683
15891,10582,bank_transfer,1554
15892,10582,credit_card,1753
15893,10583,bank_transfer,340
15894,10583,gift_card,865
15895,10584,gift_card,1746
15896,10584,credit_card,2121
15897,10585,credit_card,2236
15898,10585,bank_transfer,2847
15899,10586,coupon,1137
15900,10587,gift_card,1130
15901,10587,coupon,1814
15902,10588,coupon,2746
15903,10589,bank_transfer,429
15904,10589,coupon,190
15905,10590,credit_card,2770
15906,10590,coupon,2148
15907,10591,bank_transfer,1830
15908,10591,credit_card,2074
15909,10592,credit_card,2462
15910,10592,gift_card,1508
15911,10593,gift_card,1127
15912,10594,bank_transfer,1474
15913,10594,coupon,2678
15914,10595,bank_transfer,2868
15915,10595,gift_card,887
15916,10596,gift_card,965
15917,10597,credit_card,1241
15918,10598,bank_transfer,160
15919,10599,coupon,2064
15920,10599,coupon,1674
15921,10600,credit_card,122
15922,10601,gift_card,1470
15923,10602,coupon,2697
15924,10602,coupon,2178
15925,10603,credit_card,1305
15926,10603,gift_card,2504
15927,10604,coupon,2606
15928,10604,coupon,2617
15929,10605,gift_card,741
15930,10605,coupon,611
15931,10606,coupon,1008
15932,10607,bank_transfer,2593
15933,10608,gift_card,1533
15934,10608,coupon,2467
15935,10609,credit_card,2045
15936,10609,bank_transfer,877
15937,10610,bank_transfer,1505
15938,10610,coupon,790
15939,10611,credit_card,2734
15940,10611,credit_card,894
15941,10612,bank_transfer,2964
15942,10612,coupon,299
15943,10613,credit_card,346
15944,10614,credit_card,2292
15945,10614,credit_card,1533
15946,10615,credit_card,2553
15947,10616,gift_card,2518
15948,10617,bank_transfer,1832
15949,10617,credit_card,178
15950,10618,coupon,1231
15951,10618,credit_card,2244
15952,10619,bank_transfer,1855
15953,10619,gift_card,522
15954,10620,coupon,1941
15955,10620,gift_card,975
15956,10621,bank_transfer,2762
15957,10621,gift_card,979
15958,10622,bank_transfer,1841
15959,10622,gift_card,1778
15960,10623,gift_card,1525
15961,10623,gift_card,1023
15962,10624,coupon,2988
15963,10624,coupon,2458
15964,10625,coupon,1146
15965,10625,credit_card,2631
15966,10626,gift_card,2695
15967,10626,gift_card,958
15968,10627,gift_card,2674
15969,10628,credit_card,1913
15970,10628,credit_card,2325
15971,10629,credit_card,1268
15972,10630,credit_card,2367
15973,10631,gift_card,1748
15974,10631,bank_transfer,1598
15975,10632,coupon,2920
15976,10633,gift_card,1210
15977,10633,bank_transfer,2537
15978,10634,gift_card,801
15979,10635,coupon,248
15980,10636,coupon,599
15981,10636,credit_card,2556
15982,10637,bank_transfer,2934
15983,10638,credit_card,2290
15984,10638,credit_card,357
15985,10639,coupon,2740
15986,10639,coupon,909
15987,10640,gift_card,192
15988,10641,gift_card,754
15989,10642,coupon,2810
15990,10642,bank_transfer,2892
15991,10643,gift_card,264
15992,10643,coupon,1535
15993,10644,bank_transfer,2230
15994,10644,coupon,2887
15995,10645,coupon,2939
15996,10645,gift_card,1537
15997,10646,credit_card,1827
15998,10647,credit_card,2396
15999,10647,credit_card,1918
16000,10648,coupon,759
16001,10648,coupon,1414
16002,10649,credit_card,1804
16003,10650,bank_transfer,474
16004,10650,gift_card,561
16005,10651,credit_card,478
16006,10651,coupon,263
16007,10652,credit_card,2388
16008,10652,bank_transfer,2467
16009,10653,credit_card,2804
16010,10654,credit_card,2902
16011,10654,coupon,634
16012,10655,gift_card,1401
16013,10655,coupon,1718
16014,10656,bank_transfer,1488
16015,10656,coupon,797
16016,10657,bank_transfer,1393
16017,10658,coupon,2783
16018,10658,coupon,1959
16019,10659,bank_transfer,483
16020,10659,coupon,2863
16021,10660,coupon,845
16022,10660,coupon,2178
16023,10661,coupon,2183
16024,10661,credit_card,448
16025,10662,bank_transfer,2884
16026,10662,gift_card,740
16027,10663,coupon,1708
16028,10664,credit_card,1787
16029,10664,gift_card,2484
16030,10665,credit_card,348
16031,10665,credit_card,963
16032,10666,coupon,2384
16033,10667,bank_transfer,886
16034,10668,credit_card,779
16035,10669,credit_card,1555
16036,10669,coupon,2270
16037,10670,coupon,1808
16038,10671,gift_card,197
16039,10672,bank_transfer,1230
16040,10673,bank_transfer,1419
16041,10673,credit_card,637
16042,10674,credit_card,2206
16043,10675,credit_card,1688
16044,10675,bank_transfer,1311
16045,10676,coupon,996
16046,10677,bank_transfer,1986
16047,10678,credit_card,1783
16048,10679,coupon,1884
16049,10679,credit_card,1464
16050,10680,credit_card,1919
16051,10681,bank_transfer,2856
16052,10682,credit_card,1033
16053,10682,bank_transfer,2029
16054,10683,credit_card,1844
16055,10683,credit_card,1630
16056,10684,bank_transfer,1198
16057,10684,bank_transfer,1797
16058,10685,coupon,2524
16059,10685,credit_card,1211
16060,10686,bank_transfer,1453
16061,10686,coupon,1823
16062,10687,bank_transfer,2770
16063,10687,credit_card,2870
16064,10688,credit_card,2207
16065,10688,coupon,454
16066,10689,bank_transfer,1944
16067,10689,gift_card,1391
16068,10690,coupon,1741
16069,10690,gift_card,1482
16070,10691,credit_card,1199
16071,10692,coupon,1752
16072,10693,coupon,2591
16073,10693,credit_card,1333
16074,10694,bank_transfer,1157
16075,10695,bank_transfer,701
16076,10696,credit_card,769
16077,10697,coupon,2549
16078,10698,gift_card,2350
16079,10699,bank_transfer,2412
16080,10699,coupon,384
16081,10700,credit_card,2532
16082,10700,bank_transfer,1040
16083,10701,coupon,2415
16084,10701,credit_card,1719
16085,10702,coupon,1729
16086,10703,credit_card,2693
16087,10704,coupon,399
16088,10705,coupon,140
16089,10706,credit_card,1168
16090,10706,coupon,667
16091,10707,bank_transfer,591
16092,10708,gift_card,214
16093,10709,credit_card,2422
16094,10709,credit_card,1088
16095,10710,bank_transfer,2803
16096,10711,coupon,2156
16097,10712,credit_card,1078
16098,10713,coupon,948
16099,10713,credit_card,1801
16100,10714,coupon,353
16101,10714,gift_card,1913
16102,10715,coupon,219
16103,10715,gift_card,171
16104,10716,coupon,1349
16105,10716,gift_card,2128
16106,10717,coupon,1564
16107,10717,credit_card,2569
16108,10718,coupon,643
16109,10718,credit_card,2077
16110,10719,gift_card,2400
16111,10720,coupon,796
16112,10720,coupon,1398
16113,10721,credit_card,772
16114,10721,gift_card,193
16115,10722,coupon,1188
16116,10722,gift_card,126
16117,10723,credit_card,2421
16118,10723,credit_card,1761
16119,10724,coupon,2177
16120,10724,bank_transfer,2183
16121,10725,coupon,2505
16122,10725,credit_card,1062
16123,10726,bank_transfer,2862
16124,10727,gift_card,2358
16125,10728,bank_transfer,1525
16126,10728,gift_card,1450
16127,10729,gift_card,895
16128,10729,gift_card,1877
16129,10730,bank_transfer,2014
16130,10730,gift_card,2330
16131,10731,credit_card,2461
16132,10731,coupon,2538
16133,10732,credit_card,632
16134,10733,credit_card,1511
16135,10733,gift_card,720
16136,10734,credit_card,2288
16137,10735,credit_card,865
16138,10735,coupon,173
16139,10736,gift_card,2739
16140,10737,coupon,1163
16141,10738,bank_transfer,2712
16142,10738,credit_card,306
16143,10739,gift_card,312
16144,10739,gift_card,2951
16145,10740,credit_card,2044
16146,10740,coupon,1428
16147,10741,bank_transfer,1406
16148,10742,coupon,439
16149,10743,coupon,1707
16150,10743,bank_transfer,2895
16151,10744,bank_transfer,2213
16152,10744,credit_card,1600
16153,10745,bank_transfer,838
16154,10745,gift_card,1851
16155,10746,gift_card,1878
16156,10747,credit_card,744
16157,10747,coupon,2737
16158,10748,coupon,1154
16159,10748,gift_card,2901
16160,10749,credit_card,1788
16161,10750,credit_card,2837
16162,10750,bank_transfer,2329
16163,10751,gift_card,149
16164,10752,bank_transfer,2423
16165,10753,credit_card,1205
16166,10753,coupon,2880
16167,10754,gift_card,480
16168,10754,coupon,2174
16169,10755,coupon,1917
16170,10756,credit_card,2695
16171,10757,gift_card,1910
16172,10758,bank_transfer,1260
16173,10759,coupon,1934
16174,10759,gift_card,2195
16175,10760,coupon,2422
16176,10760,coupon,697
16177,10761,bank_transfer,1554
16178,10762,coupon,570
16179,10762,bank_transfer,2349
16180,10763,gift_card,2268
16181,10763,bank_transfer,629
16182,10764,gift_card,506
16183,10765,coupon,2107
16184,10765,credit_card,2349
16185,10766,credit_card,305
16186,10766,gift_card,505
16187,10767,coupon,1495
16188,10767,bank_transfer,1436
16189,10768,coupon,1574
16190,10768,gift_card,2831
16191,10769,bank_transfer,2914
16192,10770,bank_transfer,220
16193,10770,coupon,1762
16194,10771,bank_transfer,2558
16195,10771,credit_card,1999
16196,10772,credit_card,237
16197,10773,coupon,701
16198,10773,credit_card,154
16199,10774,gift_card,848
16200,10774,coupon,2183
16201,10775,gift_card,2012
16202,10775,gift_card,920
16203,10776,credit_card,2303
16204,10776,coupon,2036
16205,10777,gift_card,1148
16206,10778,credit_card,476
16207,10779,bank_transfer,2291
16208,10780,credit_card,1089
16209,10780,coupon,2324
16210,10781,credit_card,2169
16211,10781,coupon,2618
16212,10782,bank_transfer,1851
16213,10783,bank_transfer,318
16214,10783,credit_card,2818
16215,10784,coupon,1011
16216,10785,credit_card,1093
16217,10786,bank_transfer,2034
16218,10786,coupon,1199
16219,10787,coupon,883
16220,10788,bank_transfer,1849
16221,10788,gift_card,527
16222,10789,gift_card,926
16223,10789,gift_card,700
16224,10790,bank_transfer,893
16225,10791,bank_transfer,1754
16226,10791,credit_card,1241
16227,10792,gift_card,1934
16228,10792,coupon,1726
16229,10793,credit_card,1480
16230,10794,coupon,1629
16231,10795,bank_transfer,779
16232,10796,credit_card,1969
16233,10796,credit_card,585
16234,10797,bank_transfer,2036
16235,10797,coupon,163
16236,10798,gift_card,1778
16237,10799,coupon,794
16238,10799,gift_card,2101
16239,10800,gift_card,731
16240,10801,gift_card,2342
16241,10802,gift_card,1231
16242,10802,bank_transfer,1832
16243,10803,bank_transfer,670
16244,10804,bank_transfer,2058
16245,10805,credit_card,679
16246,10805,gift_card,824
16247,10806,coupon,2695
16248,10806,gift_card,1211
16249,10807,gift_card,2797
16250,10807,coupon,2830
16251,10808,bank_transfer,1412
16252,10809,gift_card,339
16253,10810,gift_card,2440
16254,10811,coupon,2769
16255,10812,coupon,1003
16256,10812,gift_card,721
16257,10813,gift_card,1086
16258,10814,gift_card,1838
16259,10815,bank_transfer,2659
16260,10815,bank_transfer,2461
16261,10816,gift_card,2316
16262,10816,coupon,1210
16263,10817,gift_card,642
16264,10818,bank_transfer,2707
16265,10818,bank_transfer,307
16266,10819,coupon,2529
16267,10819,credit_card,1457
16268,10820,bank_transfer,2161
16269,10821,bank_transfer,2205
16270,10822,gift_card,197
16271,10822,coupon,1663
16272,10823,gift_card,2052
16273,10823,bank_transfer,201
16274,10824,gift_card,2094
16275,10825,bank_transfer,2473
16276,10825,bank_transfer,1897
16277,10826,coupon,940
16278,10827,bank_transfer,1701
16279,10827,gift_card,2283
16280,10828,bank_transfer,252
16281,10828,credit_card,1329
16282,10829,coupon,1837
16283,10830,gift_card,1507
16284,10831,gift_card,1700
16285,10832,bank_transfer,1700
16286,10832,coupon,131
16287,10833,gift_card,2379
16288,10834,gift_card,812
16289,10835,credit_card,2357
16290,10836,credit_card,2351
16291,10837,coupon,320
16292,10838,gift_card,792
16293,10839,credit_card,2355
16294,10839,credit_card,2578
16295,10840,bank_transfer,2553
16296,10840,coupon,1443
16297,10841,coupon,2370
16298,10842,credit_card,1750
16299,10843,gift_card,1164
16300,10843,gift_card,2352
16301,10844,coupon,2906
16302,10844,bank_transfer,1647
16303,10845,bank_transfer,372
16304,10846,bank_transfer,835
16305,10847,credit_card,2422
16306,10847,credit_card,2618
16307,10848,gift_card,865
16308,10848,credit_card,2428
16309,10849,gift_card,2765
16310,10850,bank_transfer,642
16311,10851,bank_transfer,2849
16312,10852,gift_card,1371
16313,10853,credit_card,1749
16314,10853,coupon,691
16315,10854,coupon,1476
16316,10855,gift_card,2155
16317,10856,coupon,1530
16318,10857,bank_transfer,292
16319,10857,credit_card,2270
16320,10858,gift_card,1498
16321,10859,gift_card,2062
16322,10860,credit_card,959
16323,10861,credit_card,1643
16324,10861,bank_transfer,2608
16325,10862,bank_transfer,2178
16326,10862,bank_transfer,176
16327,10863,coupon,769
16328,10863,bank_transfer,281
16329,10864,bank_transfer,544
16330,10865,coupon,1764
16331,10865,gift_card,2962
16332,10866,credit_card,754
16333,10867,coupon,423
16334,10868,bank_transfer,376
16335,10869,gift_card,2125
16336,10870,gift_card,2567
16337,10871,coupon,764
16338,10871,credit_card,2590
16339,10872,credit_card,2355
16340,10872,coupon,2907
16341,10873,gift_card,1183
16342,10873,gift_card,2873
16343,10874,bank_transfer,2276
16344,10875,bank_transfer,2759
16345,10876,credit_card,2453
16346,10877,coupon,1842
16347,10878,coupon,582
16348,10878,gift_card,508
16349,10879,credit_card,1776
16350,10880,credit_card,430
16351,10881,gift_card,917
16352,10881,gift_card,2830
16353,10882,gift_card,2200
16354,10882,gift_card,2977
16355,10883,bank_transfer,2455
16356,10884,bank_transfer,620
16357,10885,gift_card,517
16358,10886,bank_transfer,2559
16359,10887,bank_transfer,2838
16360,10887,credit_card,1632
16361,10888,gift_card,2672
16362,10888,coupon,1910
16363,10889,coupon,919
16364,10890,credit_card,2358
16365,10890,credit_card,2872
16366,10891,coupon,2561
16367,10892,gift_card,2735
16368,10892,coupon,2886
16369,10893,gift_card,1620
16370,10893,coupon,591
16371,10894,bank_transfer,1794
16372,10894,gift_card,2284
16373,10895,credit_card,1970
16374,10896,gift_card,443
16375,10896,gift_card,2757
16376,10897,gift_card,667
16377,10897,credit_card,521
16378,10898,gift_card,2493
16379,10898,coupon,1629
16380,10899,credit_card,1905
16381,10900,coupon,2402
16382,10900,gift_card,271
16383,10901,coupon,406
16384,10901,coupon,780
16385,10902,gift_card,1576
16386,10902,bank_transfer,674
16387,10903,bank_transfer,1787
16388,10904,bank_transfer,2309
16389,10904,bank_transfer,225
16390,10905,gift_card,703
16391,10906,bank_transfer,2760
16392,10906,gift_card,2639
16393,10907,coupon,1208
16394,10907,credit_card,933
16395,10908,bank_transfer,578
16396,10909,credit_card,407
16397,10909,gift_card,1363
16398,10910,credit_card,966
16399,10910,gift_card,1400
16400,10911,coupon,1514
16401,10912,bank_transfer,1627
16402,10912,credit_card,2742
16403,10913,bank_transfer,1214
16404,10914,bank_transfer,2006
16405,10915,coupon,1136
16406,10915,gift_card,539
16407,10916,coupon,1802
16408,10917,credit_card,2173
16409,10917,coupon,1003
16410,10918,gift_card,2953
16411,10919,coupon,2730
16412,10919,credit_card,2164
16413,10920,gift_card,1551
16414,10921,coupon,2544
16415,10921,coupon,2941
16416,10922,credit_card,2821
16417,10922,credit_card,165
16418,10923,bank_transfer,1637
16419,10923,bank_transfer,2225
16420,10924,gift_card,2587
16421,10925,gift_card,2352
16422,10926,bank_transfer,475
16423,10926,coupon,2971
16424,10927,gift_card,2374
16425,10928,coupon,619
16426,10928,credit_card,1154
16427,10929,coupon,320
16428,10930,gift_card,1135
16429,10930,gift_card,2482
16430,10931,credit_card,479
16431,10931,credit_card,2682
16432,10932,credit_card,1393
16433,10932,gift_card,264
16434,10933,coupon,277
16435,10933,coupon,335
16436,10934,gift_card,2634
16437,10935,credit_card,506
16438,10936,gift_card,1666
16439,10936,gift_card,758
16440,10937,credit_card,1534
16441,10938,coupon,1495
16442,10938,bank_transfer,2424
16443,10939,bank_transfer,1255
16444,10940,coupon,2102
16445,10940,credit_card,452
16446,10941,credit_card,1216
16447,10942,bank_transfer,1465
16448,10942,gift_card,1091
16449,10943,coupon,2685
16450,10944,credit_card,1190
16451,10944,credit_card,2039
16452,10945,coupon,2862
16453,10945,credit_card,2080
16454,10946,credit_card,703
16455,10946,gift_card,2259
16456,10947,coupon,891
16457,10947,coupon,454
16458,10948,coupon,599
16459,10948,coupon,1870
16460,10949,coupon,1190
16461,10950,gift_card,2733
16462,10950,gift_card,1159
16463,10951,bank_transfer,354
16464,10951,bank_transfer,1480
16465,10952,credit_card,1234
16466,10953,gift_card,533
16467,10954,gift_card,2633
16468,10955,bank_transfer,935
16469,10955,credit_card,611
16470,10956,coupon,2136
16471,10956,coupon,1740
16472,10957,bank_transfer,340
16473,10958,credit_card,2608
16474,10958,coupon,2552
16475,10959,coupon,409
16476,10959,bank_transfer,1967
16477,10960,credit_card,2034
16478,10960,credit_card,1294
16479,10961,bank_transfer,336
16480,10961,bank_transfer,2231
16481,10962,credit_card,1941
16482,10962,gift_card,1803
16483,10963,gift_card,1157
16484,10964,bank_transfer,2338
16485,10964,credit_card,2069
16486,10965,gift_card,2640
16487,10966,coupon,1066
16488,10966,coupon,2769
16489,10967,bank_transfer,2771
16490,10968,bank_transfer,557
16491,10969,coupon,2664
16492,10970,bank_transfer,1263
16493,10971,bank_transfer,2357
16494,10972,credit_card,1061
16495,10973,bank_transfer,1859
16496,10974,coupon,1662
16497,10975,bank_transfer,547
16498,10975,bank_transfer,2892
16499,10976,credit_card,598
16500,10977,coupon,1274
16501,10977,credit_card,1571
16502,10978,coupon,714
16503,10978,gift_card,744
16504,10979,gift_card,2332
16505,10980,bank_transfer,234
16506,10981,gift_card,1904
16507,10981,gift_card,2428
16508,10982,bank_transfer,2453
16509,10982,bank_transfer,1725
16510,10983,credit_card,2646
16511,10984,credit_card,1547
16512,10985,coupon,2322
16513,10985,coupon,2362
16514,10986,credit_card,474
16515,10986,coupon,2480
16516,10987,bank_transfer,2472
16517,10988,gift_card,1111
16518,10989,credit_card,2243
16519,10990,coupon,1901
16520,10990,gift_card,2950
16521,10991,gift_card,2452
16522,10992,credit_card,2289
16523,10992,coupon,1385
16524,10993,credit_card,1097
16525,10994,credit_card,1873
16526,10995,bank_transfer,1851
16527,10995,credit_card,2552
16528,10996,credit_card,2195
16529,10996,coupon,2065
16530,10997,credit_card,125
16531,10997,gift_card,2688
16532,10998,coupon,1867
16533,10998,bank_transfer,2948
16534,10999,coupon,326
16535,11000,credit_card,747
16536,11001,coupon,2033
16537,11002,bank_transfer,1596
16538,11003,credit_card,1715
16539,11003,bank_transfer,1469
16540,11004,credit_card,1306
16541,11004,credit_card,1855
16542,11005,bank_transfer,1642
16543,11005,bank_transfer,2301
16544,11006,coupon,1508
16545,11006,coupon,812
16546,11007,credit_card,2610
16547,11007,bank_transfer,1914
16548,11008,credit_card,2612
16549,11008,bank_transfer,2627
16550,11009,gift_card,1315
16551,11010,credit_card,2679
16552,11010,bank_transfer,901
16553,11011,coupon,837
16554,11011,coupon,2281
16555,11012,bank_transfer,1144
16556,11013,gift_card,1668
16557,11014,bank_transfer,1465
16558,11015,gift_card,1938
16559,11015,credit_card,1025
16560,11016,bank_transfer,715
16561,11017,credit_card,1675
16562,11017,credit_card,2514
16563,11018,gift_card,1824
16564,11018,coupon,907
16565,11019,gift_card,1538
16566,11019,credit_card,225
16567,11020,coupon,710
16568,11021,credit_card,2380
16569,11021,bank_transfer,919
16570,11022,coupon,1826
16571,11022,gift_card,592
16572,11023,bank_transfer,2538
16573,11024,bank_transfer,2913
16574,11024,gift_card,1069
16575,11025,gift_card,2416
16576,11025,credit_card,169
16577,11026,gift_card,1716
16578,11026,coupon,829
16579,11027,coupon,448
16580,11027,bank_transfer,2716
16581,11028,credit_card,926
16582,11029,coupon,2676
16583,11030,bank_transfer,1448
16584,11030,bank_transfer,496
16585,11031,credit_card,2871
16586,11031,bank_transfer,777
16587,11032,coupon,2867
16588,11033,gift_card,1928
16589,11033,coupon,2087
16590,11034,coupon,1394
16591,11034,gift_card,737
16592,11035,credit_card,2019
16593,11036,coupon,2773
16594,11037,coupon,1735
16595,11037,coupon,2879
16596,11038,coupon,1450
16597,11039,coupon,1010
16598,11039,credit_card,558
16599,11040,coupon,1807
16600,11040,gift_card,1406
16601,11041,coupon,2037
16602,11042,bank_transfer,280
16603,11043,credit_card,263
16604,11044,gift_card,2402
16605,11044,bank_transfer,1196
16606,11045,gift_card,254
16607,11046,coupon,1173
16608,11047,gift_card,470
16609,11048,gift_card,2941
16610,11049,gift_card,1035
16611,11049,coupon,1869
16612,11050,bank_transfer,1534
16613,11050,credit_card,541
16614,11051,bank_transfer,2500
16615,11052,coupon,2872
16616,11053,gift_card,1264
16617,11054,gift_card,1822
16618,11054,coupon,816
16619,11055,credit_card,1184
16620,11055,bank_transfer,2952
16621,11056,gift_card,1381
16622,11057,bank_transfer,2129
16623,11058,credit_card,152
16624,11059,gift_card,1642
16625,11060,credit_card,2134
16626,11061,credit_card,1762
16627,11062,credit_card,1607
16628,11062,gift_card,1723
16629,11063,coupon,381
16630,11064,coupon,2744
16631,11065,coupon,2654
16632,11065,credit_card,1172
16633,11066,gift_card,2474
16634,11067,coupon,2714
16635,11068,credit_card,1633
16636,11068,gift_card,243
16637,11069,credit_card,768
16638,11070,gift_card,2415
16639,11071,bank_transfer,1191
16640,11072,bank_transfer,2844
16641,11072,bank_transfer,2586
16642,11073,credit_card,2384
16643,11073,gift_card,2611
16644,11074,coupon,1879
16645,11074,credit_card,1354
16646,11075,gift_card,2459
16647,11075,bank_transfer,1351
16648,11076,bank_transfer,1365
16649,11077,bank_transfer,284
16650,11077,coupon,1400
16651,11078,gift_card,932
16652,11079,gift_card,1848
16653,11079,coupon,2796
16654,11080,gift_card,2642
16655,11080,bank_transfer,1881
16656,11081,gift_card,2487
16657,11081,bank_transfer,2167
16658,11082,gift_card,402
16659,11083,credit_card,1178
16660,11083,gift_card,2423
16661,11084,coupon,1943
16662,11084,credit_card,2738
16663,11085,coupon,2229
16664,11086,credit_card,1693
16665,11087,coupon,1462
16666,11087,gift_card,304
16667,11088,bank_transfer,2109
16668,11088,credit_card,1771
16669,11089,gift_card,2283
16670,11090,gift_card,340
16671,11090,bank_transfer,475
16672,11091,credit_card,601
16673,11092,bank_transfer,1736
16674,11092,coupon,748
16675,11093,gift_card,1531
16676,11094,bank_transfer,507
16677,11094,bank_transfer,2216
16678,11095,gift_card,1768
16679,11096,gift_card,155
16680,11097,gift_card,1871
16681,11097,bank_transfer,2864
16682,11098,coupon,2998
16683,11098,gift_card,925
16684,11099,gift_card,1481
16685,11099,coupon,2293
16686,11100,bank_transfer,413
16687,11100,credit_card,2997
16688,11101,bank_transfer,968
16689,11101,credit_card,1822
16690,11102,credit_card,2839
16691,11103,bank_transfer,478
16692,11104,coupon,642
16693,11105,coupon,2138
16694,11105,gift_card,1429
16695,11106,coupon,368
16696,11107,credit_card,1639
16697,11108,bank_transfer,2826
16698,11109,bank_transfer,575
16699,11109,credit_card,2816
16700,11110,coupon,1116
16701,11110,gift_card,1409
16702,11111,coupon,654
16703,11112,coupon,2052
16704,11113,credit_card,183
16705,11113,bank_transfer,724
16706,11114,bank_transfer,2593
16707,11115,gift_card,1628
16708,11115,gift_card,2620
16709,11116,bank_transfer,1280
16710,11116,gift_card,1029
16711,11117,credit_card,1456
16712,11118,coupon,980
16713,11119,coupon,1848
16714,11120,gift_card,2663
16715,11120,bank_transfer,2062
16716,11121,coupon,167
16717,11122,bank_transfer,1166
16718,11122,credit_card,1624
16719,11123,coupon,2646
16720,11124,coupon,885
16721,11125,coupon,2364
16722,11126,coupon,2688
16723,11127,credit_card,2468
16724,11128,gift_card,769
16725,11129,bank_transfer,1868
16726,11130,gift_card,2157
16727,11130,credit_card,1738
16728,11131,coupon,626
16729,11131,credit_card,2993
16730,11132,coupon,2009
16731,11132,gift_card,1788
16732,11133,credit_card,1915
16733,11134,bank_transfer,1580
16734,11134,coupon,2305
16735,11135,coupon,1046
16736,11136,bank_transfer,1950
16737,11136,coupon,1482
16738,11137,gift_card,953
16739,11138,credit_card,2588
16740,11139,gift_card,1322
16741,11139,coupon,2508
16742,11140,credit_card,297
16743,11141,bank_transfer,1577
16744,11141,bank_transfer,2202
16745,11142,credit_card,1209
16746,11143,coupon,403
16747,11143,bank_transfer,1082
16748,11144,bank_transfer,2724
16749,11144,credit_card,113
16750,11145,credit_card,917
16751,11146,coupon,1608
16752,11147,bank_transfer,1194
16753,11148,bank_transfer,2356
16754,11148,gift_card,2732
16755,11149,credit_card,1552
16756,11150,gift_card,1954
16757,11150,bank_transfer,392
16758,11151,credit_card,418
16759,11151,gift_card,2552
16760,11152,gift_card,2973
16761,11152,credit_card,234
16762,11153,credit_card,1617
16763,11153,coupon,673
16764,11154,gift_card,2557
16765,11155,gift_card,1615
16766,11155,bank_transfer,1728
16767,11156,gift_card,145
16768,11157,gift_card,1440
16769,11157,bank_transfer,2487
16770,11158,credit_card,2892
16771,11158,coupon,2559
16772,11159,credit_card,2928
16773,11160,credit_card,2166
16774,11161,coupon,844
16775,11162,coupon,1949
16776,11162,bank_transfer,2016
16777,11163,bank_transfer,2070
16778,11163,credit_card,1940
16779,11164,coupon,1023
16780,11164,coupon,1154
16781,11165,gift_card,536
16782,11166,credit_card,2163
16783,11166,coupon,2383
16784,11167,coupon,2956
16785,11168,coupon,538
16786,11168,bank_transfer,1645
16787,11169,credit_card,2661
16788,11169,credit_card,1690
16789,11170,credit_card,2562
16790,11170,gift_card,2721
16791,11171,credit_card,2598
16792,11172,coupon,214
16793,11172,credit_card,1667
16794,11173,coupon,1382
16795,11173,coupon,1688
16796,11174,credit_card,1453
16797,11174,credit_card,1554
16798,11175,credit_card,279
16799,11175,gift_card,1100
16800,11176,coupon,1081
16801,11176,credit_card,1178
16802,11177,gift_card,156
16803,11178,bank_transfer,1630
16804,11179,coupon,1845
16805,11179,bank_transfer,2534
16806,11180,bank_transfer,1816
16807,11181,bank_transfer,1304
16808,11181,credit_card,1834
16809,11182,coupon,1166
16810,11183,credit_card,926
16811,11183,gift_card,1901
16812,11184,coupon,2551
16813,11184,credit_card,1280
16814,11185,coupon,491
16815,11185,gift_card,2839
16816,11186,coupon,1711
16817,11186,bank_transfer,1438
16818,11187,bank_transfer,1757
16819,11187,gift_card,2006
16820,11188,bank_transfer,684
16821,11189,coupon,1939
16822,11190,bank_transfer,2592
16823,11191,bank_transfer,2749
16824,11192,credit_card,1846
16825,11192,gift_card,2023
16826,11193,gift_card,2913
16827,11193,gift_card,2454
16828,11194,credit_card,897
16829,11194,bank_transfer,1530
16830,11195,coupon,2770
16831,11195,credit_card,2315
16832,11196,bank_transfer,503
16833,11196,credit_card,1694
16834,11197,bank_transfer,2666
16835,11197,credit_card,226
16836,11198,credit_card,705
16837,11198,coupon,1653
16838,11199,coupon,2997
16839,11199,credit_card,1020
16840,11200,bank_transfer,279
16841,11200,gift_card,2369
16842,11201,coupon,1829
16843,11201,gift_card,908
16844,11202,bank_transfer,1151
16845,11202,credit_card,617
16846,11203,bank_transfer,2866
16847,11204,coupon,1159
16848,11205,gift_card,246
16849,11206,gift_card,1801
16850,11207,gift_card,2600
16851,11207,bank_transfer,918
16852,11208,gift_card,2708
16853,11209,credit_card,712
16854,11210,bank_transfer,910
16855,11211,bank_transfer,732
16856,11211,gift_card,662
16857,11212,credit_card,2115
16858,11212,bank_transfer,125
16859,11213,credit_card,1771
16860,11214,credit_card,919
16861,11214,bank_transfer,1718
16862,11215,gift_card,1517
16863,11216,gift_card,2688
16864,11216,credit_card,1169
16865,11217,gift_card,1251
16866,11217,bank_transfer,445
16867,11218,gift_card,2591
16868,11218,coupon,1492
16869,11219,bank_transfer,1615
16870,11220,gift_card,2480
16871,11221,gift_card,2929
16872,11221,gift_card,1406
16873,11222,gift_card,1926
16874,11223,credit_card,1547
16875,11223,credit_card,942
16876,11224,coupon,1533
16877,11224,bank_transfer,521
16878,11225,credit_card,2400
16879,11225,credit_card,2260
16880,11226,bank_transfer,134
16881,11227,bank_transfer,1883
16882,11227,bank_transfer,2889
16883,11228,coupon,403
16884,11229,credit_card,1747
16885,11230,gift_card,2808
16886,11231,gift_card,239
16887,11231,credit_card,2125
16888,11232,gift_card,2522
16889,11232,bank_transfer,1944
16890,11233,gift_card,2366
16891,11234,gift_card,1012
16892,11235,coupon,1145
16893,11235,coupon,676
16894,11236,bank_transfer,2309
16895,11237,gift_card,515
16896,11237,bank_transfer,2381
16897,11238,bank_transfer,1706
16898,11238,coupon,2861
16899,11239,gift_card,486
16900,11239,gift_card,1248
16901,11240,bank_transfer,2914
16902,11241,bank_transfer,2190
16903,11242,gift_card,905
16904,11243,credit_card,954
16905,11244,bank_transfer,2704
16906,11244,gift_card,1709
16907,11245,gift_card,799
16908,11246,credit_card,233
16909,11246,bank_transfer,2484
16910,11247,bank_transfer,1231
16911,11248,coupon,2053
16912,11248,credit_card,2025
16913,11249,gift_card,964
16914,11250,coupon,1344
16915,11250,gift_card,358
16916,11251,gift_card,567
16917,11251,bank_transfer,1630
16918,11252,bank_transfer,2480
16919,11253,gift_card,504
16920,11253,gift_card,936
16921,11254,gift_card,165
16922,11255,credit_card,1853
16923,11255,bank_transfer,2175
16924,11256,gift_card,2401
16925,11256,bank_transfer,1215
16926,11257,gift_card,953
16927,11258,credit_card,463
16928,11259,coupon,808
16929,11260,coupon,1481
16930,11261,gift_card,1131
16931,11261,bank_transfer,2237
16932,11262,credit_card,987
16933,11262,bank_transfer,2625
16934,11263,coupon,1591
16935,11263,gift_card,1391
16936,11264,coupon,981
16937,11264,credit_card,1074
16938,11265,credit_card,2157
16939,11266,bank_transfer,2936
16940,11266,credit_card,1903
16941,11267,gift_card,2256
16942,11267,credit_card,1959
16943,11268,coupon,563
16944,11268,bank_transfer,2722
16945,11269,gift_card,1783
16946,11270,bank_transfer,1317
16947,11270,credit_card,987
16948,11271,credit_card,2360
16949,11271,credit_card,533
16950,11272,bank_transfer,431
16951,11272,credit_card,2125
16952,11273,gift_card,1977
16953,11274,bank_transfer,804
16954,11274,gift_card,2564
16955,11275,bank_transfer,123
16956,11276,bank_transfer,842
16957,11277,coupon,1680
16958,11278,gift_card,1130
16959,11279,credit_card,2632
16960,11280,credit_card,646
16961,11281,gift_card,2886
16962,11282,credit_card,2745
16963,11283,credit_card,2216
16964,11283,gift_card,433
16965,11284,credit_card,1443
16966,11285,gift_card,1256
16967,11285,bank_transfer,1696
16968,11286,bank_transfer,2305
16969,11286,credit_card,990
16970,11287,coupon,2740
16971,11288,coupon,2510
16972,11288,coupon,1713
16973,11289,bank_transfer,1313
16974,11289,bank_transfer,1408
16975,11290,gift_card,1846
16976,11291,coupon,2145
16977,11291,credit_card,2184
16978,11292,credit_card,1871
16979,11292,gift_card,1253
16980,11293,coupon,101
16981,11293,coupon,919
16982,11294,gift_card,182
16983,11295,gift_card,1802
16984,11295,bank_transfer,409
16985,11296,coupon,211
16986,11296,gift_card,362
16987,11297,coupon,1054
16988,11297,credit_card,2196
16989,11298,credit_card,743
16990,11299,credit_card,591
16991,11299,credit_card,1436
16992,11300,bank_transfer,1336
16993,11301,gift_card,2430
16994,11301,bank_transfer,1550
16995,11302,coupon,1761
16996,11303,coupon,1419
16997,11304,credit_card,1281
16998,11304,coupon,538
16999,11305,credit_card,1598
17000,11306,gift_card,2012
17001,11307,gift_card,650
17002,11307,coupon,2028
17003,11308,coupon,2358
17004,11308,coupon,1092
17005,11309,bank_transfer,2241
17006,11310,coupon,2371
17007,11310,credit_card,2192
17008,11311,coupon,1578
17009,11311,coupon,218
17010,11312,credit_card,1301
17011,11312,gift_card,2378
17012,11313,credit_card,129
17013,11313,coupon,2860
17014,11314,credit_card,626
17015,11314,coupon,1739
17016,11315,bank_transfer,1147
17017,11315,gift_card,1515
17018,11316,bank_transfer,109
17019,11317,credit_card,413
17020,11318,bank_transfer,1096
17021,11318,bank_transfer,1963
17022,11319,gift_card,1136
17023,11320,gift_card,1728
17024,11321,coupon,532
17025,11321,bank_transfer,2452
17026,11322,coupon,1134
17027,11323,credit_card,616
17028,11323,gift_card,1645
17029,11324,bank_transfer,2311
17030,11325,credit_card,2440
17031,11326,bank_transfer,2102
17032,11326,credit_card,2245
17033,11327,bank_transfer,2688
17034,11328,bank_transfer,807
17035,11329,gift_card,354
17036,11329,bank_transfer,2941
17037,11330,coupon,400
17038,11330,gift_card,321
17039,11331,credit_card,2947
17040,11332,bank_transfer,1881
17041,11333,credit_card,2028
17042,11333,bank_transfer,2062
17043,11334,credit_card,1852
17044,11334,coupon,484
17045,11335,credit_card,2525
17046,11336,gift_card,2355
17047,11337,gift_card,392
17048,11338,bank_transfer,141
17049,11338,credit_card,1688
17050,11339,coupon,2975
17051,11339,credit_card,227
17052,11340,credit_card,716
17053,11341,gift_card,1423
17054,11341,credit_card,528
17055,11342,bank_transfer,1945
17056,11342,coupon,1552
17057,11343,gift_card,2461
17058,11343,gift_card,1296
17059,11344,coupon,317
17060,11345,bank_transfer,2643
17061,11345,credit_card,442
17062,11346,gift_card,2741
17063,11346,coupon,296
17064,11347,credit_card,380
17065,11347,gift_card,639
17066,11348,bank_transfer,2449
17067,11349,credit_card,1778
17068,11349,gift_card,2703
17069,11350,credit_card,2908
17070,11351,gift_card,2692
17071,11351,coupon,2108
17072,11352,coupon,2701
17073,11353,coupon,427
17074,11353,gift_card,1515
17075,11354,gift_card,1342
17076,11354,coupon,824
17077,11355,bank_transfer,2694
17078,11356,credit_card,2258
17079,11357,coupon,1767
17080,11358,bank_transfer,2538
17081,11359,credit_card,2999
17082,11360,credit_card,1333
17083,11360,gift_card,2151
17084,11361,gift_card,815
17085,11361,gift_card,1290
17086,11362,credit_card,1376
17087,11362,coupon,1452
17088,11363,bank_transfer,1265
17089,11363,coupon,466
17090,11364,bank_transfer,1645
17091,11364,bank_transfer,1574
17092,11365,credit_card,774
17093,11366,gift_card,2887
17094,11367,credit_card,1288
17095,11367,coupon,1131
17096,11368,coupon,897
17097,11368,bank_transfer,260
17098,11369,gift_card,1531
17099,11370,gift_card,638
17100,11371,coupon,1935
17101,11371,bank_transfer,2795
17102,11372,gift_card,445
17103,11372,credit_card,311
17104,11373,bank_transfer,1125
17105,11373,credit_card,1524
17106,11374,gift_card,2475
17107,11375,bank_transfer,2988
17108,11376,coupon,720
17109,11377,credit_card,1029
17110,11377,gift_card,1644
17111,11378,credit_card,545
17112,11378,gift_card,421
17113,11379,coupon,2712
17114,11380,bank_transfer,105
17115,11381,bank_transfer,2422
17116,11382,gift_card,422
17117,11383,credit_card,2328
17118,11383,gift_card,826
17119,11384,credit_card,207
17120,11384,coupon,1556
17121,11385,credit_card,1363
17122,11386,coupon,322
17123,11387,credit_card,806
17124,11387,bank_transfer,1163
17125,11388,credit_card,2596
17126,11388,credit_card,2784
17127,11389,gift_card,854
17128,11389,bank_transfer,408
17129,11390,credit_card,2780
17130,11391,credit_card,2163
17131,11392,coupon,283
17132,11392,coupon,1720
17133,11393,bank_transfer,2734
17134,11394,coupon,587
17135,11395,bank_transfer,2577
17136,11396,credit_card,266
17137,11396,credit_card,2995
17138,11397,gift_card,2147
17139,11398,credit_card,1153
17140,11398,coupon,1118
17141,11399,credit_card,865
17142,11400,gift_card,1560
17143,11400,gift_card,2905
17144,11401,coupon,1162
17145,11401,gift_card,370
17146,11402,coupon,2076
17147,11403,bank_transfer,2603
17148,11403,coupon,2773
17149,11404,bank_transfer,743
17150,11405,bank_transfer,2150
17151,11406,coupon,2129
17152,11406,bank_transfer,1930
17153,11407,credit_card,207
17154,11407,bank_transfer,1382
17155,11408,bank_transfer,1948
17156,11409,coupon,2105
17157,11409,gift_card,1595
17158,11410,bank_transfer,1839
17159,11411,credit_card,1244
17160,11412,coupon,1726
17161,11412,bank_transfer,750
17162,11413,credit_card,2873
17163,11413,gift_card,469
17164,11414,credit_card,1945
17165,11414,bank_transfer,2807
17166,11415,credit_card,431
17167,11415,credit_card,2476
17168,11416,coupon,671
17169,11417,bank_transfer,1631
17170,11417,credit_card,402
17171,11418,gift_card,838
17172,11419,coupon,2609
17173,11420,bank_transfer,1719
17174,11421,credit_card,1311
17175,11422,bank_transfer,1966
17176,11422,gift_card,2718
17177,11423,credit_card,1292
17178,11424,gift_card,2944
17179,11424,credit_card,1647
17180,11425,bank_transfer,249
17181,11425,credit_card,1225
17182,11426,credit_card,889
17183,11427,gift_card,2158
17184,11427,coupon,2349
17185,11428,gift_card,2006
17186,11428,gift_card,2908
17187,11429,credit_card,895
17188,11429,bank_transfer,1510
17189,11430,bank_transfer,2647
17190,11430,credit_card,1018
17191,11431,bank_transfer,911
17192,11431,coupon,2297
17193,11432,gift_card,1252
17194,11433,coupon,1208
17195,11433,coupon,919
17196,11434,coupon,809
17197,11434,bank_transfer,2938
17198,11435,coupon,1936
17199,11436,credit_card,2756
17200,11437,credit_card,1755
17201,11438,gift_card,1465
17202,11438,credit_card,1588
17203,11439,credit_card,2977
17204,11439,bank_transfer,2099
17205,11440,bank_transfer,2425
17206,11440,credit_card,1101
17207,11441,gift_card,724
17208,11442,gift_card,2535
17209,11443,gift_card,1049
17210,11443,gift_card,1533
17211,11444,credit_card,476
17212,11445,gift_card,450
17213,11446,coupon,185
17214,11446,bank_transfer,2781
17215,11447,coupon,776
17216,11448,bank_transfer,905
17217,11448,credit_card,1884
17218,11449,coupon,1268
17219,11449,gift_card,2330
17220,11450,bank_transfer,2519
17221,11451,bank_transfer,773
17222,11451,coupon,2407
17223,11452,bank_transfer,2866
17224,11453,credit_card,2562
17225,11454,gift_card,457
17226,11454,coupon,462
17227,11455,coupon,2484
17227,11455,gift_card,1381
17228,11456,coupon,313
17229,11457,coupon,2549
17230,11457,gift_card,598
17231,11458,gift_card,1150
17232,11459,gift_card,438
17233,11459,coupon,923
17234,11460,coupon,1286
17235,11461,coupon,1750
17236,11461,coupon,895
17237,11462,gift_card,114
17238,11462,coupon,1144
17239,11463,bank_transfer,2585
17240,11463,gift_card,1032
17241,11464,coupon,941
17242,11465,bank_transfer,1601
17243,11466,coupon,1010
17244,11467,credit_card,340
17245,11467,credit_card,2663
17246,11468,coupon,2328
17247,11468,gift_card,510
17248,11469,coupon,2949
17249,11469,coupon,1278
17250,11470,bank_transfer,2799
17251,11470,bank_transfer,900
17252,11471,gift_card,989
17253,11471,bank_transfer,2416
17254,11472,bank_transfer,798
17255,11473,gift_card,903
17256,11474,bank_transfer,1937
17257,11475,gift_card,2568
17258,11476,credit_card,2611
17259,11476,coupon,807
17260,11477,coupon,1871
17261,11477,coupon,2173
17262,11478,bank_transfer,122
17263,11478,gift_card,235
17264,11479,credit_card,2689
17265,11479,gift_card,1011
17266,11480,gift_card,1390
17267,11480,gift_card,1065
17268,11481,bank_transfer,2742
17269,11482,coupon,2554
17270,11483,credit_card,196
17271,11484,coupon,1103
17272,11485,gift_card,945
17273,11486,bank_transfer,1864
17274,11487,gift_card,635
17275,11487,bank_transfer,2772
17276,11488,credit_card,305
17277,11489,coupon,144
17278,11489,credit_card,627
17279,11490,gift_card,656
17280,11491,bank_transfer,2080
17281,11492,credit_card,2812
17282,11492,credit_card,1901
17283,11493,bank_transfer,760
17284,11494,gift_card,2751
17285,11494,bank_transfer,888
17286,11495,coupon,1799
17287,11496,bank_transfer,2001
17288,11496,coupon,2431
17289,11497,credit_card,728
17290,11497,gift_card,2569
17291,11498,gift_card,2958
17292,11499,coupon,2242
17293,11499,coupon,2467
17294,11500,credit_card,495
17295,11500,coupon,820
17296,11501,bank_transfer,1743
17297,11502,gift_card,1480
17298,11502,gift_card,1921
17299,11503,credit_card,1674
17300,11503,coupon,123
17301,11504,coupon,1703
17302,11505,coupon,2618
17303,11506,bank_transfer,759
17304,11506,coupon,2222
17305,11507,gift_card,2147
17306,11507,gift_card,1748
17307,11508,gift_card,932
17308,11509,bank_transfer,1121
17309,11509,bank_transfer,467
17310,11510,coupon,2152
17311,11510,coupon,2519
17312,11511,credit_card,443
17313,11512,gift_card,1595
17314,11512,bank_transfer,2767
17315,11513,bank_transfer,811
17316,11514,gift_card,780
17317,11514,credit_card,2893
17318,11515,bank_transfer,352
17319,11515,gift_card,839
17320,11516,credit_card,432
17321,11516,coupon,878
17322,11517,coupon,1856
17323,11518,credit_card,2523
17324,11519,coupon,2484
17325,11519,credit_card,2258
17326,11520,bank_transfer,2036
17327,11521,credit_card,2257
17328,11521,bank_transfer,590
17329,11522,credit_card,1450
17330,11522,coupon,1971
17331,11523,credit_card,148
17332,11523,credit_card,2562
17333,11524,coupon,2889
17334,11525,bank_transfer,1205
17335,11525,gift_card,2581
17336,11526,credit_card,114
17337,11526,bank_transfer,1707
17338,11527,coupon,1452
17339,11528,coupon,2189
17340,11528,gift_card,2065
17341,11529,credit_card,2482
17342,11530,coupon,858
17343,11530,coupon,930
17344,11531,bank_transfer,2821
17345,11531,coupon,667
17346,11532,coupon,1316
17347,11533,coupon,2351
17348,11534,coupon,2947
17349,11534,credit_card,2150
17350,11535,credit_card,2382
17351,11535,coupon,2322
17352,11536,gift_card,2484
17353,11536,coupon,1195
17354,11537,bank_transfer,155
17355,11537,credit_card,2709
17356,11538,bank_transfer,437
17357,11539,credit_card,2174
17358,11539,bank_transfer,768
17359,11540,bank_transfer,840
17360,11541,bank_transfer,1456
17361,11542,credit_card,1191
17362,11542,bank_transfer,546
17363,11543,bank_transfer,726
17364,11544,gift_card,1963
17365,11545,gift_card,967
17366,11546,credit_card,2338
17367,11546,bank_transfer,1057
17368,11547,coupon,1193
17369,11547,bank_transfer,533
17370,11548,coupon,2030
17371,11549,coupon,908
17372,11549,coupon,1482
17373,11550,coupon,117
17374,11550,credit_card,2881
17375,11551,coupon,1711
17376,11551,bank_transfer,2056
17377,11552,gift_card,2741
17378,11553,bank_transfer,265
17379,11554,bank_transfer,1767
17380,11555,credit_card,2373
17381,11556,bank_transfer,1423
17382,11557,gift_card,1274
17383,11557,coupon,317
17384,11558,gift_card,1100
17385,11558,coupon,808
17386,11559,credit_card,1827
17387,11559,credit_card,1026
17388,11560,coupon,2061
17389,11560,coupon,1851
17390,11561,gift_card,1465
17391,11562,gift_card,2303
17392,11563,coupon,2860
17393,11564,coupon,903
17394,11565,gift_card,2423
17395,11566,gift_card,1823
17396,11566,coupon,1021
17397,11567,bank_transfer,2019
17398,11568,bank_transfer,1796
17399,11569,bank_transfer,2347
17400,11569,credit_card,2336
17401,11570,gift_card,1472
17402,11570,coupon,2589
17403,11571,bank_transfer,2412
17404,11572,credit_card,2332
17405,11573,credit_card,849
17406,11573,bank_transfer,1688
17407,11574,gift_card,959
17408,11575,gift_card,2354
17409,11575,coupon,313
17410,11576,credit_card,2696
17411,11577,coupon,1458
17412,11577,coupon,1933
17413,11578,bank_transfer,2206
17414,11578,credit_card,2594
17415,11579,gift_card,2670
17416,11580,bank_transfer,168
17417,11581,credit_card,416
17418,11582,gift_card,2739
17419,11583,bank_transfer,149
17420,11584,gift_card,2119
17421,11585,coupon,2140
17422,11586,credit_card,644
17423,11586,credit_card,1946
17424,11587,coupon,165
17425,11588,gift_card,2518
17426,11589,bank_transfer,374
17427,11590,credit_card,1357
17428,11590,bank_transfer,2741
17429,11591,bank_transfer,1821
17430,11592,coupon,984
17431,11593,coupon,243
17432,11593,coupon,320
17433,11594,bank_transfer,1222
17434,11595,coupon,1543
17435,11596,bank_transfer,659
17436,11596,credit_card,2982
17437,11597,gift_card,2372
17438,11598,credit_card,2180
17439,11598,bank_transfer,2288
17440,11599,gift_card,2082
17441,11600,gift_card,1162
17442,11601,gift_card,815
17443,11601,gift_card,1942
17444,11602,bank_transfer,2284
17445,11602,credit_card,819
17446,11603,bank_transfer,704
17447,11603,bank_transfer,2603
17448,11604,bank_transfer,1692
17449,11605,gift_card,1775
17450,11606,bank_transfer,1396
17451,11606,credit_card,1217
17452,11607,bank_transfer,2226
17453,11608,bank_transfer,301
17454,11608,gift_card,1752
17455,11609,bank_transfer,1538
17456,11609,credit_card,1647
17457,11610,gift_card,989
17458,11610,coupon,2846
17459,11611,gift_card,604
17460,11612,bank_transfer,1311
17461,11613,coupon,2831
17462,11614,credit_card,2242
17463,11614,gift_card,1860
17464,11615,bank_transfer,2485
17465,11616,credit_card,1036
17466,11616,coupon,1605
17467,11617,gift_card,2583
17468,11617,bank_transfer,2077
17469,11618,gift_card,788
17470,11619,bank_transfer,352
17471,11619,bank_transfer,2725
17472,11620,bank_transfer,752
17473,11621,bank_transfer,1911
17474,11621,coupon,733
17475,11622,coupon,1497
17476,11623,bank_transfer,2926
17477,11623,coupon,1434
17478,11624,coupon,955
17479,11625,credit_card,2617
17480,11625,coupon,1131
17481,11626,gift_card,2078
17482,11626,bank_transfer,778
17483,11627,credit_card,1395
17484,11627,gift_card,1804
17485,11628,credit_card,2732
17486,11628,coupon,1303
17487,11629,bank_transfer,1244
17488,11629,bank_transfer,2680
17489,11630,credit_card,1838
17490,11631,bank_transfer,2175
17491,11632,gift_card,2780
17492,11632,gift_card,1821
17493,11633,coupon,2540
17494,11633,coupon,2729
17495,11634,bank_transfer,1258
17496,11635,gift_card,147
17497,11636,coupon,2159
17498,11637,coupon,1026
17499,11637,bank_transfer,1758
17500,11638,gift_card,1563
17501,11639,bank_transfer,2195
17502,11640,credit_card,662
17503,11641,gift_card,971
17504,11642,bank_transfer,2368
17505,11642,coupon,101
17506,11643,bank_transfer,1511
17507,11643,bank_transfer,2038
17508,11644,bank_transfer,332
17509,11645,bank_transfer,2578
17510,11645,gift_card,1267
17511,11646,gift_card,1128
17512,11647,bank_transfer,2506
17513,11647,bank_transfer,2264
17514,11648,bank_transfer,1928
17515,11648,bank_transfer,453
17516,11649,credit_card,886
17517,11649,gift_card,2685
17518,11650,coupon,1674
17519,11650,bank_transfer,2983
17520,11651,bank_transfer,342
17521,11652,credit_card,2836
17522,11652,bank_transfer,1483
17523,11653,coupon,2591
17524,11653,coupon,1617
17525,11654,gift_card,1089
17526,11654,bank_transfer,155
17527,11655,coupon,1881
17528,11656,coupon,1281
17529,11656,coupon,1590
17530,11657,credit_card,2292
17531,11658,coupon,791
17532,11658,gift_card,946
17533,11659,bank_transfer,2106
17534,11659,coupon,2280
17535,11660,gift_card,2404
17536,11661,credit_card,494
17537,11661,coupon,855
17538,11662,credit_card,2774
17539,11662,coupon,805
17540,11663,gift_card,318
17541,11663,bank_transfer,656
17542,11664,coupon,1352
17543,11665,gift_card,2923
17544,11666,credit_card,194
17545,11667,gift_card,927
17546,11667,gift_card,2907
17547,11668,gift_card,1569
17548,11668,coupon,1422
17549,11669,gift_card,1342
17550,11670,credit_card,337
17551,11670,gift_card,2620
17552,11671,bank_transfer,520
17553,11671,coupon,1812
17554,11672,coupon,1114
17555,11673,gift_card,2286
17556,11674,credit_card,817
17557,11675,gift_card,1474
17558,11675,gift_card,1899
17559,11676,coupon,1852
17560,11676,coupon,2192
17561,11677,credit_card,1434
17562,11677,coupon,1602
17563,11678,credit_card,1380
17564,11678,coupon,1837
17565,11679,credit_card,949
17566,11679,credit_card,489
17567,11680,credit_card,405
17568,11680,gift_card,1614
17569,11681,bank_transfer,2152
17570,11681,coupon,1278
17571,11682,gift_card,649
17572,11683,coupon,570
17573,11683,bank_transfer,622
17574,11684,credit_card,342
17575,11684,credit_card,196
17576,11685,coupon,1128
17577,11685,bank_transfer,688
17578,11686,coupon,1718
17579,11686,gift_card,1985
17580,11687,coupon,2280
17581,11687,credit_card,2309
17582,11688,gift_card,1771
17583,11688,bank_transfer,582
17584,11689,coupon,2254
17585,11689,credit_card,677
17586,11690,bank_transfer,1519
17587,11691,bank_transfer,714
17588,11692,bank_transfer,1799
17589,11693,credit_card,2731
17590,11693,gift_card,2647
17591,11694,coupon,1914
17592,11695,bank_transfer,1895
17593,11695,bank_transfer,466
17594,11696,coupon,188
17595,11696,coupon,1109
17596,11697,gift_card,2327
17597,11698,bank_transfer,2813
17598,11698,credit_card,959
17599,11699,coupon,1917
17600,11700,bank_transfer,947
17601,11700,coupon,1277
17602,11701,gift_card,2247
17603,11702,gift_card,1476
17604,11702,bank_transfer,1373
17605,11703,gift_card,415
17606,11703,gift_card,1361
17607,11704,bank_transfer,2231
17608,11705,gift_card,1163
17609,11705,bank_transfer,2363
17610,11706,gift_card,2995
17611,11706,coupon,1667
17612,11707,gift_card,1809
17613,11707,bank_transfer,2951
17614,11708,coupon,2621
17615,11709,gift_card,2055
17616,11710,credit_card,2424
17617,11710,gift_card,1215
17618,11711,gift_card,2895
17619,11712,coupon,1035
17620,11712,coupon,1178
17621,11713,credit_card,2348
17622,11713,credit_card,942
17623,11714,gift_card,2944
17624,11714,credit_card,2903
17625,11715,gift_card,1373
17626,11716,coupon,1116
17627,11717,bank_transfer,1211
17628,11718,bank_transfer,2008
17629,11719,coupon,2108
17630,11720,coupon,926
17631,11720,gift_card,708
17632,11721,coupon,1353
17633,11722,gift_card,116
17634,11722,credit_card,504
17635,11723,bank_transfer,716
17636,11724,coupon,798
17637,11724,coupon,334
17638,11725,gift_card,369
17639,11725,credit_card,253
17640,11726,bank_transfer,1199
17641,11726,credit_card,2480
17642,11727,gift_card,2827
17643,11728,coupon,679
17644,11728,bank_transfer,1438
17645,11729,coupon,2053
17646,11730,bank_transfer,2309
17647,11731,coupon,1690
17648,11732,bank_transfer,132
17649,11732,gift_card,2056
17650,11733,credit_card,2303
17651,11734,bank_transfer,2829
17652,11735,credit_card,1204
17653,11735,credit_card,1982
17654,11736,bank_transfer,1521
17655,11737,gift_card,1713
17656,11737,credit_card,170
17657,11738,bank_transfer,323
17658,11739,credit_card,1730
17659,11739,credit_card,1167
17660,11740,coupon,212
17661,11741,coupon,1647
17662,11742,bank_transfer,1211
17663,11743,gift_card,2396
17664,11743,bank_transfer,1842
17665,11744,gift_card,1302
17666,11745,bank_transfer,707
17667,11746,gift_card,965
17668,11746,credit_card,1543
17669,11747,credit_card,620
17670,11747,gift_card,2251
17671,11748,credit_card,541
17672,11748,coupon,1203
17673,11749,credit_card,1993
17674,11749,bank_transfer,215
17675,11750,coupon,664
17676,11751,bank_transfer,937
17677,11752,gift_card,588
17678,11753,credit_card,111
17679,11753,coupon,141
17680,11754,credit_card,1027
17681,11755,bank_transfer,2473
17682,11755,coupon,1281
17683,11756,coupon,1206
17684,11756,gift_card,2840
17685,11757,gift_card,1833
17686,11758,credit_card,113
17687,11759,coupon,874
17688,11760,bank_transfer,2337
17689,11760,bank_transfer,1074
17690,11761,gift_card,932
17691,11761,coupon,1458
17692,11762,gift_card,1946
17693,11763,bank_transfer,1499
17694,11763,coupon,772
17695,11764,credit_card,1115
17696,11765,gift_card,2145
17697,11766,bank_transfer,1608
17698,11766,bank_transfer,504
17699,11767,bank_transfer,1503
17700,11767,credit_card,145
17701,11768,bank_transfer,2044
17702,11768,bank_transfer,628
17703,11769,coupon,1164
17704,11770,bank_transfer,722
17705,11770,bank_transfer,1536
17706,11771,coupon,1489
17707,11772,bank_transfer,813
17708,11773,coupon,793
17709,11773,gift_card,733
17710,11774,credit_card,2995
17711,11774,coupon,2068
17712,11775,credit_card,561
17713,11776,bank_transfer,2150
17714,11776,coupon,1941
17715,11777,gift_card,756
17716,11778,gift_card,2969
17717,11778,coupon,1913
17718,11779,coupon,1668
17719,11780,bank_transfer,1094
17720,11780,gift_card,1351
17721,11781,credit_card,2203
17722,11782,bank_transfer,2336
17723,11782,bank_transfer,1475
17724,11783,credit_card,2288
17725,11784,coupon,2023
17726,11784,gift_card,2601
17727,11785,credit_card,211
17728,11786,credit_card,1928
17729,11787,credit_card,110
17730,11788,credit_card,1748
17731,11789,credit_card,2162
17732,11790,gift_card,1861
17733,11790,coupon,1354
17734,11791,bank_transfer,1696
17735,11791,coupon,1289
17736,11792,credit_card,1414
17737,11793,coupon,782
17738,11794,coupon,1238
17739,11795,gift_card,1613
17740,11796,bank_transfer,873
17741,11797,coupon,2983
17742,11798,gift_card,1475
17743,11799,coupon,859
17744,11799,coupon,1293
17745,11800,bank_transfer,1692
17746,11801,credit_card,2760
17747,11801,bank_transfer,228
17748,11802,coupon,2075
17749,11802,credit_card,225
17750,11803,credit_card,628
17751,11804,coupon,772
17752,11804,bank_transfer,2316
17753,11805,coupon,130
17754,11806,coupon,2736
17755,11806,gift_card,897
17756,11807,coupon,993
17757,11807,coupon,1432
17758,11808,gift_card,2689
17759,11808,bank_transfer,1710
17760,11809,gift_card,2747
17761,11810,bank_transfer,2259
17762,11810,gift_card,887
17763,11811,bank_transfer,1818
17764,11812,bank_transfer,2543
17765,11813,coupon,358
17766,11813,bank_transfer,1501
17767,11814,coupon,2677
17768,11814,bank_transfer,2336
17769,11815,coupon,2721
17770,11815,gift_card,1237
17771,11816,gift_card,2735
17772,11816,credit_card,669
17773,11817,coupon,2392
17774,11817,credit_card,1653
17775,11818,bank_transfer,886
17776,11818,credit_card,1439
17777,11819,bank_transfer,2260
17778,11819,gift_card,1680
17779,11820,bank_transfer,2459
17780,11821,bank_transfer,1631
17781,11821,credit_card,1191
17782,11822,coupon,2016
17783,11823,credit_card,1709
17784,11824,bank_transfer,392
17785,11825,gift_card,2708
17786,11825,bank_transfer,1477
17787,11826,credit_card,1749
17788,11827,coupon,2423
17789,11827,gift_card,2482
17790,11828,bank_transfer,2113
17791,11829,coupon,1602
17792,11830,gift_card,576
17793,11830,gift_card,1751
17794,11831,credit_card,2823
17795,11832,gift_card,1080
17796,11833,coupon,203
17797,11834,bank_transfer,2458
17798,11835,bank_transfer,1628
17799,11835,gift_card,2683
17800,11836,coupon,2032
17801,11836,credit_card,2905
17802,11837,bank_transfer,1629
17803,11837,coupon,2017
17804,11838,coupon,1259
17805,11839,credit_card,2023
17806,11840,bank_transfer,2797
17807,11841,credit_card,668
17808,11841,gift_card,2928
17809,11842,coupon,1781
17810,11843,gift_card,2109
17811,11843,coupon,1388
17812,11844,coupon,782
17813,11845,credit_card,2333
17814,11846,gift_card,1002
17815,11846,gift_card,1262
17816,11847,gift_card,2704
17817,11847,bank_transfer,2115
17818,11848,gift_card,1590
17819,11848,bank_transfer,987
17820,11849,coupon,2253
17821,11850,gift_card,600
17822,11850,credit_card,2279
17823,11851,credit_card,2207
17824,11852,gift_card,2044
17825,11852,credit_card,502
17826,11853,coupon,1696
17827,11853,bank_transfer,1597
17828,11854,coupon,2195
17829,11854,bank_transfer,2996
17830,11855,bank_transfer,1670
17831,11855,gift_card,1378
17832,11856,gift_card,1958
17833,11857,credit_card,2832
17834,11857,credit_card,2425
17835,11858,credit_card,2796
17836,11859,bank_transfer,710
17837,11859,gift_card,1608
17838,11860,coupon,835
17839,11860,bank_transfer,1754
17840,11861,credit_card,493
17841,11861,gift_card,2851
17842,11862,coupon,1207
17843,11863,credit_card,2561
17844,11864,gift_card,2704
17845,11865,bank_transfer,1326
17846,11866,gift_card,2097
17847,11866,bank_transfer,1393
17848,11867,coupon,2290
17849,11867,gift_card,1502
17850,11868,bank_transfer,167
17851,11868,bank_transfer,2938
17852,11869,credit_card,2273
17853,11870,credit_card,2975
17854,11871,bank_transfer,594
17855,11871,gift_card,2809
17856,11872,credit_card,2357
17857,11873,gift_card,484
17858,11874,coupon,2185
17859,11875,coupon,870
17860,11876,coupon,1437
17861,11877,bank_transfer,1656
17862,11877,bank_transfer,1755
17863,11878,credit_card,1307
17864,11878,bank_transfer,1193
17865,11879,gift_card,1795
17866,11880,credit_card,557
17867,11881,bank_transfer,2704
17868,11881,gift_card,2700
17869,11882,gift_card,1108
17870,11882,bank_transfer,695
17871,11883,credit_card,1127
17872,11884,credit_card,1839
17873,11884,credit_card,1274
17874,11885,coupon,2848
17875,11885,coupon,2972
17876,11886,gift_card,2334
17877,11886,credit_card,2006
17878,11887,credit_card,795
17879,11887,coupon,2908
17880,11888,credit_card,2888
17881,11888,credit_card,2168
17882,11889,credit_card,2499
17883,11890,coupon,453
17884,11891,bank_transfer,2990
17885,11892,bank_transfer,1071
17886,11893,gift_card,2421
17887,11894,bank_transfer,2631
17888,11895,credit_card,1030
17889,11896,coupon,243
17889,11897,credit_card,287
17890,11897,coupon,191
17891,11898,credit_card,2511
17892,11898,credit_card,2327
17893,11899,coupon,2313
17894,11900,bank_transfer,1247
17895,11900,coupon,763
17896,11901,gift_card,1645
17897,11902,credit_card,1581
17898,11902,coupon,1711
17899,11903,credit_card,1290
17900,11903,credit_card,1921
17901,11904,bank_transfer,192
17902,11904,credit_card,679
17903,11905,coupon,2124
17904,11906,bank_transfer,2168
17905,11906,bank_transfer,421
17906,11907,gift_card,441
17907,11907,coupon,1224
17908,11908,coupon,2014
17909,11908,credit_card,1947
17910,11909,credit_card,2032
17911,11909,gift_card,1375
17912,11910,coupon,669
17913,11910,credit_card,2474
17914,11911,bank_transfer,327
17915,11911,gift_card,1626
17916,11912,bank_transfer,1185
17917,11913,bank_transfer,876
17918,11914,coupon,1325
17919,11915,credit_card,749
17920,11915,coupon,1609
17921,11916,credit_card,602
17922,11916,bank_transfer,1960
17923,11917,bank_transfer,1472
17924,11917,credit_card,2497
17925,11918,coupon,2102
17926,11919,coupon,650
17927,11919,coupon,1376
17928,11920,bank_transfer,661
17929,11921,bank_transfer,2027
17930,11922,gift_card,1520
17931,11923,credit_card,1544
17932,11923,credit_card,221
17933,11924,credit_card,2793
17934,11924,credit_card,2347
17935,11925,credit_card,1068
17936,11926,bank_transfer,2009
17937,11927,coupon,2854
17938,11928,coupon,155
17939,11929,coupon,1423
17940,11930,bank_transfer,601
17941,11931,gift_card,976
17942,11932,bank_transfer,896
17943,11933,coupon,1190
17944,11933,coupon,977
17945,11934,gift_card,2796
17946,11934,credit_card,2130
17947,11935,coupon,2349
17948,11935,gift_card,2582
17949,11936,credit_card,2516
17950,11937,credit_card,282
17951,11937,gift_card,687
17952,11938,gift_card,181
17953,11939,bank_transfer,2258
17954,11940,bank_transfer,1383
17955,11940,coupon,2767
17956,11941,gift_card,2528
17957,11941,coupon,1108
17958,11942,coupon,1872
17959,11942,bank_transfer,1824
17960,11943,coupon,2984
17961,11943,bank_transfer,1517
17962,11944,coupon,2366
17963,11945,bank_transfer,1541
17964,11945,credit_card,1248
17965,11946,credit_card,2993
17966,11947,credit_card,2920
17967,11948,gift_card,2995
17968,11948,gift_card,477
17969,11949,credit_card,1197
17970,11950,gift_card,333
17971,11951,credit_card,2718
17972,11951,coupon,162
17973,11952,coupon,2109
17974,11953,credit_card,1757
17975,11953,gift_card,1905
17976,11954,gift_card,2723
17977,11955,bank_transfer,875
17978,11955,bank_transfer,842
17979,11956,coupon,375
17980,11957,credit_card,2287
17981,11958,bank_transfer,2725
17982,11959,bank_transfer,1708
17983,11960,credit_card,320
17984,11961,gift_card,599
17985,11961,coupon,2528
17986,11962,bank_transfer,755
17987,11963,gift_card,115
17988,11963,coupon,2186
17989,11964,bank_transfer,2579
17990,11965,credit_card,2361
17991,11965,gift_card,2767
17992,11966,bank_transfer,1501
17993,11966,coupon,392
17994,11967,bank_transfer,2355
17995,11967,gift_card,804
17996,11968,gift_card,1209
17997,11969,gift_card,2114
17998,11970,bank_transfer,2483
17999,11971,coupon,2670
18000,11971,bank_transfer,1301
18001,11972,bank_transfer,2548
18002,11972,credit_card,1183
18003,11973,gift_card,1957
18004,11973,gift_card,2518
18005,11974,bank_transfer,1759
18006,11975,credit_card,1653
18007,11975,coupon,945
18008,11976,credit_card,1052
18009,11977,gift_card,1001
18010,11977,bank_transfer,1756
18011,11978,gift_card,1738
18012,11978,credit_card,1502
18013,11979,credit_card,2053
18014,11979,gift_card,888
18015,11980,gift_card,591
18016,11980,bank_transfer,452
18017,11981,bank_transfer,2365
18018,11982,bank_transfer,1260
18019,11982,coupon,2654
18020,11983,bank_transfer,2738
18021,11984,bank_transfer,488
18022,11985,coupon,512
18023,11985,gift_card,2034
18024,11986,bank_transfer,2309
18025,11987,bank_transfer,746
18026,11988,gift_card,1418
18027,11988,bank_transfer,2842
18028,11989,bank_transfer,278
18029,11990,credit_card,2183
18030,11991,coupon,2818
18031,11992,coupon,203
18032,11992,credit_card,1444
18033,11993,credit_card,1928
18034,11994,coupon,1480
18035,11995,gift_card,2320
18036,11996,credit_card,1717
18037,11996,credit_card,1481
18038,11997,credit_card,114
18039,11997,coupon,1267
18040,11998,gift_card,1125
18041,11999,bank_transfer,1987
18042,12000,bank_transfer,204
18043,12001,credit_card,2605
18044,12002,bank_transfer,1407
18045,12002,coupon,570
18046,12003,credit_card,1130
18047,12003,credit_card,2084
18048,12004,gift_card,682
18049,12004,bank_transfer,1597
18050,12005,credit_card,1327
18051,12006,credit_card,1652
18052,12007,coupon,2889
18053,12008,gift_card,1912
18054,12009,coupon,1347
18055,12010,gift_card,1191
18056,12010,bank_transfer,431
18057,12011,gift_card,2699
18058,12012,bank_transfer,2720
18059,12012,coupon,1261
18060,12013,credit_card,1536
18061,12014,bank_transfer,492
18062,12014,credit_card,1417
18063,12015,credit_card,2023
18064,12016,credit_card,2113
18065,12016,coupon,2657
18066,12017,gift_card,1379
18067,12017,credit_card,152
18068,12018,coupon,1798
18069,12019,credit_card,2303
18070,12020,bank_transfer,2941
18071,12020,bank_transfer,1413
18072,12021,bank_transfer,524
18073,12021,credit_card,870
18074,12022,credit_card,1579
18075,12023,gift_card,2884
18076,12023,coupon,206
18077,12024,coupon,671
18078,12025,coupon,1067
18079,12026,coupon,2327
18080,12026,credit_card,298
18081,12027,coupon,945
18082,12027,coupon,1930
18083,12028,gift_card,1016
18084,12029,credit_card,814
18085,12030,bank_transfer,704
18086,12030,bank_transfer,2602
18087,12031,bank_transfer,1226
18088,12032,bank_transfer,2975
18089,12033,gift_card,1072
18090,12034,coupon,1445
18091,12034,credit_card,1486
18092,12035,bank_transfer,2218
18093,12036,bank_transfer,168
18094,12036,bank_transfer,1413
18095,12037,coupon,268
18096,12038,gift_card,2909
18097,12039,credit_card,2897
18098,12040,credit_card,2288
18099,12041,coupon,2713
18100,12042,credit_card,2571
18101,12042,bank_transfer,1663
18102,12043,coupon,1301
18103,12043,bank_transfer,804
18104,12044,coupon,627
18105,12044,bank_transfer,242
18106,12045,credit_card,535
18107,12046,gift_card,1022
18108,12047,coupon,1426
18109,12048,bank_transfer,1870
18110,12048,gift_card,299
18111,12049,gift_card,1363
18112,12050,coupon,677
18113,12050,credit_card,1387
18114,12051,coupon,1243
18115,12051,gift_card,497
18116,12052,gift_card,107
18117,12052,bank_transfer,1972
18118,12053,bank_transfer,1183
18119,12053,bank_transfer,2263
18120,12054,gift_card,2449
18121,12054,credit_card,1293
18122,12055,gift_card,1817
18123,12055,bank_transfer,1144
18124,12056,gift_card,286
18125,12057,bank_transfer,1165
18126,12058,gift_card,1983
18127,12059,credit_card,309
18128,12059,bank_transfer,2535
18129,12060,bank_transfer,1865
18130,12060,gift_card,896
18131,12061,coupon,2775
18132,12061,credit_card,904
18133,12062,gift_card,152
18134,12063,bank_transfer,2205
18135,12063,gift_card,1265
18136,12064,credit_card,559
18137,12064,coupon,1286
18138,12065,gift_card,150
18139,12066,bank_transfer,874
18140,12067,credit_card,404
18141,12067,coupon,2980
18142,12068,credit_card,283
18143,12069,bank_transfer,558
18144,12069,coupon,237
18145,12070,coupon,358
18146,12070,credit_card,1895
18147,12071,coupon,2314
18148,12071,gift_card,1948
18149,12072,bank_transfer,633
18150,12072,credit_card,858
18151,12073,bank_transfer,808
18152,12073,gift_card,508
18153,12074,bank_transfer,457
18154,12074,bank_transfer,2025
18155,12075,coupon,1470
18156,12076,coupon,2862
18157,12077,bank_transfer,1135
18158,12078,credit_card,1926
18159,12079,coupon,981
18160,12080,bank_transfer,2111
18161,12080,coupon,1386
18162,12081,bank_transfer,988
18163,12081,credit_card,2711
18164,12082,coupon,1341
18165,12082,credit_card,1196
18166,12083,bank_transfer,1857
18167,12084,coupon,2173
18168,12085,coupon,2126
18169,12085,coupon,2825
18170,12086,bank_transfer,1878
18171,12087,gift_card,1315
18172,12088,bank_transfer,2005
18173,12088,bank_transfer,1765
18174,12089,bank_transfer,1793
18175,12089,coupon,2054
18176,12090,credit_card,1471
18177,12091,coupon,2056
18178,12091,gift_card,433
18179,12092,bank_transfer,2289
18180,12093,coupon,2868
18181,12094,gift_card,295
18182,12095,coupon,2074
18183,12095,coupon,1157
18184,12096,coupon,2645
18185,12097,coupon,2783
18186,12097,coupon,2867
18187,12098,gift_card,2046
18188,12099,bank_transfer,1019
18189,12099,gift_card,1247
18190,12100,bank_transfer,1043
18191,12101,credit_card,743
18192,12101,credit_card,575
18193,12102,credit_card,1118
18194,12102,coupon,1422
18195,12103,coupon,1178
18196,12103,gift_card,1234
18197,12104,gift_card,462
18198,12105,coupon,1506
18199,12105,gift_card,2872
18200,12106,coupon,1708
18201,12106,coupon,1830
18202,12107,bank_transfer,1710
18203,12108,coupon,1231
18204,12108,credit_card,1831
18205,12109,bank_transfer,1600
18206,12109,gift_card,486
18207,12110,bank_transfer,2647
18208,12110,gift_card,1369
18209,12111,credit_card,2415
18210,12112,coupon,1693
18211,12112,credit_card,1055
18212,12113,coupon,2922
18213,12114,gift_card,2865
18214,12114,gift_card,2372
18215,12115,coupon,2430
18216,12115,coupon,2681
18217,12116,gift_card,541
18218,12117,gift_card,2963
18219,12117,bank_transfer,577
18220,12118,coupon,221
18221,12119,coupon,2885
18222,12120,credit_card,1811
18223,12121,coupon,174
18224,12122,gift_card,1200
18225,12122,bank_transfer,1284
18226,12123,coupon,1340
18227,12124,gift_card,787
18228,12124,gift_card,1733
18229,12125,coupon,1832
18230,12126,gift_card,1242
18231,12127,gift_card,2552
18232,12128,bank_transfer,2344
18233,12129,gift_card,140
18234,12129,credit_card,2449
18235,12130,coupon,1531
18236,12130,coupon,2232
18237,12131,coupon,1900
18238,12132,bank_transfer,2838
18239,12133,gift_card,1204
18240,12133,gift_card,741
18241,12134,coupon,227
18242,12135,gift_card,522
18243,12136,coupon,573
18244,12137,bank_transfer,2474
18245,12138,gift_card,2471
18246,12139,gift_card,2466
18247,12139,credit_card,1086
18248,12140,bank_transfer,2205
18249,12140,gift_card,1622
18250,12141,bank_transfer,1250
18251,12141,bank_transfer,1823
18252,12142,bank_transfer,2603
18253,12142,gift_card,1672
18254,12143,bank_transfer,1017
18255,12144,coupon,239
18256,12145,gift_card,550
18257,12145,coupon,274
18258,12146,bank_transfer,1519
18259,12146,gift_card,1894
18260,12147,coupon,763
18261,12148,bank_transfer,1840
18262,12149,gift_card,2902
18263,12149,bank_transfer,221
18264,12150,gift_card,1269
18265,12150,gift_card,1614
18266,12151,bank_transfer,2019
18267,12152,coupon,433
18268,12153,gift_card,1090
18269,12153,gift_card,486
18270,12154,coupon,2291
18271,12155,bank_transfer,1333
18272,12155,credit_card,1625
18273,12156,credit_card,1257
18274,12156,bank_transfer,2819
18275,12157,credit_card,2971
18276,12158,coupon,2937
18277,12158,coupon,1026
18278,12159,coupon,2413
18279,12159,gift_card,2138
18280,12160,coupon,1099
18281,12161,coupon,2099
18282,12162,coupon,2736
18283,12163,credit_card,905
18284,12164,bank_transfer,1741
18285,12165,credit_card,259
18286,12166,gift_card,421
18287,12167,coupon,2355
18288,12167,credit_card,950
18289,12168,bank_transfer,2473
18290,12169,coupon,2853
18291,12170,coupon,2562
18292,12170,gift_card,666
18293,12171,gift_card,2449
18294,12171,gift_card,2960
18295,12172,credit_card,570
18296,12173,gift_card,1014
18297,12173,credit_card,1103
18298,12174,credit_card,1650
18299,12175,gift_card,530
18300,12175,credit_card,241
18301,12176,coupon,2068
18302,12176,gift_card,2357
18303,12177,gift_card,1695
18304,12177,bank_transfer,336
18305,12178,gift_card,1265
18306,12179,gift_card,2350
18307,12179,bank_transfer,1478
18308,12180,bank_transfer,1929
18309,12180,credit_card,1225
18310,12181,gift_card,1853
18311,12181,coupon,2306
18312,12182,credit_card,1095
18313,12183,credit_card,789
18314,12184,bank_transfer,1763
18315,12185,bank_transfer,920
18316,12185,gift_card,2502
18317,12186,credit_card,2315
18318,12187,gift_card,717
18319,12188,gift_card,2104
18320,12188,credit_card,110
18321,12189,gift_card,1201
18322,12189,bank_transfer,290
18323,12190,gift_card,2180
18324,12191,credit_card,2075
18325,12191,bank_transfer,2830
18326,12192,credit_card,481
18327,12193,gift_card,1137
18328,12194,bank_transfer,2676
18329,12195,gift_card,1184
18330,12195,bank_transfer,1924
18331,12196,coupon,638
18332,12196,credit_card,634
18333,12197,bank_transfer,1032
18334,12198,coupon,2653
18335,12198,credit_card,482
18336,12199,bank_transfer,1009
18337,12200,coupon,929
18338,12200,bank_transfer,560
18339,12201,bank_transfer,774
18340,12202,bank_transfer,468
18341,12202,bank_transfer,1485
18342,12203,credit_card,1004
18343,12203,bank_transfer,2017
18344,12204,credit_card,361
18345,12204,bank_transfer,621
18346,12205,gift_card,2713
18347,12205,bank_transfer,1330
18348,12206,credit_card,1167
18349,12206,gift_card,2748
18350,12207,credit_card,1156
18351,12207,credit_card,1452
18352,12208,coupon,1622
18353,12208,bank_transfer,491
18354,12209,gift_card,354
18355,12209,credit_card,2585
18356,12210,credit_card,848
18357,12210,coupon,340
18358,12211,bank_transfer,2453
18359,12212,coupon,501
18360,12213,credit_card,1472
18361,12214,credit_card,1486
18362,12215,coupon,2318
18363,12216,gift_card,692
18364,12216,coupon,1912
18365,12217,gift_card,2163
18366,12217,bank_transfer,1148
18367,12218,credit_card,2292
18368,12218,gift_card,135
18369,12219,credit_card,1590
18370,12220,bank_transfer,355
18371,12220,bank_transfer,1110
18372,12221,coupon,975
18373,12221,gift_card,2585
18374,12222,bank_transfer,564
18375,12223,bank_transfer,1466
18376,12223,coupon,1931
18377,12224,gift_card,1645
18378,12225,coupon,283
18379,12225,coupon,2740
18380,12226,bank_transfer,365
18381,12226,credit_card,920
18382,12227,credit_card,1955
18383,12227,gift_card,1196
18384,12228,credit_card,1861
18385,12228,coupon,1653
18386,12229,coupon,329
18387,12230,gift_card,2773
18388,12230,bank_transfer,2951
18389,12231,credit_card,1032
18390,12231,gift_card,977
18391,12232,bank_transfer,2193
18392,12233,gift_card,860
18393,12234,credit_card,2387
18394,12235,gift_card,1651
18395,12235,gift_card,1058
18396,12236,gift_card,927
18397,12237,credit_card,1541
18398,12237,bank_transfer,1415
18399,12238,gift_card,456
18400,12238,gift_card,1540
18401,12239,credit_card,1210
18402,12240,credit_card,1809
18403,12241,gift_card,1342
18404,12242,bank_transfer,659
18405,12242,gift_card,464
18406,12243,coupon,1784
18407,12244,bank_transfer,2700
18408,12244,credit_card,1859
18409,12245,gift_card,1191
18410,12246,credit_card,948
18411,12247,credit_card,2944
18412,12248,gift_card,1248
18413,12249,bank_transfer,1253
18414,12250,bank_transfer,2154
18415,12250,gift_card,284
18416,12251,bank_transfer,1692
18417,12251,bank_transfer,775
18418,12252,coupon,493
18419,12252,credit_card,1256
18420,12253,credit_card,2057
18421,12253,credit_card,2506
18422,12254,gift_card,2949
18423,12255,gift_card,2736
18424,12255,bank_transfer,602
18425,12256,gift_card,1328
18426,12257,credit_card,1578
18427,12258,bank_transfer,2273
18428,12258,gift_card,1978
18429,12259,coupon,2547
18430,12260,coupon,966
18431,12261,gift_card,2491
18432,12262,bank_transfer,2201
18433,12262,gift_card,204
18434,12263,bank_transfer,585
18435,12263,bank_transfer,2092
18436,12264,gift_card,879
18437,12265,bank_transfer,1217
18438,12265,credit_card,2999
18439,12266,gift_card,1108
18440,12266,coupon,2514
18441,12267,coupon,209
18442,12268,coupon,2300
18443,12268,coupon,569
18444,12269,coupon,174
18445,12270,bank_transfer,881
18446,12271,bank_transfer,921
18447,12271,gift_card,2283
18448,12272,coupon,664
18449,12273,bank_transfer,1307
18450,12274,gift_card,2592
18451,12274,gift_card,2116
18452,12275,credit_card,1564
18453,12276,coupon,1933
18454,12277,bank_transfer,177
18455,12277,credit_card,2730
18456,12278,gift_card,2494
18457,12278,gift_card,2543
18458,12279,gift_card,2758
18459,12279,bank_transfer,2827
18460,12280,credit_card,200
18461,12281,bank_transfer,2675
18462,12281,credit_card,288
18463,12282,bank_transfer,855
18464,12282,coupon,999
18465,12283,gift_card,1577
18466,12283,credit_card,400
18467,12284,credit_card,1202
18468,12285,coupon,2835
18469,12285,coupon,1056
18470,12286,gift_card,238
18471,12286,gift_card,1529
18472,12287,credit_card,1406
18473,12287,coupon,958
18474,12288,coupon,2975
18475,12288,credit_card,1020
18476,12289,credit_card,147
18477,12290,gift_card,2554
18478,12291,gift_card,1829
18479,12291,bank_transfer,2998
18480,12292,credit_card,2348
18481,12293,bank_transfer,414
18482,12293,bank_transfer,2121
18483,12294,bank_transfer,1724
18484,12295,coupon,1363
18485,12296,credit_card,449
18486,12297,coupon,990
18487,12298,bank_transfer,1608
18488,12299,bank_transfer,704
18489,12299,coupon,2099
18490,12300,coupon,1293
18491,12300,credit_card,2673
18492,12301,bank_transfer,2673
18493,12302,gift_card,2676
18494,12302,bank_transfer,500
18495,12303,credit_card,1026
18496,12303,gift_card,1034
18497,12304,gift_card,199
18498,12305,coupon,515
18499,12305,bank_transfer,224
18500,12306,credit_card,758
18501,12307,credit_card,504
18502,12308,credit_card,377
18503,12308,gift_card,2044
18504,12309,bank_transfer,651
18505,12309,credit_card,1647
18506,12310,bank_transfer,1667
18507,12311,bank_transfer,1085
18508,12311,bank_transfer,2762
18509,12312,credit_card,1876
18510,12313,coupon,1833
18511,12313,bank_transfer,2155
18512,12314,credit_card,1801
18513,12314,credit_card,486
18514,12315,gift_card,2840
18515,12315,coupon,2461
18516,12316,gift_card,1589
18517,12317,bank_transfer,1451
18518,12317,gift_card,1939
18519,12318,gift_card,574
18520,12318,bank_transfer,1949
18521,12319,bank_transfer,423
18522,12320,credit_card,134
18523,12321,bank_transfer,1637
18524,12321,coupon,910
18525,12322,credit_card,987
18526,12323,coupon,848
18527,12323,bank_transfer,852
18528,12324,coupon,1796
18529,12325,bank_transfer,1614
18530,12325,coupon,2976
18531,12326,gift_card,2478
18532,12326,gift_card,2051
18533,12327,coupon,1076
18534,12328,credit_card,2769
18535,12329,gift_card,368
18536,12329,bank_transfer,2690
18537,12330,coupon,2508
18538,12331,gift_card,1200
18539,12332,credit_card,2838
18540,12333,bank_transfer,2784
18541,12334,gift_card,966
18542,12335,credit_card,2895
18543,12336,gift_card,1938
18544,12337,coupon,495
18545,12337,coupon,2341
18546,12338,gift_card,2585
18547,12339,credit_card,685
18548,12339,gift_card,1448
18549,12340,bank_transfer,891
18550,12340,gift_card,2174
18551,12341,credit_card,2688
18552,12342,gift_card,932
18553,12342,coupon,602
18554,12343,gift_card,1328
18555,12343,coupon,724
18556,12344,bank_transfer,2187
18557,12345,credit_card,993
18558,12345,gift_card,1065
18559,12346,gift_card,2565
18560,12346,gift_card,2460
18561,12347,gift_card,1253
18562,12348,bank_transfer,1631
18563,12348,bank_transfer,1210
18564,12349,coupon,2253
18565,12349,bank_transfer,1137
18566,12350,credit_card,1916
18567,12351,coupon,2883
18568,12351,gift_card,303
18569,12352,credit_card,2151
18570,12352,bank_transfer,2374
18571,12353,gift_card,2710
18572,12353,coupon,1307
18573,12354,bank_transfer,1569
18574,12355,gift_card,724
18575,12356,credit_card,1666
18576,12357,coupon,1068
18577,12357,coupon,2549
18578,12358,coupon,889
18579,12359,gift_card,1208
18580,12360,credit_card,2983
18581,12360,bank_transfer,1561
18582,12361,bank_transfer,2033
18583,12362,bank_transfer,1040
18584,12362,bank_transfer,745
18585,12363,bank_transfer,2981
18586,12363,coupon,1311
18587,12364,credit_card,2498
18588,12364,coupon,1033
18589,12365,coupon,2474
18590,12366,bank_transfer,374
18591,12366,bank_transfer,1397
18592,12367,credit_card,2013
18593,12368,gift_card,1203
18594,12369,bank_transfer,2661
18595,12370,credit_card,915
18596,12370,gift_card,285
18597,12371,gift_card,2640
18598,12372,coupon,2091
18599,12373,gift_card,1207
18600,12373,coupon,1229
18601,12374,gift_card,2561
18602,12374,coupon,242
18603,12375,gift_card,242
18604,12376,coupon,2880
18605,12376,credit_card,2696
18606,12377,coupon,2871
18607,12377,gift_card,2963
18608,12378,coupon,1456
18609,12378,bank_transfer,2387
18610,12379,bank_transfer,1593
18611,12379,credit_card,1265
18612,12380,credit_card,267
18613,12380,gift_card,1465
18614,12381,bank_transfer,1910
18615,12382,coupon,734
18616,12382,bank_transfer,2484
18617,12383,gift_card,952
18618,12383,credit_card,1766
18619,12384,credit_card,867
18620,12385,bank_transfer,2064
18621,12386,credit_card,2321
18622,12386,bank_transfer,2019
18623,12387,credit_card,1770
18624,12388,bank_transfer,2501
18625,12388,gift_card,2424
18626,12389,gift_card,2602
18627,12390,gift_card,1464
18628,12390,credit_card,2886
18629,12391,gift_card,1509
18630,12391,gift_card,1662
18631,12392,bank_transfer,1026
18632,12393,gift_card,2404
18633,12393,gift_card,1507
18634,12394,coupon,2534
18635,12395,coupon,729
18636,12395,credit_card,1842
18637,12396,gift_card,661
18638,12397,gift_card,1398
18639,12398,bank_transfer,911
18640,12398,bank_transfer,737
18641,12399,gift_card,296
18642,12399,gift_card,2344
18643,12400,coupon,2181
18644,12401,credit_card,1246
18645,12402,credit_card,1405
18646,12402,credit_card,1102
18647,12403,credit_card,2325
18648,12403,coupon,2740
18649,12404,credit_card,2041
18650,12405,credit_card,1231
18651,12406,coupon,1101
18652,12407,bank_transfer,1903
18653,12408,bank_transfer,2254
18654,12408,gift_card,1104
18655,12409,bank_transfer,1474
18656,12410,bank_transfer,2867
18657,12411,credit_card,2649
18658,12411,coupon,2798
18659,12412,credit_card,298
18660,12413,credit_card,2364
18661,12414,gift_card,1873
18662,12415,credit_card,2664
18663,12416,bank_transfer,2423
18664,12417,bank_transfer,719
18665,12417,gift_card,1279
18666,12418,gift_card,912
18667,12419,coupon,1914
18668,12419,bank_transfer,2149
18669,12420,bank_transfer,2462
18670,12421,coupon,2321
18671,12422,bank_transfer,534
18672,12422,gift_card,1769
18673,12423,coupon,1672
18674,12424,gift_card,2002
18675,12425,bank_transfer,997
18676,12426,credit_card,2230
18677,12427,gift_card,1140
18678,12427,bank_transfer,1850
18679,12428,gift_card,2193
18680,12428,coupon,1040
18681,12429,gift_card,766
18682,12429,bank_transfer,1348
18683,12430,coupon,1510
18684,12430,coupon,1888
18685,12431,credit_card,1008
18686,12432,coupon,2380
18687,12433,bank_transfer,1529
18688,12434,credit_card,2808
18689,12434,gift_card,2926
18690,12435,bank_transfer,1753
18691,12435,credit_card,536
18692,12436,credit_card,2196
18693,12436,coupon,1653
18694,12437,coupon,140
18695,12437,bank_transfer,137
18696,12438,coupon,698
18697,12439,credit_card,984
18698,12439,credit_card,600
18699,12440,gift_card,399
18700,12441,gift_card,1765
18701,12441,credit_card,803
18702,12442,bank_transfer,1325
18703,12442,gift_card,1897
18704,12443,credit_card,1858
18705,12444,coupon,2429
18706,12445,credit_card,160
18707,12446,gift_card,135
18708,12446,bank_transfer,994
18709,12447,credit_card,1431
18710,12448,gift_card,1153
18711,12448,coupon,2352
18712,12449,credit_card,862
18713,12449,coupon,422
18714,12450,bank_transfer,635
18715,12451,bank_transfer,399
18716,12451,credit_card,575
18717,12452,bank_transfer,1133
18718,12453,credit_card,1816
18719,12454,gift_card,1285
18720,12454,coupon,606
18721,12455,bank_transfer,2614
18722,12456,gift_card,1279
18723,12457,bank_transfer,1381
18724,12458,bank_transfer,421
18725,12458,credit_card,679
18726,12459,gift_card,1411
18727,12459,bank_transfer,253
18728,12460,bank_transfer,1060
18729,12460,credit_card,134
18730,12461,gift_card,2998
18731,12461,bank_transfer,2488
18732,12462,coupon,1470
18733,12462,coupon,824
18734,12463,credit_card,2669
18735,12464,coupon,2695
18736,12465,coupon,1876
18737,12465,bank_transfer,2232
18738,12466,coupon,777
18739,12466,coupon,241
18740,12467,bank_transfer,558
18741,12468,coupon,681
18742,12469,coupon,2870
18743,12469,gift_card,1906
18744,12470,credit_card,594
18745,12471,bank_transfer,2671
18746,12471,coupon,2414
18747,12472,gift_card,415
18748,12472,coupon,1758
18749,12473,credit_card,1068
18750,12474,bank_transfer,1501
18751,12475,credit_card,640
18752,12476,credit_card,1514
18753,12476,coupon,132
18754,12477,coupon,2042
18755,12478,credit_card,358
18756,12479,gift_card,557
18757,12480,credit_card,1635
18758,12480,gift_card,1091
18759,12481,bank_transfer,806
18760,12481,coupon,1467
18761,12482,credit_card,2780
18762,12483,gift_card,1029
18763,12484,bank_transfer,2454
18764,12484,bank_transfer,2495
18765,12485,credit_card,2792
18766,12485,coupon,2430
18767,12486,bank_transfer,2906
18768,12487,gift_card,1774
18769,12487,coupon,2531
18770,12488,bank_transfer,559
18771,12488,bank_transfer,1693
18772,12489,bank_transfer,1105
18773,12489,credit_card,822
18774,12490,credit_card,606
18775,12491,coupon,2953
18776,12492,bank_transfer,203
18777,12492,bank_transfer,2992
18778,12493,credit_card,1233
18779,12493,gift_card,2327
18780,12494,credit_card,2187
18781,12494,credit_card,978
18782,12495,gift_card,264
18783,12496,credit_card,1318
18784,12497,credit_card,2641
18785,12498,credit_card,2248
18786,12498,coupon,2488
18787,12499,gift_card,2831
18788,12499,bank_transfer,2985
18789,12500,credit_card,294
18790,12500,coupon,1712
18791,12501,credit_card,360
18792,12502,bank_transfer,2093
18793,12502,gift_card,1311
18794,12503,coupon,2059
18795,12503,coupon,485
18796,12504,gift_card,124
18797,12504,coupon,152
18798,12505,gift_card,1782
18799,12506,coupon,1178
18800,12507,coupon,239
18801,12507,coupon,758
18802,12508,credit_card,951
18803,12508,coupon,812
18804,12509,gift_card,1571
18805,12510,gift_card,1565
18806,12511,coupon,204
18807,12512,coupon,2127
18808,12513,credit_card,342
18809,12514,gift_card,437
18810,12514,coupon,942
18811,12515,bank_transfer,1233
18812,12515,gift_card,232
18813,12516,bank_transfer,2593
18814,12517,credit_card,2636
18815,12517,gift_card,1017
18816,12518,coupon,1862
18817,12519,gift_card,1340
18818,12520,coupon,2510
18819,12520,coupon,2894
18820,12521,credit_card,2084
18821,12521,credit_card,1195
18822,12522,credit_card,1333
18823,12522,bank_transfer,2233
18824,12523,bank_transfer,2336
18825,12524,gift_card,291
18826,12524,bank_transfer,613
18827,12525,bank_transfer,456
18828,12525,credit_card,1792
18829,12526,coupon,1813
18830,12527,credit_card,2742
18831,12528,bank_transfer,2382
18832,12529,gift_card,1628
18833,12529,gift_card,544
18834,12530,gift_card,1562
18835,12531,bank_transfer,1269
18836,12531,gift_card,2037
18837,12532,credit_card,1770
18838,12532,credit_card,851
18839,12533,credit_card,1023
18840,12534,bank_transfer,1537
18841,12534,bank_transfer,1735
18842,12535,credit_card,1568
18843,12536,coupon,1566
18844,12537,credit_card,2127
18845,12538,coupon,1265
18846,12538,credit_card,2772
18847,12539,bank_transfer,327
18848,12540,bank_transfer,1392
18849,12540,coupon,1532
18850,12541,gift_card,770
18851,12542,credit_card,2344
18852,12542,bank_transfer,1673
18853,12543,credit_card,2737
18854,12544,bank_transfer,636
18855,12545,bank_transfer,961
18856,12546,gift_card,735
18857,12546,coupon,2560
18858,12547,gift_card,100
18859,12547,credit_card,430
18860,12548,bank_transfer,526
18861,12549,bank_transfer,1360
18862,12550,bank_transfer,2928
18863,12550,bank_transfer,784
18864,12551,bank_transfer,176
18865,12551,credit_card,404
18866,12552,credit_card,454
18867,12552,bank_transfer,2718
18868,12553,gift_card,293
18869,12553,coupon,1159
18870,12554,gift_card,2240
18871,12555,credit_card,1814
18872,12555,credit_card,886
18873,12556,bank_transfer,829
18874,12556,bank_transfer,511
18875,12557,credit_card,1838
18876,12557,bank_transfer,408
18877,12558,gift_card,1154
18878,12559,credit_card,1001
18879,12559,credit_card,2872
18880,12560,credit_card,793
18881,12560,credit_card,963
18882,12561,gift_card,454
18883,12561,gift_card,2888
18884,12562,bank_transfer,1780
18885,12562,gift_card,2441
18886,12563,bank_transfer,2127
18887,12563,gift_card,984
18888,12564,gift_card,1420
18889,12565,gift_card,1989
18890,12566,coupon,1618
18891,12566,bank_transfer,456
18892,12567,bank_transfer,1406
18893,12568,gift_card,1181
18894,12569,credit_card,1949
18895,12569,coupon,1422
18896,12570,gift_card,504
18897,12571,bank_transfer,1527
18898,12571,gift_card,125
18899,12572,coupon,536
18900,12572,bank_transfer,1013
18901,12573,bank_transfer,172
18902,12573,bank_transfer,245
18903,12574,gift_card,529
18904,12574,bank_transfer,2666
18905,12575,credit_card,1420
18906,12576,credit_card,1807
18907,12576,bank_transfer,2423
18908,12577,coupon,2919
18909,12578,gift_card,1542
18910,12578,credit_card,114
18911,12579,gift_card,451
18912,12579,gift_card,2006
18913,12580,coupon,2762
18914,12580,credit_card,1587
18915,12581,credit_card,1147
18916,12581,coupon,646
18917,12582,credit_card,2095
18918,12583,gift_card,1914
18919,12584,bank_transfer,494
18920,12584,credit_card,1848
18921,12585,credit_card,604
18922,12586,credit_card,1137
18923,12586,coupon,2397
18924,12587,coupon,529
18925,12587,bank_transfer,2136
18926,12588,bank_transfer,2309
18927,12589,credit_card,122
18928,12589,bank_transfer,2123
18929,12590,coupon,292
18930,12591,credit_card,1393
18931,12591,bank_transfer,2622
18932,12592,credit_card,2402
18933,12592,coupon,984
18934,12593,bank_transfer,1482
18935,12593,credit_card,2415
18936,12594,gift_card,711
18937,12595,credit_card,1122
18938,12595,bank_transfer,1736
18939,12596,credit_card,1869
18940,12597,coupon,2216
18941,12598,credit_card,1141
18942,12598,credit_card,1276
18943,12599,coupon,1212
18944,12600,credit_card,1294
18945,12600,credit_card,1302
18946,12601,bank_transfer,2487
18947,12602,credit_card,1178
18948,12603,bank_transfer,2669
18949,12604,gift_card,911
18950,12605,gift_card,1796
18951,12605,gift_card,1338
18952,12606,bank_transfer,901
18953,12606,bank_transfer,677
18954,12607,coupon,2682
18955,12608,bank_transfer,2942
18956,12609,gift_card,2254
18957,12610,credit_card,1394
18958,12611,coupon,2678
18959,12612,bank_transfer,1675
18960,12612,credit_card,1541
18961,12613,credit_card,375
18962,12613,coupon,2694
18963,12614,bank_transfer,956
18964,12615,credit_card,2246
18965,12615,credit_card,1754
18966,12616,coupon,1303
18967,12616,gift_card,2745
18968,12617,bank_transfer,2836
18969,12617,bank_transfer,1958
18970,12618,credit_card,1251
18971,12618,gift_card,1867
18972,12619,coupon,2892
18973,12619,coupon,2052
18974,12620,bank_transfer,1507
18975,12620,bank_transfer,466
18976,12621,bank_transfer,939
18977,12622,gift_card,2319
18978,12623,coupon,2418
18979,12624,credit_card,2079
18980,12625,coupon,2137
18981,12625,credit_card,2614
18982,12626,bank_transfer,616
18983,12627,gift_card,1333
18984,12628,gift_card,1098
18985,12628,gift_card,171
18986,12629,gift_card,906
18987,12630,credit_card,1948
18988,12630,gift_card,1046
18989,12631,coupon,1817
18990,12631,credit_card,277
18991,12632,coupon,1584
18992,12633,gift_card,203
18993,12633,credit_card,1850
18994,12634,bank_transfer,720
18995,12634,bank_transfer,2138
18996,12635,bank_transfer,1911
18997,12635,gift_card,473
18998,12636,credit_card,248
18999,12637,credit_card,1542
19000,12638,coupon,106
19001,12639,gift_card,1497
19002,12639,credit_card,1214
19003,12640,gift_card,1953
19004,12641,credit_card,2890
19005,12641,coupon,2400
19006,12642,credit_card,2113
19007,12643,credit_card,1925
19008,12643,coupon,2424
19009,12644,coupon,2806
19010,12644,credit_card,2562
19011,12645,bank_transfer,2406
19012,12645,coupon,1836
19013,12646,bank_transfer,1879
19014,12646,coupon,1458
19015,12647,coupon,1936
19016,12647,gift_card,1239
19017,12648,coupon,1044
19018,12649,credit_card,2774
19019,12649,gift_card,2033
19020,12650,bank_transfer,1827
19021,12650,gift_card,650
19022,12651,coupon,1835
19023,12651,coupon,2382
19024,12652,gift_card,2363
19025,12652,coupon,249
19026,12653,credit_card,1009
19027,12654,coupon,2220
19028,12655,bank_transfer,378
19029,12655,bank_transfer,1916
19030,12656,coupon,2318
19031,12656,bank_transfer,2218
19032,12657,bank_transfer,1885
19033,12657,gift_card,2586
19034,12658,coupon,678
19035,12658,gift_card,1817
19036,12659,coupon,1208
19037,12660,gift_card,1192
19038,12661,credit_card,2720
19039,12662,gift_card,429
19040,12663,gift_card,1353
19041,12663,gift_card,1266
19042,12664,gift_card,1378
19043,12664,credit_card,1156
19044,12665,credit_card,780
19045,12666,credit_card,1424
19046,12666,bank_transfer,2870
19047,12667,credit_card,2406
19048,12667,bank_transfer,148
19049,12668,gift_card,812
19050,12668,gift_card,1316
19051,12669,coupon,1142
19052,12669,credit_card,1061
19053,12670,coupon,938
19054,12671,coupon,979
19055,12671,gift_card,862
19056,12672,gift_card,1706
19057,12673,gift_card,1876
19058,12673,coupon,845
19059,12674,credit_card,1707
19060,12674,coupon,1261
19061,12675,credit_card,1612
19062,12676,coupon,2793
19063,12676,coupon,2553
19064,12677,bank_transfer,458
19065,12677,credit_card,1355
19066,12678,gift_card,2884
19067,12679,gift_card,1042
19068,12680,credit_card,2536
19069,12681,bank_transfer,2554
19070,12681,credit_card,1720
19071,12682,gift_card,2220
19072,12682,coupon,2136
19073,12683,coupon,2283
19074,12684,credit_card,2513
19075,12685,coupon,553
19076,12686,gift_card,2597
19077,12686,gift_card,2100
19078,12687,coupon,2872
19079,12688,bank_transfer,191
19080,12688,bank_transfer,1959
19081,12689,gift_card,165
19082,12690,gift_card,534
19083,12691,bank_transfer,847
19084,12691,credit_card,912
19085,12692,bank_transfer,132
19086,12693,credit_card,113
19087,12693,bank_transfer,385
19088,12694,bank_transfer,2727
19089,12695,gift_card,893
19090,12696,coupon,1660
19091,12697,coupon,908
19092,12697,bank_transfer,2474
19092,12698,bank_transfer,1329
19093,12698,credit_card,2238
19094,12699,credit_card,2210
19095,12700,coupon,2895
19096,12700,gift_card,2808
19097,12701,credit_card,1419
19098,12701,credit_card,2011
19099,12702,coupon,1334
19100,12703,credit_card,1776
19101,12703,coupon,539
19102,12704,coupon,132
19103,12705,gift_card,1189
19104,12705,coupon,1223
19105,12706,gift_card,107
19106,12706,credit_card,2818
19107,12707,credit_card,661
19108,12707,coupon,554
19109,12708,bank_transfer,2779
19110,12709,bank_transfer,381
19111,12710,gift_card,2619
19112,12711,credit_card,2553
19113,12712,gift_card,423
19114,12712,coupon,2206
19115,12713,gift_card,1137
19116,12714,gift_card,260
19117,12714,bank_transfer,1131
19118,12715,credit_card,874
19119,12715,gift_card,2700
19120,12716,gift_card,2987
19121,12716,credit_card,2525
19122,12717,credit_card,1214
19123,12718,credit_card,413
19124,12719,coupon,2910
19125,12719,bank_transfer,565
19126,12720,credit_card,2797
19127,12721,coupon,2988
19128,12721,bank_transfer,520
19129,12722,bank_transfer,2267
19130,12722,credit_card,1497
19131,12723,credit_card,277
19132,12723,credit_card,1505
19133,12724,credit_card,2114
19134,12724,coupon,481
19135,12725,bank_transfer,2321
19136,12725,coupon,2356
19137,12726,gift_card,1051
19138,12727,bank_transfer,308
19139,12728,coupon,914
19140,12729,bank_transfer,2718
19141,12729,bank_transfer,1658
19142,12730,gift_card,1654
19143,12730,credit_card,1981
19144,12731,gift_card,1113
19145,12732,credit_card,2002
19146,12732,gift_card,2816
19147,12733,credit_card,707
19148,12734,credit_card,1774
19149,12735,bank_transfer,1777
19150,12735,bank_transfer,877
19151,12736,coupon,1245
19152,12736,bank_transfer,2751
19153,12737,bank_transfer,2546
19154,12738,coupon,1184
19155,12739,bank_transfer,1804
19156,12740,coupon,281
19157,12741,gift_card,156
19158,12742,bank_transfer,2372
19159,12743,coupon,2114
19160,12744,bank_transfer,1118
19161,12744,credit_card,1760
19162,12745,credit_card,2228
19163,12746,gift_card,2648
19164,12747,coupon,1106
19165,12748,gift_card,749
19166,12749,credit_card,1424
19167,12750,coupon,2233
19168,12750,gift_card,554
19169,12751,gift_card,2309
19170,12752,coupon,279
19171,12752,credit_card,467
19172,12753,credit_card,153
19173,12753,bank_transfer,1111
19174,12754,bank_transfer,2858
19175,12754,gift_card,2803
19176,12755,credit_card,1037
19177,12755,gift_card,1566
19178,12756,gift_card,522
19179,12757,coupon,536
19180,12758,credit_card,689
19181,12759,credit_card,2581
19182,12759,gift_card,167
19183,12760,coupon,2314
19184,12760,bank_transfer,2383
19185,12761,bank_transfer,533
19186,12761,credit_card,2406
19187,12762,gift_card,1839
19188,12762,coupon,2272
19189,12763,coupon,2262
19190,12763,credit_card,1329
19191,12764,gift_card,1621
19192,12765,credit_card,408
19193,12765,coupon,1047
19194,12766,credit_card,1850
19195,12766,credit_card,2083
19196,12767,credit_card,1852
19197,12768,credit_card,1351
19198,12769,credit_card,339
19199,12770,credit_card,1399
19200,12770,credit_card,566
19201,12771,bank_transfer,655
19202,12771,gift_card,1328
19203,12772,credit_card,1454
19204,12773,credit_card,154
19205,12774,credit_card,2460
19206,12774,bank_transfer,2807
19207,12775,gift_card,2140
19208,12775,credit_card,2756
19209,12776,gift_card,293
19210,12777,credit_card,1938
19211,12777,gift_card,2912
19212,12778,gift_card,265
19213,12778,bank_transfer,1227
19214,12779,gift_card,1263
19215,12780,credit_card,2148
19216,12780,gift_card,1337
19217,12781,bank_transfer,1264
19218,12781,credit_card,2425
19219,12782,bank_transfer,1266
19220,12783,gift_card,2313
19221,12783,gift_card,2256
19222,12784,bank_transfer,290
19223,12784,gift_card,1593
19224,12785,bank_transfer,1958
19225,12785,gift_card,215
19226,12786,bank_transfer,2422
19227,12786,credit_card,1736
19228,12787,bank_transfer,598
19229,12787,coupon,1983
19230,12788,credit_card,2537
19231,12789,gift_card,1011
19232,12789,gift_card,113
19233,12790,credit_card,2001
19234,12791,coupon,458
19235,12792,coupon,881
19236,12793,credit_card,1064
19237,12793,bank_transfer,1342
19238,12794,gift_card,670
19239,12794,credit_card,2010
19240,12795,gift_card,1789
19241,12796,gift_card,1002
19242,12797,gift_card,966
19243,12798,gift_card,260
19244,12798,bank_transfer,2146
19245,12799,credit_card,447
19246,12800,gift_card,2334
19247,12801,gift_card,754
19248,12802,coupon,2415
19249,12803,coupon,2114
19250,12803,credit_card,2218
19251,12804,credit_card,2112
19252,12805,coupon,1630
19253,12806,gift_card,1713
19254,12806,credit_card,989
19255,12807,coupon,2186
19256,12808,coupon,1929
19257,12808,gift_card,721
19258,12809,coupon,1363
19259,12810,coupon,1946
19260,12811,coupon,514
19261,12812,bank_transfer,2894
19262,12813,bank_transfer,2070
19263,12813,gift_card,2340
19264,12814,credit_card,496
19265,12815,gift_card,2823
19266,12815,gift_card,2368
19267,12816,credit_card,2811
19268,12817,gift_card,2983
19269,12817,gift_card,1147
19270,12818,credit_card,1550
19271,12819,credit_card,2414
19272,12819,coupon,944
19273,12820,gift_card,166
19274,12820,gift_card,1563
19275,12821,credit_card,2890
19276,12822,credit_card,873
19277,12823,gift_card,371
19278,12823,bank_transfer,2698
19279,12824,coupon,2870
19280,12824,credit_card,2422
19281,12825,bank_transfer,1988
19282,12826,credit_card,2107
19283,12827,gift_card,1443
19284,12828,coupon,2815
19285,12828,bank_transfer,1230
19286,12829,credit_card,2383
19287,12829,gift_card,2403
19288,12830,coupon,1874
19289,12831,credit_card,1997
19290,12831,coupon,562
19291,12832,credit_card,2206
19292,12832,coupon,470
19293,12833,gift_card,1320
19294,12833,coupon,1272
19295,12834,credit_card,397
19296,12835,credit_card,231
19297,12835,credit_card,1748
19298,12836,gift_card,2492
19299,12836,coupon,1256
19300,12837,bank_transfer,1772
19301,12837,gift_card,589
19302,12838,coupon,2170
19303,12839,credit_card,1578
19304,12840,bank_transfer,1369
19305,12841,gift_card,264
19306,12841,bank_transfer,2120
19307,12842,coupon,1646
19308,12843,bank_transfer,2945
19309,12843,bank_transfer,1386
19310,12844,credit_card,1446
19311,12844,coupon,1381
19312,12845,bank_transfer,1302
19313,12845,gift_card,354
19314,12846,bank_transfer,2637
19315,12847,gift_card,2703
19316,12848,credit_card,1446
19317,12848,coupon,2366
19318,12849,bank_transfer,156
19319,12849,gift_card,328
19320,12850,bank_transfer,936
19321,12850,coupon,1386
19322,12851,gift_card,1773
19323,12852,gift_card,2609
19324,12852,bank_transfer,2137
19325,12853,gift_card,1758
19326,12854,gift_card,1670
19327,12855,credit_card,2332
19328,12856,bank_transfer,662
19329,12856,coupon,1618
19330,12857,bank_transfer,544
19331,12857,gift_card,2516
19332,12858,gift_card,2950
19333,12859,coupon,1521
19334,12860,bank_transfer,215
19335,12860,coupon,1370
19336,12861,credit_card,2892
19337,12862,credit_card,1748
19338,12862,bank_transfer,841
19339,12863,bank_transfer,851
19340,12864,gift_card,2868
19341,12864,gift_card,2453
19342,12865,gift_card,299
19343,12866,coupon,1010
19344,12867,gift_card,1733
19345,12867,gift_card,2421
19346,12868,bank_transfer,1345
19347,12869,gift_card,2357
19348,12870,credit_card,2797
19349,12871,coupon,253
19350,12872,gift_card,2147
19351,12873,gift_card,260
19352,12873,bank_transfer,1850
19353,12874,bank_transfer,591
19354,12875,credit_card,2779
19355,12875,gift_card,253
19356,12876,credit_card,1345
19357,12877,gift_card,107
19358,12877,coupon,509
19359,12878,credit_card,1445
19360,12878,gift_card,2849
19361,12879,coupon,260
19362,12880,bank_transfer,1211
19363,12880,bank_transfer,2101
19364,12881,credit_card,206
19365,12882,coupon,2886
19366,12882,coupon,1888
19367,12883,bank_transfer,127
19368,12884,bank_transfer,581
19369,12884,credit_card,1632
19370,12885,coupon,721
19371,12885,coupon,989
19372,12886,gift_card,1799
19373,12887,bank_transfer,845
19374,12887,coupon,149
19375,12888,gift_card,969
19376,12888,credit_card,1834
19377,12889,bank_transfer,1034
19378,12889,credit_card,2008
19379,12890,coupon,162
19380,12890,credit_card,1604
19381,12891,coupon,977
19382,12891,bank_transfer,1909
19383,12892,bank_transfer,1716
19384,12892,bank_transfer,1670
19385,12893,gift_card,2282
19386,12894,bank_transfer,496
19387,12895,credit_card,1997
19388,12896,bank_transfer,862
19389,12896,credit_card,2923
19390,12897,gift_card,213
19391,12898,credit_card,2180
19392,12899,bank_transfer,2137
19393,12899,coupon,838
19394,12900,credit_card,503
19395,12900,gift_card,420
19396,12901,gift_card,1780
19397,12902,gift_card,1213
19398,12903,credit_card,263
19399,12903,gift_card,1952
19400,12904,bank_transfer,401
19401,12904,bank_transfer,608
19402,12905,bank_transfer,2310
19403,12906,bank_transfer,1473
19404,12907,credit_card,2561
19405,12908,coupon,173
19406,12909,coupon,2171
19407,12910,gift_card,2537
19408,12910,gift_card,2171
19409,12911,bank_transfer,149
19410,12912,gift_card,2718
19411,12912,bank_transfer,564
19412,12913,gift_card,2432
19413,12913,bank_transfer,372
19414,12914,credit_card,1372
19415,12915,credit_card,2184
19416,12915,bank_transfer,1345
19417,12916,gift_card,169
19418,12917,coupon,745
19419,12917,gift_card,1935
19420,12918,gift_card,338
19421,12918,gift_card,2737
19422,12919,coupon,1603
19423,12919,bank_transfer,1952
19424,12920,credit_card,1459
19425,12921,gift_card,1595
19426,12921,gift_card,806
19427,12922,coupon,1144
19427,12923,bank_transfer,723
19428,12924,coupon,482
19429,12925,credit_card,1236
19430,12926,credit_card,1401
19431,12927,credit_card,2055
19432,12927,credit_card,2068
19433,12928,coupon,2383
19434,12928,credit_card,1262
19435,12929,credit_card,965
19436,12930,coupon,1255
19437,12931,coupon,943
19438,12931,coupon,2383
19439,12932,credit_card,2727
19440,12933,credit_card,1723
19441,12933,coupon,465
19442,12934,credit_card,169
19443,12935,coupon,2825
19444,12936,gift_card,678
19445,12937,coupon,780
19446,12937,coupon,2262
19447,12938,gift_card,2342
19448,12939,credit_card,1429
19449,12940,coupon,2415
19450,12941,credit_card,502
19451,12942,bank_transfer,1248
19452,12942,credit_card,2870
19453,12943,bank_transfer,236
19454,12944,credit_card,2454
19455,12945,coupon,2817
19456,12945,bank_transfer,2538
19457,12946,gift_card,615
19458,12946,gift_card,2110
19459,12947,bank_transfer,720
19460,12948,coupon,1925
19461,12949,credit_card,1163
19462,12949,bank_transfer,2278
19463,12950,bank_transfer,844
19464,12951,gift_card,420
19465,12951,coupon,492
19466,12952,bank_transfer,1033
19467,12952,coupon,2614
19468,12953,credit_card,1199
19469,12953,credit_card,1646
19470,12954,credit_card,1684
19471,12955,credit_card,1812
19472,12955,bank_transfer,1995
19473,12956,bank_transfer,2683
19474,12956,credit_card,1880
19475,12957,credit_card,2011
19476,12957,bank_transfer,1667
19477,12958,gift_card,2053
19478,12958,gift_card,108
19479,12959,gift_card,117
19480,12959,coupon,2278
19481,12960,coupon,1254
19482,12961,bank_transfer,265
19483,12962,coupon,732
19484,12963,coupon,282
19485,12963,coupon,2661
19486,12964,gift_card,2159
19487,12964,credit_card,2350
19488,12965,coupon,1749
19489,12966,bank_transfer,1044
19490,12967,bank_transfer,1750
19491,12967,bank_transfer,2119
19492,12968,gift_card,2738
19493,12969,gift_card,1751
19494,12970,credit_card,1455
19495,12971,gift_card,1297
19496,12972,gift_card,2788
19497,12972,credit_card,2106
19498,12973,bank_transfer,2552
19499,12973,bank_transfer,2078
19500,12974,credit_card,1738
19501,12975,bank_transfer,2891
19502,12976,gift_card,356
19503,12976,bank_transfer,2251
19504,12977,bank_transfer,542
19505,12977,credit_card,1996
19506,12978,gift_card,1872
19507,12979,bank_transfer,793
19508,12979,credit_card,1542
19509,12980,gift_card,101
19510,12981,credit_card,2827
19511,12981,credit_card,2300
19512,12982,bank_transfer,1484
19513,12983,coupon,378
19514,12984,bank_transfer,1764
19515,12985,bank_transfer,1307
19516,12986,coupon,322
19517,12986,coupon,1845
19518,12987,gift_card,1553
19519,12987,bank_transfer,881
19520,12988,coupon,1635
19521,12989,gift_card,1231
19522,12990,gift_card,530
19523,12991,bank_transfer,478
19524,12992,bank_transfer,1582
19525,12993,coupon,961
19526,12994,gift_card,2162
19527,12994,coupon,147
19528,12995,coupon,1421
19529,12996,coupon,1596
19530,12996,bank_transfer,2132
19531,12997,credit_card,2597
19532,12998,credit_card,1934
19533,12998,credit_card,429
19534,12999,bank_transfer,769
19535,13000,gift_card,2944
19536,13001,credit_card,2776
19537,13001,gift_card,281
19538,13002,bank_transfer,2754
19539,13003,credit_card,1965
19540,13003,coupon,2801
19541,13004,credit_card,2919
19542,13004,gift_card,1100
19543,13005,credit_card,1988
19544,13006,bank_transfer,1399
19545,13006,bank_transfer,2978
19546,13007,gift_card,1004
19547,13008,coupon,2328
19548,13009,gift_card,1768
19549,13009,gift_card,1861
19550,13010,coupon,1554
19551,13011,gift_card,1603
19552,13011,gift_card,1971
19553,13012,gift_card,1834
19554,13012,coupon,2308
19555,13013,coupon,509
19556,13013,coupon,2085
19557,13014,coupon,1879
19558,13015,credit_card,416
19559,13016,coupon,2062
19560,13016,gift_card,2064
19561,13017,credit_card,2469
19562,13018,bank_transfer,1007
19563,13018,bank_transfer,2338
19564,13019,bank_transfer,1181
19565,13020,gift_card,2498
19566,13020,coupon,2991
19567,13021,credit_card,2616
19568,13022,bank_transfer,1674
19569,13023,bank_transfer,1615
19570,13023,coupon,2221
19571,13024,coupon,1613
19572,13024,bank_transfer,295
19573,13025,bank_transfer,2966
19574,13025,bank_transfer,2295
19575,13026,bank_transfer,2960
19576,13026,gift_card,1160
19577,13027,gift_card,1619
19578,13028,bank_transfer,627
19579,13028,coupon,307
19580,13029,gift_card,453
19581,13029,bank_transfer,365
19582,13030,credit_card,2826
19583,13030,credit_card,1569
19584,13031,credit_card,294
19585,13032,coupon,1247
19586,13033,coupon,344
19587,13034,gift_card,2493
19588,13035,coupon,1547
19589,13035,bank_transfer,2076
19590,13036,coupon,1245
19591,13036,bank_transfer,2394
19592,13037,gift_card,1789
19593,13038,coupon,2489
19594,13039,coupon,973
19595,13039,credit_card,2011
19596,13040,credit_card,2803
19597,13040,credit_card,727
19598,13041,gift_card,689
19599,13042,bank_transfer,899
19600,13043,credit_card,538
19601,13043,bank_transfer,1389
19602,13044,credit_card,1697
19603,13045,bank_transfer,2847
19604,13046,credit_card,2142
19605,13047,credit_card,2836
19606,13047,coupon,2908
19607,13048,coupon,1417
19608,13048,bank_transfer,2046
19609,13049,gift_card,2776
19610,13049,credit_card,1263
19611,13050,bank_transfer,450
19612,13050,credit_card,144
19613,13051,gift_card,1319
19614,13051,credit_card,2133
19615,13052,credit_card,2990
19616,13053,bank_transfer,359
19617,13053,bank_transfer,2316
19618,13054,bank_transfer,2345
19619,13055,gift_card,1847
19620,13056,credit_card,2940
19621,13057,coupon,2941
19622,13057,credit_card,2410
19623,13058,coupon,461
19624,13059,coupon,648
19625,13060,bank_transfer,2993
19626,13060,credit_card,997
19627,13061,coupon,2249
19628,13062,coupon,105
19629,13063,credit_card,2574
19630,13063,bank_transfer,774
19631,13064,gift_card,2956
19632,13065,bank_transfer,462
19633,13065,coupon,117
19634,13066,bank_transfer,1421
19635,13066,bank_transfer,1455
19636,13067,coupon,1108
19637,13068,gift_card,2774
19638,13069,bank_transfer,1713
19639,13069,gift_card,2518
19640,13070,gift_card,2822
19641,13071,bank_transfer,1261
19642,13071,coupon,1062
19643,13072,bank_transfer,2236
19644,13072,gift_card,2898
19645,13073,credit_card,819
19646,13074,gift_card,359
19647,13075,credit_card,2218
19648,13075,coupon,2739
19649,13076,coupon,588
19650,13076,coupon,2148
19651,13077,credit_card,942
19652,13077,gift_card,2542
19653,13078,credit_card,2334
19654,13079,bank_transfer,1715
19655,13079,coupon,639
19656,13080,bank_transfer,1025
19657,13081,bank_transfer,994
19658,13081,coupon,2863
19659,13082,coupon,346
19660,13082,credit_card,445
19661,13083,credit_card,308
19662,13084,gift_card,1053
19663,13085,coupon,304
19664,13085,credit_card,1663
19665,13086,bank_transfer,183
19666,13086,coupon,1696
19667,13087,gift_card,2460
19668,13087,coupon,1752
19669,13088,coupon,490
19670,13088,credit_card,969
19671,13089,coupon,1996
19672,13090,bank_transfer,508
19673,13091,bank_transfer,2898
19674,13091,bank_transfer,1421
19675,13092,bank_transfer,286
19676,13093,credit_card,461
19677,13093,coupon,1723
19678,13094,bank_transfer,2659
19679,13094,credit_card,2281
19680,13095,gift_card,1049
19681,13096,gift_card,903
19682,13096,gift_card,2216
19683,13097,credit_card,2532
19684,13098,credit_card,1419
19685,13099,bank_transfer,440
19686,13100,coupon,2849
19687,13100,coupon,826
19688,13101,gift_card,680
19689,13101,credit_card,1057
19690,13102,credit_card,2751
19691,13103,credit_card,1637
19692,13104,coupon,1907
19693,13105,credit_card,2459
19694,13106,bank_transfer,1853
19695,13107,gift_card,1986
19696,13107,coupon,1613
19697,13108,bank_transfer,1293
19698,13108,credit_card,2667
19699,13109,gift_card,873
19700,13110,bank_transfer,2125
19701,13110,gift_card,919
19702,13111,credit_card,2891
19703,13111,coupon,2747
19704,13112,coupon,513
19705,13113,bank_transfer,591
19706,13113,coupon,414
19707,13114,bank_transfer,1810
19708,13114,credit_card,2656
19709,13115,credit_card,2779
19710,13116,credit_card,1656
19711,13116,coupon,1398
19712,13117,coupon,1817
19713,13117,credit_card,1537
19714,13118,coupon,490
19715,13119,coupon,116
19716,13120,coupon,1963
19717,13120,coupon,1141
19718,13121,gift_card,2563
19719,13121,gift_card,2149
19720,13122,coupon,1645
19721,13122,coupon,2034
19722,13123,bank_transfer,2737
19723,13124,gift_card,2332
19724,13124,credit_card,1935
19725,13125,coupon,2872
19726,13125,coupon,1530
19727,13126,bank_transfer,2284
19728,13126,credit_card,853
19729,13127,gift_card,754
19730,13128,bank_transfer,406
19731,13128,gift_card,591
19732,13129,gift_card,2970
19733,13129,coupon,1416
19734,13130,bank_transfer,1675
19735,13130,credit_card,2636
19736,13131,credit_card,1343
19737,13132,credit_card,1460
19738,13132,credit_card,109
19739,13133,coupon,348
19740,13133,coupon,1088
19741,13134,bank_transfer,2523
19742,13134,bank_transfer,2703
19743,13135,gift_card,2344
19744,13136,bank_transfer,2535
19745,13137,gift_card,2420
19746,13138,coupon,2171
19747,13139,credit_card,289
19748,13140,gift_card,612
19749,13141,gift_card,2619
19750,13141,bank_transfer,2270
19751,13142,coupon,940
19752,13142,gift_card,1858
19753,13143,gift_card,1377
19754,13144,credit_card,2935
19755,13145,bank_transfer,2233
19756,13145,credit_card,248
19757,13146,bank_transfer,2291
19758,13146,bank_transfer,2006
19759,13147,bank_transfer,1596
19760,13148,coupon,897
19761,13148,bank_transfer,1088
19762,13149,coupon,1834
19763,13149,credit_card,157
19764,13150,gift_card,1140
19765,13151,bank_transfer,629
19766,13152,bank_transfer,1289
19767,13153,credit_card,821
19768,13154,credit_card,1279
19769,13154,bank_transfer,184
19770,13155,bank_transfer,171
19771,13156,gift_card,2032
19772,13156,credit_card,1176
19773,13157,credit_card,819
19774,13158,coupon,1989
19775,13158,coupon,1327
19776,13159,coupon,1438
19777,13159,credit_card,709
19778,13160,bank_transfer,2298
19779,13161,gift_card,1106
19780,13162,credit_card,193
19781,13163,gift_card,332
19782,13164,bank_transfer,2767
19783,13164,coupon,2523
19784,13165,gift_card,1943
19785,13166,credit_card,1829
19786,13167,credit_card,2472
19787,13167,bank_transfer,2272
19788,13168,credit_card,437
19789,13169,bank_transfer,1297
19790,13170,bank_transfer,408
19791,13170,coupon,2910
19792,13171,credit_card,1583
19793,13172,bank_transfer,1001
19794,13173,credit_card,504
19795,13173,gift_card,1040
19796,13174,gift_card,1808
19797,13175,credit_card,792
19798,13176,gift_card,1696
19799,13177,bank_transfer,2757
19800,13178,credit_card,1289
19801,13178,bank_transfer,1347
19802,13179,gift_card,1313
19803,13179,coupon,1067
19804,13180,credit_card,1550
19805,13181,bank_transfer,156
19806,13181,coupon,1619
19807,13182,bank_transfer,1370
19808,13182,bank_transfer,2633
19809,13183,bank_transfer,1406
19810,13184,bank_transfer,2612
19811,13184,gift_card,1029
19812,13185,gift_card,1644
19813,13186,bank_transfer,2716
19814,13186,credit_card,2005
19815,13187,gift_card,2264
19816,13188,bank_transfer,725
19817,13189,credit_card,1086
19818,13190,bank_transfer,2276
19819,13190,credit_card,561
19820,13191,coupon,1914
19821,13192,coupon,2702
19822,13193,credit_card,2209
19823,13194,coupon,1654
19824,13194,gift_card,1789
19825,13195,coupon,1745
19826,13195,credit_card,1513
19827,13196,gift_card,745
19828,13197,bank_transfer,1422
19829,13198,coupon,1460
19830,13198,gift_card,1532
19831,13199,gift_card,121
19832,13200,bank_transfer,570
19833,13201,gift_card,1514
19834,13201,coupon,609
19835,13202,gift_card,2022
19836,13203,gift_card,1087
19837,13203,coupon,519
19838,13204,gift_card,494
19839,13205,coupon,1855
19840,13205,bank_transfer,2142
19841,13206,coupon,2451
19842,13207,coupon,1428
19843,13207,bank_transfer,931
19844,13208,gift_card,845
19845,13208,gift_card,857
19846,13209,credit_card,2230
19847,13210,coupon,2959
19848,13211,coupon,148
19849,13211,gift_card,2857
19850,13212,coupon,2616
19851,13212,bank_transfer,1367
19852,13213,gift_card,1566
19853,13213,bank_transfer,2577
19854,13214,credit_card,1140
19855,13214,gift_card,1455
19856,13215,bank_transfer,1266
19857,13215,coupon,167
19858,13216,bank_transfer,491
19859,13216,gift_card,456
19860,13217,coupon,107
19861,13218,credit_card,280
19862,13219,bank_transfer,2297
19863,13219,gift_card,1811
19864,13220,gift_card,1694
19865,13220,bank_transfer,2623
19866,13221,bank_transfer,1000
19867,13222,bank_transfer,2744
19868,13222,credit_card,567
19869,13223,credit_card,2129
19870,13223,bank_transfer,975
19871,13224,bank_transfer,518
19872,13224,coupon,757
19873,13225,credit_card,2061
19874,13226,bank_transfer,544
19875,13226,credit_card,636
19876,13227,credit_card,1813
19877,13228,credit_card,1209
19878,13228,bank_transfer,1711
19879,13229,credit_card,1036
19880,13230,credit_card,515
19881,13231,gift_card,259
19882,13232,bank_transfer,2685
19883,13232,credit_card,190
19884,13233,bank_transfer,1251
19885,13234,coupon,1904
19886,13234,coupon,1245
19887,13235,coupon,386
19888,13236,credit_card,242
19889,13236,credit_card,1803
19890,13237,gift_card,857
19891,13237,coupon,1133
19892,13238,credit_card,241
19893,13239,coupon,855
19894,13239,bank_transfer,1919
19895,13240,coupon,2868
19896,13240,credit_card,703
19897,13241,coupon,2908
19898,13242,gift_card,1052
19899,13243,gift_card,1592
19900,13244,gift_card,331
19901,13244,gift_card,483
19902,13245,bank_transfer,2395
19903,13245,credit_card,2410
19904,13246,coupon,2999
19905,13246,bank_transfer,762
19906,13247,credit_card,1351
19907,13247,bank_transfer,2046
19908,13248,credit_card,2178
19909,13248,bank_transfer,1695
19910,13249,credit_card,873
19911,13250,credit_card,2983
19912,13250,gift_card,2829
19913,13251,coupon,1141
19914,13251,coupon,1002
19915,13252,credit_card,1869
19916,13252,gift_card,1224
19917,13253,coupon,281
19918,13254,credit_card,2946
19919,13255,coupon,1661
19920,13255,credit_card,2389
19921,13256,coupon,2560
19922,13256,credit_card,2939
19923,13257,coupon,2989
19924,13258,bank_transfer,243
19925,13258,bank_transfer,520
19926,13259,credit_card,2576
19927,13259,bank_transfer,2760
19928,13260,coupon,307
19929,13261,gift_card,2919
19930,13262,credit_card,711
19931,13262,credit_card,2503
19932,13263,credit_card,1687
19933,13264,credit_card,535
19934,13264,gift_card,2117
19935,13265,bank_transfer,2018
19936,13266,credit_card,865
19937,13266,gift_card,2207
19938,13267,gift_card,2430
19939,13268,credit_card,987
19940,13268,coupon,2972
19941,13269,bank_transfer,840
19942,13270,bank_transfer,1521
19943,13271,bank_transfer,828
19944,13272,bank_transfer,480
19945,13272,coupon,267
19946,13273,coupon,1294
19947,13274,coupon,303
19948,13275,coupon,892
19949,13275,bank_transfer,1740
19950,13276,coupon,490
19951,13276,gift_card,1514
19952,13277,gift_card,1069
19953,13277,coupon,346
19954,13278,gift_card,1102
19955,13278,coupon,2690
19956,13279,credit_card,1271
19957,13279,credit_card,702
19958,13280,bank_transfer,2883
19959,13280,credit_card,1059
19960,13281,bank_transfer,2003
19961,13281,coupon,2536
19962,13282,gift_card,562
19963,13283,credit_card,371
19964,13283,credit_card,519
19965,13284,bank_transfer,1878
19966,13285,coupon,1944
19967,13286,credit_card,1086
19968,13286,bank_transfer,909
19969,13287,coupon,1247
19970,13288,credit_card,184
19971,13288,bank_transfer,2382
19972,13289,credit_card,1224
19973,13289,gift_card,273
19974,13290,coupon,1499
19975,13291,bank_transfer,1225
19976,13291,bank_transfer,2087
19977,13292,credit_card,2238
19978,13292,gift_card,2275
19979,13293,coupon,997
19980,13294,credit_card,1304
19981,13295,credit_card,851
19982,13296,coupon,2483
19983,13296,credit_card,1274
19984,13297,coupon,800
19985,13297,credit_card,875
19986,13298,credit_card,1113
19987,13299,coupon,2319
19988,13299,bank_transfer,1016
19989,13300,bank_transfer,2004
19990,13301,coupon,2895
19991,13302,credit_card,678
19992,13303,coupon,2740
19993,13304,coupon,2814
19994,13305,credit_card,682
19995,13305,coupon,1886
19996,13306,credit_card,2484
19997,13307,gift_card,1214
19998,13308,coupon,429
19999,13308,bank_transfer,346
20000,13309,credit_card,1483
20001,13309,gift_card,213
20002,13310,bank_transfer,2549
20003,13310,credit_card,1957
20004,13311,coupon,2032
20005,13312,gift_card,691
20006,13313,credit_card,392
20007,13313,coupon,1139
20008,13314,coupon,426
20009,13315,gift_card,631
20010,13316,bank_transfer,2517
20011,13317,gift_card,152
20012,13318,gift_card,435
20013,13319,credit_card,905
20014,13319,bank_transfer,1470
20015,13320,bank_transfer,1120
20016,13320,gift_card,1001
20017,13321,bank_transfer,2964
20018,13321,bank_transfer,2617
20019,13322,bank_transfer,1115
20020,13323,bank_transfer,968
20021,13323,coupon,2384
20022,13324,credit_card,331
20023,13324,gift_card,918
20024,13325,bank_transfer,465
20025,13326,credit_card,437
20026,13327,bank_transfer,661
20027,13327,bank_transfer,1087
20028,13328,credit_card,1922
20029,13329,credit_card,1261
20030,13329,credit_card,914
20031,13330,coupon,1223
20032,13330,coupon,1696
20033,13331,credit_card,127
20034,13332,coupon,2939
20035,13333,gift_card,2277
20036,13334,bank_transfer,424
20037,13335,coupon,693
20038,13335,coupon,1597
20039,13336,coupon,1734
20040,13336,coupon,2801
20041,13337,coupon,1961
20042,13337,coupon,1578
20043,13338,coupon,2100
20044,13339,bank_transfer,117
20045,13340,gift_card,2159
20046,13340,bank_transfer,2338
20047,13341,credit_card,2986
20048,13342,credit_card,485
20049,13343,bank_transfer,938
20050,13344,coupon,2454
20051,13345,credit_card,258
20052,13345,credit_card,552
20053,13346,bank_transfer,1781
20054,13347,credit_card,2377
20055,13348,bank_transfer,1965
20056,13349,coupon,1917
20057,13349,coupon,1309
20058,13350,bank_transfer,866
20059,13351,bank_transfer,1389
20060,13351,gift_card,670
20061,13352,credit_card,684
20062,13352,credit_card,2988
20063,13353,coupon,1407
20064,13354,bank_transfer,397
20065,13355,gift_card,1926
20066,13355,credit_card,853
20067,13356,gift_card,1685
20068,13357,coupon,1899
20069,13357,credit_card,1023
20070,13358,bank_transfer,1337
20071,13359,gift_card,2415
20072,13359,bank_transfer,1811
20073,13360,coupon,2897
20074,13360,coupon,1963
20075,13361,coupon,1086
20076,13362,coupon,2797
20077,13363,bank_transfer,2701
20078,13364,coupon,182
20079,13365,bank_transfer,2911
20080,13365,credit_card,2828
20081,13366,bank_transfer,1594
20082,13366,bank_transfer,1452
20083,13367,coupon,1213
20084,13368,gift_card,1759
20085,13369,coupon,399
20086,13369,coupon,1661
20087,13370,credit_card,1330
20088,13370,coupon,922
20089,13371,coupon,1526
20090,13371,gift_card,1728
20091,13372,bank_transfer,288
20092,13373,coupon,212
20093,13374,bank_transfer,1544
20094,13374,bank_transfer,1151
20095,13375,gift_card,601
20096,13376,credit_card,1242
20097,13377,gift_card,136
20098,13378,credit_card,2650
20099,13379,credit_card,1254
20100,13380,bank_transfer,2326
20101,13381,gift_card,1065
20102,13382,coupon,851
20103,13383,coupon,1509
20104,13384,gift_card,834
20105,13385,gift_card,2977
20106,13386,coupon,1644
20107,13386,gift_card,815
20108,13387,gift_card,2437
20109,13387,bank_transfer,690
20110,13388,credit_card,1856
20111,13388,credit_card,2818
20112,13389,gift_card,2253
20113,13390,credit_card,1939
20114,13390,bank_transfer,1008
20115,13391,bank_transfer,2425
20116,13391,bank_transfer,1359
20117,13392,bank_transfer,1512
20118,13392,gift_card,2635
20119,13393,gift_card,1539
20120,13393,gift_card,1216
20121,13394,credit_card,2089
20122,13394,credit_card,2037
20123,13395,bank_transfer,2531
20124,13396,coupon,154
20125,13397,gift_card,1276
20126,13397,bank_transfer,1057
20127,13398,credit_card,2859
20128,13399,bank_transfer,2074
20129,13400,credit_card,2761
20130,13401,coupon,2501
20131,13402,gift_card,1981
20132,13403,credit_card,2121
20133,13404,bank_transfer,1002
20134,13405,bank_transfer,1918
20135,13405,coupon,532
20136,13406,bank_transfer,1781
20137,13407,bank_transfer,696
20138,13408,bank_transfer,2427
20139,13409,bank_transfer,2387
20140,13410,bank_transfer,439
20141,13410,coupon,2369
20142,13411,credit_card,1481
20143,13411,credit_card,2940
20144,13412,gift_card,1109
20145,13413,credit_card,2726
20146,13414,bank_transfer,952
20147,13415,bank_transfer,1255
20148,13416,bank_transfer,2526
20149,13417,credit_card,1820
20150,13417,gift_card,2704
20151,13418,gift_card,661
20152,13418,credit_card,2793
20153,13419,credit_card,206
20154,13419,bank_transfer,2756
20155,13420,gift_card,2913
20156,13421,bank_transfer,2042
20157,13421,bank_transfer,2205
20158,13422,bank_transfer,152
20159,13422,gift_card,2465
20160,13423,credit_card,626
20161,13423,bank_transfer,2040
20162,13424,bank_transfer,370
20163,13424,bank_transfer,2942
20164,13425,bank_transfer,2902
20165,13425,coupon,2185
20166,13426,bank_transfer,271
20167,13427,gift_card,1871
20168,13428,credit_card,1453
20169,13428,credit_card,1934
20170,13429,credit_card,1329
20171,13429,coupon,877
20172,13430,bank_transfer,1518
20173,13430,credit_card,1988
20174,13431,credit_card,2738
20175,13432,credit_card,1787
20176,13433,coupon,1668
20177,13434,credit_card,2912
20178,13434,credit_card,271
20179,13435,gift_card,2777
20180,13435,bank_transfer,1335
20181,13436,gift_card,1026
20182,13437,bank_transfer,1434
20183,13438,credit_card,268
20184,13438,coupon,143
20185,13439,bank_transfer,2172
20186,13440,credit_card,784
20187,13440,bank_transfer,2362
20188,13441,bank_transfer,1759
20189,13441,credit_card,2161
20190,13442,gift_card,326
20191,13443,credit_card,1112
20192,13444,gift_card,2903
20193,13445,bank_transfer,2595
20194,13446,bank_transfer,2046
20195,13446,bank_transfer,1407
20196,13447,gift_card,2178
20197,13448,coupon,2295
20198,13448,gift_card,2804
20199,13449,gift_card,2351
20200,13450,bank_transfer,2638
20201,13450,bank_transfer,2246
20202,13451,bank_transfer,139
20203,13452,credit_card,2233
20204,13452,bank_transfer,2235
20205,13453,bank_transfer,896
20206,13454,credit_card,1187
20207,13455,gift_card,2010
20208,13456,coupon,1710
20209,13456,gift_card,1529
20210,13457,credit_card,740
20211,13457,bank_transfer,2442
20212,13458,bank_transfer,1937
20213,13458,credit_card,415
20214,13459,gift_card,1190
20215,13459,credit_card,2342
20216,13460,gift_card,2765
20217,13460,gift_card,1739
20218,13461,gift_card,852
20219,13462,bank_transfer,2664
20220,13462,credit_card,1603
20221,13463,coupon,2493
20222,13464,bank_transfer,2087
20223,13465,coupon,2819
20224,13465,credit_card,1143
20225,13466,credit_card,2244
20226,13466,coupon,1273
20227,13467,gift_card,2778
20228,13467,gift_card,2200
20229,13468,coupon,2429
20230,13469,bank_transfer,735
20231,13469,bank_transfer,300
20232,13470,credit_card,1020
20233,13470,credit_card,769
20234,13471,coupon,1185
20235,13472,credit_card,227
20236,13472,gift_card,656
20237,13473,coupon,1682
20238,13474,coupon,2364
20239,13475,gift_card,1471
20240,13475,coupon,513
20241,13476,gift_card,167
20242,13477,credit_card,983
20243,13477,gift_card,1589
20244,13478,bank_transfer,135
20245,13478,coupon,1188
20246,13479,credit_card,454
20247,13479,bank_transfer,2472
20248,13480,credit_card,2169
20249,13481,gift_card,2017
20250,13481,bank_transfer,625
20251,13482,credit_card,1096
20252,13483,credit_card,951
20253,13484,gift_card,2540
20254,13485,coupon,1233
20255,13486,coupon,594
20256,13486,credit_card,2933
20257,13487,bank_transfer,1563
20258,13488,credit_card,2283
20259,13488,gift_card,261
20260,13489,bank_transfer,742
20261,13489,credit_card,819
20262,13490,bank_transfer,1976
20263,13491,gift_card,2657
20264,13491,credit_card,2129
20265,13492,bank_transfer,772
20266,13493,gift_card,2194
20267,13493,credit_card,1527
20268,13494,credit_card,2918
20269,13495,coupon,1385
20270,13495,gift_card,656
20271,13496,gift_card,1363
20272,13496,credit_card,1212
20273,13497,bank_transfer,2662
20274,13497,bank_transfer,1362
20275,13498,coupon,2383
20276,13499,gift_card,2236
20277,13499,coupon,1232
20278,13500,gift_card,1767
20279,13501,gift_card,894
20280,13502,coupon,161
20281,13503,bank_transfer,314
20282,13503,coupon,1702
20283,13504,credit_card,999
20284,13505,gift_card,923
20285,13506,bank_transfer,2676
20286,13507,coupon,1174
20287,13508,gift_card,936
20288,13509,bank_transfer,568
20289,13509,coupon,2812
20290,13510,credit_card,2595
20291,13510,coupon,479
20292,13511,bank_transfer,1548
20293,13512,credit_card,2304
20294,13513,credit_card,1690
20295,13513,coupon,1060
20296,13514,credit_card,2227
20297,13515,gift_card,326
20298,13516,gift_card,2151
20299,13517,gift_card,1048
20300,13517,gift_card,1600
20301,13518,bank_transfer,2531
20302,13519,coupon,1720
20303,13520,credit_card,1337
20304,13520,bank_transfer,2914
20305,13521,coupon,2633
20306,13522,credit_card,534
20307,13522,bank_transfer,1064
20308,13523,bank_transfer,2687
20309,13524,gift_card,2775
20310,13525,bank_transfer,820
20311,13526,credit_card,1287
20312,13527,coupon,219
20313,13528,gift_card,2133
20314,13529,bank_transfer,527
20315,13530,bank_transfer,2977
20316,13530,credit_card,2888
20317,13531,gift_card,2007
20318,13532,bank_transfer,2389
20319,13532,coupon,2717
20320,13533,coupon,727
20321,13533,gift_card,2254
20322,13534,bank_transfer,1264
20323,13535,gift_card,736
20324,13535,bank_transfer,1912
20325,13536,bank_transfer,2490
20326,13537,coupon,1784
20327,13538,coupon,550
20328,13538,bank_transfer,1556
20329,13539,credit_card,1958
20330,13539,gift_card,1193
20331,13540,bank_transfer,2752
20332,13540,gift_card,400
20333,13541,gift_card,321
20334,13541,coupon,1666
20335,13542,bank_transfer,2093
20336,13543,gift_card,993
20337,13543,coupon,1447
20338,13544,credit_card,1443
20339,13544,credit_card,1613
20340,13545,coupon,1894
20341,13545,coupon,1071
20342,13546,coupon,1097
20343,13547,coupon,578
20344,13548,coupon,324
20345,13548,credit_card,2842
20346,13549,bank_transfer,541
20347,13550,gift_card,383
20348,13551,bank_transfer,2057
20349,13552,gift_card,2300
20350,13553,bank_transfer,2094
20351,13553,gift_card,2477
20352,13554,bank_transfer,1354
20353,13555,gift_card,1588
20354,13556,credit_card,256
20355,13556,bank_transfer,2330
20356,13557,coupon,1983
20357,13558,coupon,1055
20358,13558,bank_transfer,1230
20359,13559,gift_card,2961
20360,13560,credit_card,2236
20361,13561,gift_card,2948
20362,13562,credit_card,1733
20363,13562,bank_transfer,2229
20364,13563,gift_card,2140
20365,13563,bank_transfer,1524
20366,13564,coupon,2762
20367,13565,gift_card,1906
20368,13566,credit_card,1103
20369,13566,gift_card,1438
20370,13567,bank_transfer,2344
20371,13567,credit_card,2718
20372,13568,credit_card,1984
20373,13569,coupon,2072
20374,13569,coupon,1823
20375,13570,gift_card,1226
20376,13570,coupon,1041
20377,13571,credit_card,2566
20378,13572,credit_card,2718
20379,13572,gift_card,1772
20380,13573,coupon,1039
20380,13574,gift_card,959
20381,13574,credit_card,621
20382,13575,gift_card,2759
20383,13575,coupon,664
20384,13576,credit_card,136
20385,13577,coupon,201
20386,13577,gift_card,2780
20387,13578,bank_transfer,2524
20388,13578,bank_transfer,1238
20389,13579,gift_card,1357
20390,13579,bank_transfer,2710
20391,13580,gift_card,2463
20392,13580,bank_transfer,1773
20393,13581,coupon,2695
20394,13581,gift_card,290
20395,13582,credit_card,478
20396,13583,gift_card,1570
20397,13583,credit_card,187
20398,13584,gift_card,2176
20399,13585,gift_card,1449
20400,13586,gift_card,1601
20401,13586,credit_card,2963
20402,13587,gift_card,747
20403,13587,coupon,2806
20404,13588,credit_card,897
20405,13589,credit_card,2265
20406,13590,gift_card,1354
20407,13591,gift_card,1929
20408,13591,credit_card,1907
20409,13592,bank_transfer,2799
20410,13592,gift_card,652
20411,13593,coupon,516
20412,13593,credit_card,1562
20413,13594,credit_card,2196
20414,13595,coupon,1969
20415,13595,gift_card,640
20416,13596,bank_transfer,369
20417,13596,gift_card,2908
20418,13597,gift_card,1693
20419,13597,coupon,1195
20420,13598,bank_transfer,2212
20421,13598,coupon,624
20422,13599,credit_card,568
20423,13599,credit_card,1000
20424,13600,coupon,652
20425,13601,credit_card,2430
20426,13601,gift_card,936
20427,13602,bank_transfer,1304
20428,13602,credit_card,1734
20429,13603,coupon,137
20430,13604,bank_transfer,1290
20431,13604,coupon,538
20432,13605,bank_transfer,1030
20433,13605,gift_card,2573
20434,13606,bank_transfer,1673
20435,13606,credit_card,1201
20436,13607,coupon,1016
20437,13607,credit_card,2119
20438,13608,bank_transfer,793
20439,13609,credit_card,2640
20440,13609,credit_card,1814
20441,13610,coupon,1527
20442,13610,credit_card,1055
20443,13611,coupon,2164
20444,13612,coupon,535
20445,13613,bank_transfer,1790
20446,13614,gift_card,2135
20447,13614,bank_transfer,576
20448,13615,gift_card,2757
20449,13616,gift_card,1363
20450,13617,gift_card,406
20451,13617,coupon,2167
20452,13618,coupon,2799
20453,13618,gift_card,1117
20454,13619,credit_card,2712
20455,13619,coupon,2953
20456,13620,bank_transfer,1149
20457,13620,credit_card,2823
20458,13621,coupon,1252
20459,13621,bank_transfer,789
20460,13622,bank_transfer,921
20461,13622,coupon,2478
20462,13623,coupon,381
20463,13624,bank_transfer,2557
20464,13624,coupon,400
20465,13625,gift_card,227
20466,13625,coupon,1768
20467,13626,coupon,904
20468,13626,gift_card,1313
20469,13627,gift_card,2284
20470,13628,credit_card,252
20471,13628,bank_transfer,1344
20472,13629,gift_card,2268
20473,13629,bank_transfer,1939
20474,13630,coupon,2461
20475,13630,coupon,2081
20476,13631,credit_card,508
20477,13631,coupon,2135
20478,13632,credit_card,2421
20479,13633,coupon,867
20480,13634,coupon,1937
20481,13634,coupon,2990
20482,13635,coupon,310
20483,13635,bank_transfer,538
20484,13636,coupon,2158
20485,13636,credit_card,2212
20486,13637,credit_card,2383
20487,13637,gift_card,676
20488,13638,credit_card,1749
20489,13639,coupon,326
20490,13640,credit_card,2396
20491,13640,bank_transfer,851
20492,13641,coupon,2455
20493,13641,bank_transfer,425
20494,13642,credit_card,1566
20495,13642,credit_card,2139
20496,13643,bank_transfer,2142
20497,13644,bank_transfer,1286
20498,13644,coupon,1381
20499,13645,bank_transfer,609
20500,13645,gift_card,2793
20501,13646,gift_card,2638
20502,13647,credit_card,2236
20503,13647,gift_card,2488
20504,13648,credit_card,2083
20505,13649,bank_transfer,600
20506,13650,bank_transfer,2387
20507,13650,gift_card,316
20508,13651,gift_card,2161
20509,13652,credit_card,1663
20510,13653,gift_card,2630
20511,13654,bank_transfer,1420
20512,13655,coupon,1398
20513,13656,coupon,489
20514,13657,coupon,375
20515,13657,bank_transfer,2661
20516,13658,coupon,1220
20517,13659,gift_card,438
20518,13660,coupon,2485
20519,13661,gift_card,1314
20520,13662,gift_card,317
20521,13662,bank_transfer,134
20522,13663,credit_card,2984
20523,13663,coupon,676
20524,13664,bank_transfer,1510
20525,13665,gift_card,1664
20526,13666,bank_transfer,1061
20527,13667,credit_card,1788
20528,13667,coupon,1570
20529,13668,bank_transfer,251
20530,13668,coupon,640
20531,13669,bank_transfer,1736
20532,13669,bank_transfer,1636
20533,13670,credit_card,1896
20534,13670,gift_card,1604
20535,13671,gift_card,2287
20536,13672,coupon,1236
20537,13673,credit_card,2415
20538,13673,coupon,1221
20539,13674,bank_transfer,1515
20540,13674,credit_card,589
20541,13675,credit_card,599
20542,13675,gift_card,2293
20543,13676,bank_transfer,571
20544,13677,gift_card,2973
20545,13677,coupon,2122
20546,13678,credit_card,1217
20547,13679,credit_card,2494
20548,13679,bank_transfer,2659
20549,13680,gift_card,2973
20550,13681,bank_transfer,576
20551,13681,bank_transfer,1419
20552,13682,bank_transfer,1209
20553,13683,credit_card,2297
20554,13684,bank_transfer,1142
20555,13685,bank_transfer,1057
20556,13685,coupon,129
20557,13686,gift_card,447
20558,13687,coupon,2335
20559,13687,gift_card,2223
20560,13688,bank_transfer,1921
20561,13688,credit_card,2062
20562,13689,credit_card,2005
20563,13690,bank_transfer,1464
20564,13690,bank_transfer,667
20565,13691,credit_card,1953
20566,13691,coupon,713
20567,13692,credit_card,2065
20568,13693,coupon,1370
20569,13693,gift_card,2993
20570,13694,credit_card,2424
20571,13694,gift_card,1988
20572,13695,credit_card,2121
20573,13695,coupon,767
20574,13696,coupon,2506
20575,13697,coupon,957
20576,13698,coupon,1366
20577,13699,credit_card,702
20578,13699,bank_transfer,1287
20579,13700,bank_transfer,1739
20580,13701,coupon,2300
20581,13701,credit_card,2266
20582,13702,gift_card,2519
20583,13702,bank_transfer,1226
20584,13703,bank_transfer,337
20585,13704,bank_transfer,2783
20586,13704,coupon,1693
20587,13705,gift_card,2200
20588,13705,coupon,2758
20589,13706,coupon,1965
20590,13706,bank_transfer,1165
20591,13707,gift_card,2732
20592,13707,bank_transfer,1773
20593,13708,bank_transfer,1425
20594,13709,gift_card,785
20595,13709,coupon,582
20596,13710,coupon,795
20597,13710,coupon,691
20598,13711,coupon,1844
20599,13711,gift_card,2611
20600,13712,gift_card,774
20601,13712,bank_transfer,2780
20602,13713,credit_card,178
20603,13714,coupon,1988
20604,13715,credit_card,1639
20605,13716,bank_transfer,1468
20606,13717,bank_transfer,2786
20607,13717,bank_transfer,1257
20608,13718,credit_card,655
20609,13719,coupon,637
20610,13719,credit_card,1844
20611,13720,credit_card,1798
20612,13720,bank_transfer,879
20613,13721,coupon,1975
20614,13722,gift_card,1954
20615,13722,coupon,2616
20616,13723,bank_transfer,419
20617,13724,credit_card,528
20618,13725,coupon,2287
20619,13725,credit_card,445
20620,13726,bank_transfer,1769
20621,13726,coupon,711
20622,13727,coupon,2573
20623,13728,credit_card,507
20624,13729,credit_card,2473
20625,13730,coupon,722
20626,13730,bank_transfer,1277
20627,13731,credit_card,424
20628,13731,credit_card,807
20629,13732,coupon,138
20630,13733,bank_transfer,2718
20631,13734,credit_card,2147
20632,13734,bank_transfer,1359
20633,13735,bank_transfer,2174
20634,13735,gift_card,1019
20635,13736,coupon,1455
20636,13737,gift_card,1416
20637,13737,bank_transfer,166
20638,13738,gift_card,1741
20639,13738,credit_card,2115
20640,13739,coupon,1971
20641,13740,gift_card,582
20642,13740,credit_card,1321
20643,13741,bank_transfer,1106
20644,13742,bank_transfer,688
20645,13743,coupon,2155
20646,13743,gift_card,2162
20647,13744,gift_card,1942
20648,13745,bank_transfer,2021
20649,13745,gift_card,107
20650,13746,bank_transfer,380
20651,13746,coupon,909
20652,13747,bank_transfer,2339
20653,13747,gift_card,2902
20654,13748,gift_card,1395
20655,13748,gift_card,378
20656,13749,coupon,2487
20657,13750,credit_card,520
20658,13751,bank_transfer,450
20659,13752,coupon,1773
20660,13752,bank_transfer,690
20661,13753,coupon,1836
20662,13753,coupon,2410
20663,13754,credit_card,793
20664,13754,coupon,1825
20665,13755,coupon,1306
20666,13756,gift_card,991
20667,13756,bank_transfer,296
20668,13757,coupon,2563
20669,13757,coupon,255
20670,13758,credit_card,1378
20671,13759,bank_transfer,1618
20672,13760,coupon,1036
20673,13761,credit_card,542
20674,13762,credit_card,312
20675,13762,credit_card,2296
20676,13763,credit_card,1777
20677,13764,gift_card,2376
20678,13765,credit_card,1210
20679,13766,credit_card,1152
20680,13766,coupon,1333
20681,13767,bank_transfer,2159
20682,13767,coupon,2175
20683,13768,gift_card,653
20684,13768,credit_card,1562
20685,13769,coupon,1666
20686,13770,gift_card,2014
20687,13770,credit_card,506
20688,13771,credit_card,2010
20689,13772,coupon,2910
20690,13772,credit_card,2776
20691,13773,credit_card,820
20692,13774,credit_card,686
20693,13775,bank_transfer,2970
20694,13775,coupon,2887
20695,13776,gift_card,1766
20696,13776,coupon,1280
20697,13777,coupon,551
20698,13778,credit_card,2012
20699,13779,credit_card,803
20700,13779,bank_transfer,1770
20701,13780,credit_card,972
20702,13781,gift_card,1952
20703,13781,bank_transfer,2894
20704,13782,coupon,816
20705,13783,gift_card,1927
20706,13783,bank_transfer,2129
20707,13784,bank_transfer,160
20708,13785,credit_card,1366
20709,13785,credit_card,2287
20710,13786,bank_transfer,2833
20711,13787,bank_transfer,2819
20712,13788,credit_card,2416
20713,13789,credit_card,2675
20714,13790,gift_card,1689
20715,13791,credit_card,1867
20716,13792,gift_card,1095
20717,13793,bank_transfer,1360
20718,13794,credit_card,1479
20719,13795,gift_card,2559
20720,13795,credit_card,963
20721,13796,coupon,1024
20722,13797,gift_card,2705
20723,13797,credit_card,1634
20724,13798,credit_card,439
20725,13799,gift_card,2793
20726,13800,credit_card,1928
20727,13800,coupon,2450
20728,13801,bank_transfer,2296
20729,13801,gift_card,306
20730,13802,credit_card,2421
20731,13803,credit_card,1148
20732,13804,gift_card,1843
20733,13804,bank_transfer,316
20734,13805,gift_card,2054
20735,13805,bank_transfer,2987
20736,13806,bank_transfer,871
20737,13807,gift_card,1967
20738,13808,coupon,2859
20739,13808,bank_transfer,1213
20740,13809,bank_transfer,1165
20741,13809,coupon,985
20742,13810,credit_card,412
20743,13810,gift_card,399
20744,13811,coupon,2356
20745,13811,coupon,1792
20746,13812,bank_transfer,2013
20747,13812,bank_transfer,1148
20748,13813,credit_card,764
20749,13814,credit_card,1187
20750,13814,bank_transfer,2105
20751,13815,gift_card,2816
20752,13816,credit_card,2572
20753,13817,credit_card,123
20754,13818,bank_transfer,197
20755,13819,gift_card,2662
20756,13820,coupon,261
20757,13821,credit_card,2558
20758,13822,gift_card,886
20759,13823,coupon,236
20760,13823,gift_card,2701
20761,13824,coupon,1475
20762,13824,bank_transfer,1672
20763,13825,credit_card,857
20764,13825,bank_transfer,476
20765,13826,bank_transfer,2270
20766,13827,coupon,992
20767,13827,credit_card,716
20768,13828,bank_transfer,248
20769,13828,gift_card,1278
20770,13829,coupon,1964
20771,13829,coupon,1504
20772,13830,credit_card,2699
20773,13830,credit_card,1619
20774,13831,bank_transfer,598
20775,13831,bank_transfer,1859
20776,13832,credit_card,1900
20777,13833,bank_transfer,883
20778,13833,bank_transfer,404
20779,13834,credit_card,1943
20780,13835,coupon,2757
20781,13835,credit_card,915
20782,13836,gift_card,759
20783,13837,gift_card,1506
20784,13838,coupon,2870
20785,13838,coupon,894
20786,13839,gift_card,185
20787,13840,credit_card,1262
20788,13840,coupon,165
20789,13841,credit_card,898
20790,13841,gift_card,1536
20791,13842,gift_card,1820
20792,13843,coupon,937
20793,13843,bank_transfer,1972
20794,13844,bank_transfer,1307
20795,13845,credit_card,1053
20796,13846,credit_card,1279
20797,13846,gift_card,1280
20798,13847,credit_card,403
20799,13847,credit_card,1260
20800,13848,bank_transfer,2137
20801,13849,bank_transfer,817
20802,13849,gift_card,432
20803,13850,coupon,181
20804,13850,gift_card,712
20805,13851,bank_transfer,913
20806,13852,bank_transfer,2026
20807,13853,bank_transfer,838
20807,13853,coupon,1497
20808,13854,credit_card,192
20809,13855,credit_card,2974
20810,13856,bank_transfer,662
20811,13857,gift_card,626
20812,13858,gift_card,2317
20813,13858,bank_transfer,2422
20814,13859,bank_transfer,2351
20815,13860,coupon,2391
20816,13861,coupon,1616
20817,13861,gift_card,2081
20818,13862,bank_transfer,2929
20819,13863,credit_card,740
20820,13864,credit_card,1787
20821,13864,coupon,542
20822,13865,credit_card,1954
20823,13866,gift_card,2874
20824,13866,bank_transfer,598
20825,13867,gift_card,264
20826,13867,credit_card,2947
20827,13868,gift_card,2598
20828,13869,bank_transfer,397
20829,13869,gift_card,1279
20830,13870,coupon,2066
20831,13870,gift_card,2146
20832,13871,gift_card,444
20833,13871,credit_card,2820
20834,13872,credit_card,1742
20835,13872,credit_card,2010
20836,13873,credit_card,2766
20837,13874,gift_card,1721
20838,13875,bank_transfer,1748
20839,13876,gift_card,2809
20840,13877,credit_card,2480
20841,13878,credit_card,2766
20842,13878,coupon,1777
20843,13879,bank_transfer,198
20844,13880,credit_card,1312
20845,13881,coupon,2040
20846,13882,coupon,2877
20847,13883,credit_card,516
20848,13884,bank_transfer,2653
20849,13885,gift_card,1539
20850,13886,credit_card,1498
20851,13887,credit_card,761
20852,13888,coupon,1207
20853,13888,bank_transfer,1517
20854,13889,coupon,2361
20855,13889,credit_card,1618
20856,13890,coupon,2896
20857,13890,credit_card,1325
20858,13891,credit_card,316
20859,13891,credit_card,2740
20860,13892,bank_transfer,1351
20861,13892,bank_transfer,612
20862,13893,coupon,2755
20863,13893,gift_card,1677
20864,13894,credit_card,135
20865,13895,bank_transfer,1582
20866,13895,bank_transfer,1664
20867,13896,bank_transfer,2792
20868,13896,bank_transfer,140
20869,13897,bank_transfer,1606
20870,13898,coupon,2364
20871,13899,gift_card,383
20872,13900,bank_transfer,704
20873,13901,credit_card,415
20874,13902,coupon,679
20875,13903,bank_transfer,2622
20876,13903,credit_card,238
20877,13904,coupon,2438
20878,13905,coupon,2475
20879,13906,credit_card,883
20880,13907,gift_card,2440
20881,13908,bank_transfer,1870
20882,13908,credit_card,2434
20883,13909,credit_card,1724
20884,13910,credit_card,1924
20885,13911,bank_transfer,2478
20886,13911,gift_card,2829
20887,13912,bank_transfer,861
20888,13912,gift_card,2241
20889,13913,credit_card,2567
20890,13914,coupon,533
20891,13914,coupon,1830
20892,13915,coupon,2765
20893,13916,credit_card,942
20894,13917,gift_card,166
20895,13918,gift_card,840
20896,13919,gift_card,1627
20897,13919,coupon,1272
20898,13920,coupon,2432
20899,13920,gift_card,2375
20900,13921,bank_transfer,750
20901,13921,bank_transfer,2408
20902,13922,bank_transfer,495
20903,13923,credit_card,2343
20904,13924,bank_transfer,2146
20905,13925,gift_card,1133
20906,13926,gift_card,1650
20907,13926,gift_card,715
20908,13927,coupon,1689
20909,13928,bank_transfer,1366
20910,13928,credit_card,2897
20911,13929,credit_card,755
20912,13930,bank_transfer,1130
20913,13931,bank_transfer,2987
20914,13931,credit_card,2080
20915,13932,gift_card,1328
20916,13932,credit_card,130
20917,13933,gift_card,2105
20918,13934,gift_card,967
20919,13935,gift_card,1580
20920,13935,gift_card,626
20921,13936,gift_card,1422
20922,13937,coupon,154
20923,13937,bank_transfer,2745
20924,13938,gift_card,1970
20925,13939,coupon,546
20926,13939,gift_card,1290
20927,13940,coupon,2775
20928,13940,credit_card,2730
20929,13941,gift_card,2575
20930,13942,coupon,2343
20931,13943,gift_card,748
20932,13943,coupon,142
20933,13944,coupon,1256
20934,13944,gift_card,2420
20935,13945,credit_card,1124
20936,13946,bank_transfer,234
20937,13947,bank_transfer,2775
20938,13947,bank_transfer,2929
20939,13948,credit_card,2200
20940,13949,gift_card,699
20941,13949,credit_card,1142
20942,13950,gift_card,623
20943,13950,gift_card,2160
20944,13951,credit_card,2812
20945,13952,coupon,1475
20946,13952,gift_card,542
20947,13953,coupon,989
20948,13953,bank_transfer,1743
20949,13954,gift_card,2832
20950,13954,credit_card,2212
20951,13955,bank_transfer,2778
20952,13956,bank_transfer,1645
20953,13956,coupon,1452
20954,13957,bank_transfer,1159
20955,13958,bank_transfer,1268
20956,13959,bank_transfer,2447
20957,13959,coupon,2742
20958,13960,coupon,1459
20959,13960,gift_card,2635
20960,13961,gift_card,2207
20961,13961,coupon,1958
20962,13962,bank_transfer,1196
20963,13962,credit_card,1404
20964,13963,bank_transfer,2100
20965,13964,bank_transfer,2714
20966,13965,bank_transfer,1454
20967,13965,gift_card,1495
20968,13966,coupon,1267
20969,13967,credit_card,849
20970,13967,credit_card,1423
20971,13968,coupon,905
20972,13969,bank_transfer,1697
20973,13970,coupon,2598
20974,13971,credit_card,294
20975,13971,gift_card,2650
20976,13972,credit_card,2333
20977,13972,gift_card,762
20978,13973,coupon,2454
20979,13973,bank_transfer,2792
20980,13974,bank_transfer,2364
20981,13974,gift_card,1106
20982,13975,gift_card,1119
20983,13976,credit_card,1226
20984,13977,coupon,1727
20985,13977,coupon,1171
20986,13978,bank_transfer,675
20987,13979,gift_card,2314
20988,13979,gift_card,1895
20989,13980,bank_transfer,2309
20990,13980,gift_card,2444
20991,13981,gift_card,1448
20992,13981,gift_card,1706
20993,13982,coupon,2725
20994,13982,coupon,2605
20995,13983,coupon,774
20996,13984,gift_card,1017
20997,13984,bank_transfer,1312
20998,13985,gift_card,1926
20999,13986,credit_card,2546
21000,13987,credit_card,538
21001,13988,bank_transfer,766
21002,13989,gift_card,487
21003,13990,coupon,1469
21004,13990,coupon,2133
21005,13991,gift_card,397
21006,13992,bank_transfer,1459
21007,13993,gift_card,1862
21008,13994,coupon,733
21009,13995,coupon,1330
21010,13995,coupon,101
21011,13996,bank_transfer,2075
21012,13997,bank_transfer,1327
21013,13998,coupon,767
21014,13998,gift_card,2938
21015,13999,credit_card,2418
21016,13999,credit_card,2983
21017,14000,bank_transfer,2615
21018,14001,coupon,1995
21019,14001,bank_transfer,880
21020,14002,coupon,335
21021,14002,credit_card,1284
21022,14003,bank_transfer,700
21023,14003,credit_card,356
21024,14004,credit_card,2112
21025,14004,credit_card,686
21026,14005,bank_transfer,1730
21027,14005,credit_card,2039
21028,14006,gift_card,2589
21029,14006,bank_transfer,2326
21030,14007,bank_transfer,599
21031,14008,coupon,529
21032,14009,bank_transfer,772
21033,14010,coupon,2893
21034,14010,credit_card,1217
21035,14011,bank_transfer,792
21036,14011,gift_card,1985
21037,14012,credit_card,2438
21038,14013,gift_card,1608
21039,14014,gift_card,2188
21040,14014,bank_transfer,2192
21041,14015,bank_transfer,251
21042,14016,credit_card,1690
21043,14017,credit_card,648
21044,14017,bank_transfer,1482
21045,14018,gift_card,206
21046,14018,gift_card,542
21047,14019,credit_card,1374
21048,14019,bank_transfer,2718
21049,14020,bank_transfer,1633
21050,14020,gift_card,1176
21051,14021,credit_card,460
21052,14022,coupon,2688
21053,14023,coupon,2914
21054,14024,bank_transfer,1419
21055,14025,credit_card,1123
21056,14025,credit_card,1477
21057,14026,coupon,215
21058,14027,bank_transfer,206
21059,14028,credit_card,2422
21060,14029,bank_transfer,2079
21061,14029,coupon,921
21062,14030,credit_card,2223
21063,14031,bank_transfer,198
21064,14032,bank_transfer,475
21065,14033,coupon,2984
21066,14033,coupon,159
21067,14034,gift_card,1275
21068,14034,gift_card,2910
21069,14035,gift_card,1946
21070,14036,credit_card,1229
21071,14036,bank_transfer,666
21072,14037,bank_transfer,2071
21073,14037,gift_card,332
21074,14038,bank_transfer,612
21075,14039,coupon,1262
21076,14040,coupon,1495
21077,14040,coupon,1448
21078,14041,coupon,822
21079,14042,credit_card,687
21080,14043,bank_transfer,2961
21081,14044,coupon,2732
21082,14045,credit_card,730
21083,14045,gift_card,175
21084,14046,bank_transfer,2101
21085,14047,bank_transfer,672
21086,14047,credit_card,921
21087,14048,bank_transfer,2235
21088,14049,credit_card,1513
21089,14049,credit_card,239
21090,14050,gift_card,1594
21091,14050,bank_transfer,337
21092,14051,bank_transfer,1657
21093,14052,gift_card,1630
21094,14053,coupon,573
21095,14053,gift_card,2221
21096,14054,coupon,2826
21097,14054,credit_card,430
21098,14055,coupon,2247
21099,14055,bank_transfer,428
21100,14056,gift_card,1444
21101,14057,coupon,416
21102,14058,credit_card,1185
21103,14059,coupon,2326
21104,14059,coupon,1162
21105,14060,credit_card,725
21106,14060,gift_card,1147
21107,14061,gift_card,600
21108,14061,credit_card,1837
21109,14062,bank_transfer,2988
21110,14062,gift_card,2504
21111,14063,coupon,1447
21112,14064,bank_transfer,2189
21113,14064,coupon,1751
21114,14065,gift_card,2154
21115,14066,gift_card,2884
21116,14066,credit_card,1975
21117,14067,coupon,1810
21118,14067,bank_transfer,2869
21119,14068,coupon,2114
21120,14069,coupon,2080
21121,14069,credit_card,2901
21122,14070,credit_card,2360
21123,14071,credit_card,1078
21124,14071,coupon,624
21125,14072,coupon,1084
21126,14072,credit_card,699
21127,14073,coupon,1813
21128,14073,bank_transfer,1688
21129,14074,bank_transfer,726
21130,14075,coupon,458
21131,14076,coupon,2892
21132,14077,gift_card,709
21133,14078,gift_card,2084
21134,14078,coupon,1503
21135,14079,gift_card,2707
21136,14080,coupon,167
21137,14080,gift_card,443
21138,14081,bank_transfer,1343
21139,14082,gift_card,1195
21140,14083,coupon,2635
21141,14084,gift_card,2810
21142,14085,bank_transfer,623
21143,14086,credit_card,1923
21144,14086,bank_transfer,2502
21145,14087,bank_transfer,1225
21146,14087,credit_card,1294
21147,14088,gift_card,1092
21148,14088,gift_card,2329
21149,14089,coupon,1753
21150,14089,gift_card,2047
21151,14090,coupon,2493
21152,14090,credit_card,200
21153,14091,credit_card,2049
21154,14091,credit_card,2099
21155,14092,gift_card,1899
21156,14092,credit_card,1399
21157,14093,gift_card,633
21158,14094,credit_card,150
21159,14095,coupon,1176
21160,14096,credit_card,2722
21161,14096,credit_card,143
21162,14097,bank_transfer,451
21163,14098,bank_transfer,2535
21164,14098,credit_card,2002
21165,14099,gift_card,619
21166,14099,credit_card,1247
21167,14100,coupon,2319
21168,14101,coupon,1701
21169,14102,coupon,1482
21170,14102,coupon,2791
21171,14103,coupon,809
21172,14104,bank_transfer,2846
21173,14104,gift_card,2114
21174,14105,gift_card,816
21175,14105,coupon,1408
21176,14106,gift_card,460
21177,14106,gift_card,2118
21178,14107,coupon,444
21179,14108,gift_card,787
21180,14109,gift_card,1845
21181,14109,coupon,257
21182,14110,gift_card,1677
21183,14111,coupon,2281
21184,14112,credit_card,1202
21185,14113,credit_card,2215
21186,14114,coupon,1070
21187,14114,credit_card,2199
21188,14115,bank_transfer,108
21189,14116,coupon,160
21190,14117,coupon,1772
21191,14117,credit_card,2612
21192,14118,coupon,2196
21193,14119,coupon,894
21194,14120,coupon,2876
21195,14120,credit_card,793
21196,14121,coupon,719
21197,14121,bank_transfer,445
21198,14122,credit_card,2281
21199,14122,gift_card,2761
21200,14123,credit_card,2346
21201,14123,coupon,2197
21202,14124,gift_card,542
21203,14124,credit_card,506
21204,14125,credit_card,2667
21205,14126,credit_card,2412
21206,14126,coupon,2276
21207,14127,gift_card,2306
21208,14127,gift_card,834
21209,14128,coupon,2630
21210,14129,bank_transfer,2237
21211,14130,credit_card,2778
21212,14131,bank_transfer,2963
21213,14132,credit_card,2593
21214,14132,credit_card,1436
21215,14133,coupon,1390
21216,14134,credit_card,1803
21217,14135,coupon,1520
21218,14135,bank_transfer,1264
21219,14136,gift_card,768
21220,14137,credit_card,1041
21221,14137,coupon,341
21222,14138,credit_card,371
21223,14138,gift_card,1420
21224,14139,gift_card,549
21225,14140,bank_transfer,581
21226,14141,coupon,2524
21227,14141,credit_card,1470
21228,14142,coupon,847
21229,14143,bank_transfer,1703
21230,14143,coupon,1887
21231,14144,bank_transfer,287
21231,14145,bank_transfer,525
21232,14146,bank_transfer,495
21233,14147,bank_transfer,687
21234,14147,gift_card,213
21235,14148,coupon,1432
21236,14149,bank_transfer,1062
21237,14150,bank_transfer,2535
21238,14151,credit_card,2610
21239,14152,gift_card,1513
21240,14152,gift_card,1132
21241,14153,credit_card,1741
21242,14153,credit_card,1572
21242,14154,bank_transfer,277
21243,14155,credit_card,702
21244,14155,bank_transfer,1815
21245,14156,gift_card,2988
21246,14156,bank_transfer,387
21247,14157,bank_transfer,2960
21248,14158,gift_card,2063
21249,14159,coupon,1789
21250,14160,bank_transfer,1378
21251,14160,bank_transfer,166
21252,14161,bank_transfer,2835
21253,14162,credit_card,319
21254,14162,gift_card,1013
21255,14163,credit_card,288
21256,14164,coupon,1805
21257,14165,gift_card,1211
21258,14166,gift_card,1934
21259,14166,coupon,1822
21260,14167,gift_card,441
21261,14167,credit_card,473
21262,14168,bank_transfer,2309
21263,14168,credit_card,243
21264,14169,coupon,1264
21265,14169,bank_transfer,2086
21266,14170,credit_card,2061
21267,14170,gift_card,1841
21268,14171,gift_card,1314
21269,14172,bank_transfer,2028
21270,14173,coupon,534
21271,14174,bank_transfer,2095
21272,14174,credit_card,1600
21273,14175,gift_card,2675
21274,14176,credit_card,2092
21275,14177,bank_transfer,656
21276,14177,bank_transfer,921
21277,14178,coupon,2675
21278,14179,credit_card,1596
21279,14179,coupon,1684
21280,14180,coupon,2306
21281,14181,credit_card,602
21282,14182,coupon,858
21283,14182,gift_card,859
21284,14183,bank_transfer,1035
21285,14183,coupon,783
21286,14184,bank_transfer,957
21287,14185,credit_card,2154
21288,14185,coupon,1147
21289,14186,credit_card,2524
21290,14186,bank_transfer,921
21291,14187,coupon,2989
21292,14187,coupon,722
21293,14188,credit_card,2825
21294,14189,credit_card,2667
21295,14189,credit_card,1991
21296,14190,gift_card,1474
21297,14190,bank_transfer,1095
21298,14191,bank_transfer,102
21299,14191,gift_card,929
21300,14192,credit_card,133
21301,14192,credit_card,381
21302,14193,gift_card,2296
21303,14194,bank_transfer,1631
21304,14194,bank_transfer,614
21305,14195,bank_transfer,2524
21306,14196,credit_card,448
21307,14196,credit_card,286
21308,14197,gift_card,2774
21309,14197,coupon,1624
21310,14198,credit_card,1051
21311,14199,credit_card,2062
21312,14199,gift_card,1172
21313,14200,credit_card,994
21314,14201,coupon,1048
21315,14202,gift_card,1716
21316,14203,credit_card,2566
21317,14203,credit_card,1209
21318,14204,credit_card,2421
21319,14205,bank_transfer,1886
21320,14205,coupon,519
21321,14206,credit_card,1808
21322,14206,credit_card,1974
21323,14207,credit_card,2064
21324,14208,credit_card,416
21325,14208,bank_transfer,1663
21326,14209,bank_transfer,2461
21327,14209,credit_card,435
21328,14210,coupon,332
21329,14211,credit_card,2539
21330,14212,gift_card,938
21331,14213,coupon,2209
21332,14213,credit_card,1403
21333,14214,credit_card,2976
21334,14214,gift_card,1990
21335,14215,coupon,2039
21336,14215,coupon,222
21337,14216,coupon,1348
21338,14217,gift_card,1766
21339,14217,gift_card,2021
21340,14218,bank_transfer,2099
21341,14219,bank_transfer,2032
21342,14219,bank_transfer,2726
21343,14220,bank_transfer,150
21344,14221,gift_card,2810
21345,14222,bank_transfer,420
21346,14222,bank_transfer,705
21347,14223,gift_card,2225
21348,14223,bank_transfer,173
21349,14224,credit_card,1084
21350,14225,bank_transfer,1392
21351,14226,credit_card,2478
21352,14226,bank_transfer,1581
21353,14227,bank_transfer,2697
21354,14228,credit_card,876
21355,14228,gift_card,2848
21356,14229,coupon,1916
21357,14229,coupon,1075
21358,14230,credit_card,1969
21359,14230,gift_card,2728
21360,14231,coupon,2462
21361,14232,bank_transfer,1269
21361,14232,credit_card,297
21362,14233,coupon,504
21363,14233,credit_card,2654
21364,14234,coupon,928
21365,14235,bank_transfer,2858
21366,14235,coupon,1383
21367,14236,gift_card,1473
21368,14237,bank_transfer,2895
21369,14237,gift_card,2001
21370,14238,gift_card,393
21371,14238,credit_card,394
21372,14239,gift_card,1866
21373,14240,gift_card,1009
21374,14240,credit_card,533
21375,14241,coupon,2540
21376,14241,credit_card,1142
21377,14242,bank_transfer,926
21378,14243,credit_card,1889
21379,14243,coupon,2524
21380,14244,gift_card,1833
21381,14244,bank_transfer,1707
21382,14245,coupon,356
21383,14246,coupon,2238
21384,14247,gift_card,2774
21385,14248,gift_card,1430
21386,14249,credit_card,2745
21387,14249,credit_card,733
21388,14250,credit_card,1277
21389,14250,coupon,2347
21390,14251,coupon,2963
21391,14251,bank_transfer,2096
21392,14252,credit_card,1416
21393,14253,gift_card,2828
21394,14254,gift_card,1267
21395,14254,credit_card,2177
21396,14255,bank_transfer,1955
21397,14255,bank_transfer,1771
21398,14256,coupon,1173
21399,14257,coupon,1465
21400,14258,credit_card,2019
21401,14259,bank_transfer,2368
21402,14260,gift_card,1531
21403,14260,coupon,1923
21404,14261,bank_transfer,933
21405,14262,credit_card,1838
21406,14262,gift_card,1307
21407,14263,credit_card,2118
21408,14264,gift_card,998
21409,14264,credit_card,2061
21410,14265,coupon,122
21411,14265,coupon,1333
21412,14266,bank_transfer,493
21413,14266,bank_transfer,1378
21414,14267,credit_card,2888
21415,14268,credit_card,2238
21416,14269,gift_card,2907
21417,14269,coupon,455
21418,14270,coupon,1210
21419,14271,coupon,1336
21420,14272,credit_card,1618
21421,14272,bank_transfer,1880
21422,14273,credit_card,852
21423,14274,gift_card,357
21424,14274,coupon,2640
21425,14275,bank_transfer,1398
21426,14276,credit_card,544
21427,14277,coupon,180
21428,14277,coupon,2273
21429,14278,bank_transfer,879
21430,14278,bank_transfer,1447
21431,14279,gift_card,2857
21432,14280,coupon,334
21433,14281,gift_card,2555
21434,14282,credit_card,257
21435,14283,credit_card,2728
21436,14283,credit_card,1126
21437,14284,credit_card,362
21438,14285,bank_transfer,2348
21439,14285,gift_card,1112
21440,14286,coupon,1309
21441,14286,coupon,366
21442,14287,bank_transfer,189
21443,14287,bank_transfer,1909
21444,14288,credit_card,544
21445,14289,coupon,586
21446,14290,bank_transfer,441
21447,14291,bank_transfer,2111
21448,14291,gift_card,1909
21449,14292,gift_card,2171
21450,14292,coupon,1275
21451,14293,coupon,1786
21452,14294,bank_transfer,183
21453,14294,credit_card,2906
21454,14295,bank_transfer,2464
21455,14296,gift_card,1422
21456,14296,coupon,663
21457,14297,credit_card,168
21458,14297,gift_card,693
21459,14298,coupon,1277
21460,14299,gift_card,673
21461,14299,gift_card,894
21462,14300,credit_card,1847
21463,14301,gift_card,2583
21464,14301,coupon,2660
21465,14302,bank_transfer,715
21466,14303,bank_transfer,2035
21467,14303,gift_card,2699
21468,14304,gift_card,1966
21469,14305,bank_transfer,1657
21470,14306,gift_card,1749
21471,14306,coupon,565
21472,14307,coupon,447
21473,14308,bank_transfer,497
21474,14309,gift_card,306
21475,14310,coupon,104
21476,14310,credit_card,816
21477,14311,credit_card,1311
21478,14312,coupon,180
21479,14312,credit_card,1603
21480,14313,credit_card,1213
21481,14313,credit_card,832
21482,14314,credit_card,2059
21483,14314,bank_transfer,2577
21484,14315,gift_card,2321
21485,14315,gift_card,1818
21486,14316,gift_card,182
21487,14317,credit_card,628
21488,14318,bank_transfer,548
21489,14319,credit_card,1420
21490,14319,coupon,1369
21491,14320,gift_card,2110
21492,14321,gift_card,1678
21493,14322,credit_card,1663
21494,14322,gift_card,1184
21495,14323,bank_transfer,1481
21496,14323,bank_transfer,869
21497,14324,coupon,2749
21498,14325,credit_card,2982
21499,14326,coupon,2898
21500,14327,bank_transfer,1950
21501,14327,gift_card,2164
21502,14328,coupon,2328
21503,14329,coupon,1430
21504,14329,coupon,2522
21505,14330,credit_card,1776
21506,14330,credit_card,674
21507,14331,gift_card,610
21508,14331,coupon,706
21509,14332,gift_card,185
21510,14333,credit_card,125
21511,14334,gift_card,154
21512,14334,bank_transfer,2944
21513,14335,gift_card,2287
21514,14336,coupon,1589
21515,14337,bank_transfer,1744
21516,14338,gift_card,1714
21517,14338,bank_transfer,1685
21518,14339,coupon,1249
21519,14340,credit_card,1144
21520,14340,credit_card,2589
21521,14341,credit_card,574
21522,14342,bank_transfer,745
21523,14343,coupon,2895
21524,14343,coupon,2781
21525,14344,coupon,1871
21526,14344,credit_card,2079
21527,14345,bank_transfer,2218
21528,14346,bank_transfer,906
21529,14346,credit_card,1766
21530,14347,gift_card,1131
21531,14348,coupon,1791
21532,14348,gift_card,2805
21533,14349,credit_card,1289
21534,14350,bank_transfer,1307
21535,14351,bank_transfer,1642
21536,14351,coupon,839
21537,14352,credit_card,2653
21538,14352,gift_card,2852
21539,14353,credit_card,1536
21540,14354,coupon,276
21541,14354,bank_transfer,2164
21542,14355,gift_card,1955
21543,14356,coupon,2936
21544,14356,bank_transfer,1450
21545,14357,coupon,345
21546,14357,bank_transfer,1163
21547,14358,bank_transfer,169
21548,14359,bank_transfer,1078
21549,14360,gift_card,585
21550,14361,credit_card,375
21551,14361,bank_transfer,1522
21552,14362,coupon,2466
21553,14363,gift_card,1295
21554,14363,bank_transfer,692
21555,14364,coupon,2609
21556,14364,coupon,1433
21557,14365,credit_card,218
21558,14365,gift_card,2765
21559,14366,coupon,2999
21560,14367,coupon,2049
21561,14368,credit_card,2712
21562,14368,bank_transfer,1661
21563,14369,credit_card,240
21564,14369,gift_card,502
21565,14370,gift_card,514
21566,14370,coupon,533
21567,14371,coupon,2413
21568,14371,credit_card,874
21569,14372,credit_card,1224
21570,14372,bank_transfer,2172
21571,14373,bank_transfer,148
21572,14373,bank_transfer,1156
21573,14374,credit_card,1484
21574,14374,credit_card,1163
21575,14375,gift_card,2004
21576,14376,credit_card,229
21577,14377,gift_card,2993
21578,14378,bank_transfer,1228
21579,14378,coupon,1275
21580,14379,gift_card,2782
21581,14379,gift_card,2235
21582,14380,bank_transfer,272
21583,14381,credit_card,2968
21584,14382,bank_transfer,864
21585,14383,gift_card,562
21586,14384,credit_card,2453
21587,14384,bank_transfer,1463
21588,14385,coupon,2105
21589,14386,credit_card,2467
21590,14387,bank_transfer,1419
21591,14388,credit_card,1359
21592,14388,bank_transfer,2059
21593,14389,bank_transfer,422
21594,14389,bank_transfer,2236
21595,14390,bank_transfer,261
21596,14391,coupon,1596
21597,14391,bank_transfer,951
21598,14392,credit_card,1218
21599,14392,bank_transfer,1963
21600,14393,gift_card,1563
21601,14394,gift_card,1749
21602,14395,coupon,1589
21603,14396,gift_card,2725
21604,14397,bank_transfer,2956
21605,14398,credit_card,1703
21606,14398,credit_card,2510
21607,14399,bank_transfer,2833
21608,14399,bank_transfer,2920
21609,14400,credit_card,1025
21610,14401,coupon,2276
21611,14402,bank_transfer,2299
21612,14402,gift_card,1306
21613,14403,coupon,837
21614,14403,bank_transfer,2085
21615,14404,coupon,1589
21616,14405,coupon,2357
21617,14405,gift_card,767
21618,14406,gift_card,1974
21619,14407,credit_card,2144
21620,14408,gift_card,2975
21621,14409,credit_card,1548
21622,14409,coupon,1594
21623,14410,coupon,1192
21624,14410,gift_card,2863
21625,14411,coupon,633
21626,14412,credit_card,2930
21627,14413,bank_transfer,1915
21628,14413,credit_card,2558
21629,14414,coupon,2532
21630,14414,gift_card,416
21631,14415,coupon,1127
21632,14415,coupon,483
21633,14416,credit_card,397
21634,14417,coupon,1459
21635,14418,coupon,1298
21636,14418,gift_card,129
21637,14419,gift_card,1474
21638,14419,coupon,2790
21639,14420,bank_transfer,1259
21640,14421,gift_card,775
21641,14422,bank_transfer,1501
21642,14422,coupon,131
21643,14423,coupon,278
21644,14424,credit_card,399
21645,14424,coupon,2500
21646,14425,gift_card,1430
21647,14426,credit_card,761
21648,14426,coupon,2878
21649,14427,credit_card,162
21650,14428,gift_card,1066
21651,14428,coupon,958
21652,14429,gift_card,169
21653,14429,gift_card,1085
21654,14430,gift_card,1472
21655,14431,credit_card,2331
21656,14431,bank_transfer,1754
21657,14432,coupon,2447
21658,14432,coupon,1807
21659,14433,coupon,995
21660,14434,credit_card,826
21661,14434,bank_transfer,990
21662,14435,gift_card,1192
21663,14436,gift_card,2969
21664,14437,bank_transfer,1850
21665,14437,coupon,1486
21666,14438,coupon,2847
21667,14438,coupon,512
21668,14439,gift_card,2382
21669,14440,coupon,2229
21670,14441,credit_card,322
21671,14441,bank_transfer,1371
21672,14442,credit_card,1300
21673,14442,gift_card,2765
21674,14443,gift_card,2766
21675,14443,gift_card,1121
21676,14444,credit_card,2336
21677,14444,coupon,1089
21678,14445,credit_card,2735
21679,14446,bank_transfer,2222
21680,14447,gift_card,2845
21681,14448,bank_transfer,1453
21682,14448,gift_card,672
21683,14449,credit_card,1141
21684,14449,credit_card,2384
21685,14450,gift_card,2019
21686,14450,gift_card,346
21687,14451,gift_card,2382
21688,14452,gift_card,294
21689,14453,bank_transfer,2813
21690,14453,gift_card,281
21691,14454,credit_card,2468
21692,14455,credit_card,345
21693,14455,coupon,2064
21694,14456,credit_card,318
21695,14456,gift_card,372
21696,14457,gift_card,2366
21697,14457,credit_card,931
21698,14458,coupon,1700
21699,14458,bank_transfer,489
21700,14459,credit_card,1094
21701,14460,bank_transfer,2034
21702,14460,bank_transfer,1054
21703,14461,gift_card,3000
21704,14461,credit_card,2483
21705,14462,gift_card,1405
21706,14462,bank_transfer,439
21707,14463,credit_card,2830
21708,14464,gift_card,2671
21709,14465,bank_transfer,869
21710,14465,bank_transfer,429
21711,14466,bank_transfer,2588
21712,14466,bank_transfer,2384
21713,14467,gift_card,1095
21714,14468,bank_transfer,2574
21715,14468,gift_card,2921
21716,14469,gift_card,2521
21717,14470,bank_transfer,1477
21718,14470,bank_transfer,2647
21719,14471,gift_card,1088
21720,14472,bank_transfer,163
21721,14473,coupon,2806
21722,14473,credit_card,2593
21723,14474,bank_transfer,1030
21724,14474,coupon,2256
21725,14475,credit_card,1173
21726,14476,coupon,2405
21727,14476,coupon,602
21728,14477,bank_transfer,2762
21729,14477,bank_transfer,883
21730,14478,bank_transfer,2708
21731,14479,bank_transfer,459
21732,14480,bank_transfer,1686
21733,14481,gift_card,2673
21734,14481,credit_card,689
21735,14482,bank_transfer,423
21736,14482,gift_card,2423
21737,14483,coupon,265
21738,14483,coupon,2305
21739,14484,bank_transfer,2003
21740,14485,gift_card,1610
21741,14485,credit_card,957
21742,14486,credit_card,1084
21743,14486,bank_transfer,1776
21744,14487,coupon,517
21745,14488,coupon,426
21746,14488,coupon,1556
21747,14489,gift_card,1953
21748,14490,bank_transfer,2874
21749,14490,credit_card,2145
21750,14491,credit_card,1910
21751,14492,gift_card,672
21752,14492,coupon,2250
21753,14493,gift_card,162
21754,14494,credit_card,2801
21755,14494,gift_card,1287
21756,14495,credit_card,849
21757,14495,coupon,149
21758,14496,gift_card,1779
21759,14496,bank_transfer,2497
21760,14497,credit_card,263
21761,14497,gift_card,2808
21762,14498,credit_card,617
21763,14499,bank_transfer,723
21764,14500,coupon,824
21765,14500,coupon,2683
21766,14501,coupon,2393
21767,14501,credit_card,1136
21768,14502,bank_transfer,674
21769,14503,credit_card,928
21770,14503,gift_card,359
21771,14504,credit_card,2672
21772,14504,bank_transfer,1184
21773,14505,credit_card,2205
21774,14505,credit_card,513
21775,14506,bank_transfer,2929
21776,14506,credit_card,560
21777,14507,coupon,1711
21778,14508,gift_card,240
21779,14509,bank_transfer,1454
21780,14509,gift_card,648
21781,14510,gift_card,2858
21782,14511,credit_card,527
21783,14511,gift_card,382
21784,14512,coupon,467
21785,14513,credit_card,361
21786,14514,credit_card,1514
21787,14514,bank_transfer,261
21788,14515,coupon,2160
21789,14516,gift_card,422
21790,14517,bank_transfer,1645
21791,14517,gift_card,310
21792,14518,gift_card,1646
21793,14519,coupon,1361
21794,14519,coupon,1664
21795,14520,gift_card,551
21796,14521,gift_card,2203
21797,14521,credit_card,548
21798,14522,gift_card,540
21799,14522,credit_card,2929
21800,14523,bank_transfer,1864
21801,14524,coupon,2091
21802,14525,coupon,1806
21803,14525,coupon,1685
21804,14526,gift_card,1042
21805,14526,gift_card,1420
21806,14527,gift_card,404
21807,14528,gift_card,2037
21808,14528,credit_card,1502
21809,14529,coupon,2061
21810,14529,gift_card,657
21811,14530,bank_transfer,2562
21812,14531,gift_card,1595
21813,14531,coupon,1219
21814,14532,coupon,1748
21815,14533,credit_card,731
21816,14533,gift_card,240
21817,14534,coupon,2241
21818,14534,coupon,1093
21819,14535,credit_card,597
21820,14535,gift_card,1310
21821,14536,coupon,2432
21822,14537,gift_card,856
21823,14538,bank_transfer,1429
21824,14538,gift_card,1077
21825,14539,gift_card,1102
21826,14539,credit_card,2992
21827,14540,credit_card,898
21828,14540,credit_card,2437
21829,14541,bank_transfer,2897
21830,14541,credit_card,2991
21831,14542,credit_card,2399
21832,14543,gift_card,735
21833,14544,gift_card,2480
21834,14544,credit_card,2524
21835,14545,coupon,1379
21836,14545,credit_card,644
21837,14546,bank_transfer,1938
21838,14546,credit_card,615
21839,14547,credit_card,174
21840,14548,gift_card,1973
21841,14549,gift_card,861
21842,14549,coupon,2594
21843,14550,coupon,2950
21844,14550,gift_card,253
21845,14551,credit_card,1587
21846,14552,credit_card,2107
21847,14553,gift_card,1860
21848,14553,gift_card,1640
21849,14554,gift_card,314
21850,14554,gift_card,1657
21851,14555,bank_transfer,339
21852,14555,bank_transfer,2652
21853,14556,coupon,591
21854,14557,credit_card,2863
21855,14558,bank_transfer,503
21856,14559,credit_card,2450
21857,14559,bank_transfer,645
21858,14560,bank_transfer,1382
21859,14561,gift_card,329
21860,14561,bank_transfer,2787
21861,14562,credit_card,119
21862,14562,gift_card,619
21863,14563,credit_card,2021
21864,14563,bank_transfer,953
21865,14564,gift_card,1175
21866,14564,credit_card,1361
21867,14565,bank_transfer,2985
21868,14566,credit_card,2412
21869,14567,coupon,1622
21870,14568,bank_transfer,862
21871,14568,bank_transfer,915
21872,14569,gift_card,354
21873,14569,coupon,1038
21874,14570,gift_card,2096
21875,14571,bank_transfer,1193
21876,14571,gift_card,1422
21877,14572,bank_transfer,263
21878,14572,bank_transfer,2093
21879,14573,gift_card,1833
21880,14574,bank_transfer,1066
21881,14574,credit_card,635
21882,14575,gift_card,1043
21883,14576,credit_card,1767
21884,14577,coupon,787
21885,14578,bank_transfer,1859
21886,14578,gift_card,1513
21887,14579,coupon,2254
21888,14580,gift_card,122
21889,14581,credit_card,1012
21890,14581,gift_card,848
21891,14582,credit_card,1381
21892,14582,credit_card,678
21893,14583,bank_transfer,1074
21894,14584,bank_transfer,2780
21895,14585,credit_card,1771
21896,14586,credit_card,1467
21897,14586,coupon,569
21898,14587,bank_transfer,559
21899,14587,coupon,2989
21900,14588,credit_card,1741
21901,14589,credit_card,2816
21902,14590,coupon,1044
21903,14591,bank_transfer,1144
21904,14591,gift_card,317
21905,14592,credit_card,688
21906,14592,credit_card,2137
21907,14593,bank_transfer,1038
21908,14593,gift_card,2492
21909,14594,coupon,1316
21910,14594,coupon,1827
21911,14595,bank_transfer,2442
21912,14596,credit_card,2515
21913,14597,bank_transfer,960
21914,14597,bank_transfer,2116
21915,14598,bank_transfer,1534
21916,14598,gift_card,1937
21917,14599,coupon,1440
21918,14599,credit_card,505
21919,14600,gift_card,760
21920,14601,bank_transfer,1736
21921,14601,bank_transfer,902
21922,14602,gift_card,649
21923,14603,credit_card,2060
21924,14604,credit_card,2009
21925,14605,credit_card,842
21926,14605,coupon,1913
21927,14606,coupon,1337
21928,14606,gift_card,1275
21929,14607,bank_transfer,2777
21930,14607,credit_card,2509
21931,14608,gift_card,1769
21932,14608,bank_transfer,2721
21933,14609,coupon,2273
21934,14610,coupon,2239
21935,14611,credit_card,214
21936,14611,coupon,2280
21937,14612,bank_transfer,2571
21938,14613,coupon,794
21939,14613,bank_transfer,2644
21940,14614,credit_card,1803
21941,14615,bank_transfer,1751
21942,14616,bank_transfer,197
21943,14616,coupon,236
21944,14617,bank_transfer,191
21945,14618,coupon,1852
21946,14619,credit_card,2279
21947,14620,bank_transfer,2331
21948,14621,credit_card,1098
21949,14622,bank_transfer,1950
21950,14622,credit_card,715
21951,14623,coupon,2407
21952,14624,bank_transfer,1391
21953,14624,bank_transfer,2369
21954,14625,bank_transfer,1239
21955,14626,gift_card,1377
21956,14626,coupon,2762
21957,14627,bank_transfer,531
21958,14628,coupon,1824
21959,14629,coupon,453
21960,14630,coupon,1369
21961,14631,gift_card,691
21962,14631,bank_transfer,1595
21963,14632,credit_card,2786
21964,14633,gift_card,1998
21965,14633,credit_card,913
21966,14634,credit_card,961
21967,14635,bank_transfer,1567
21968,14636,credit_card,1095
21969,14637,gift_card,2651
21970,14638,coupon,278
21971,14638,gift_card,2266
21972,14639,bank_transfer,2331
21973,14639,bank_transfer,1461
21974,14640,bank_transfer,1680
21975,14641,bank_transfer,2550
21976,14642,coupon,2468
21977,14643,coupon,2708
21978,14643,coupon,1415
21979,14644,gift_card,366
21980,14644,bank_transfer,1565
21981,14645,gift_card,1406
21982,14645,bank_transfer,2215
21983,14646,coupon,1008
21984,14646,coupon,1156
21985,14647,credit_card,2274
21986,14647,bank_transfer,2979
21987,14648,gift_card,2642
21988,14649,coupon,2661
21989,14649,bank_transfer,232
21990,14650,coupon,1023
21991,14650,credit_card,2000
21992,14651,coupon,1641
21993,14651,bank_transfer,849
21994,14652,coupon,2905
21995,14652,coupon,653
21996,14653,bank_transfer,2880
21997,14654,coupon,2789
21998,14655,coupon,1541
21999,14655,bank_transfer,1647
22000,14656,gift_card,1308
22001,14657,coupon,100
22002,14658,credit_card,1717
22003,14659,bank_transfer,2667
22004,14660,credit_card,1254
22005,14661,coupon,2772
22006,14661,coupon,1521
22007,14662,gift_card,812
22008,14662,coupon,1235
22009,14663,gift_card,2707
22010,14664,gift_card,2872
22011,14664,credit_card,722
22012,14665,credit_card,1045
22013,14666,bank_transfer,980
22014,14667,credit_card,420
22015,14667,credit_card,2831
22016,14668,gift_card,326
22017,14668,credit_card,1628
22018,14669,bank_transfer,2538
22019,14670,credit_card,1418
22020,14670,coupon,1936
22021,14671,coupon,2342
22022,14671,gift_card,2428
22023,14672,credit_card,1284
22024,14672,bank_transfer,978
22025,14673,bank_transfer,1349
22026,14673,gift_card,1759
22027,14674,credit_card,1330
22028,14674,bank_transfer,1559
22029,14675,credit_card,372
22030,14676,bank_transfer,949
22031,14677,gift_card,1498
22032,14678,gift_card,1471
22033,14679,credit_card,1874
22034,14679,coupon,1158
22035,14680,bank_transfer,940
22036,14680,coupon,550
22037,14681,gift_card,147
22038,14682,bank_transfer,110
22039,14682,bank_transfer,624
22040,14683,credit_card,800
22041,14684,bank_transfer,603
22042,14685,gift_card,2039
22043,14685,gift_card,2548
22044,14686,coupon,1792
22045,14686,credit_card,465
22046,14687,coupon,972
22047,14687,credit_card,1477
22048,14688,coupon,556
22049,14689,coupon,2889
22050,14690,bank_transfer,2672
22051,14690,gift_card,954
22052,14691,coupon,2282
22053,14692,bank_transfer,2314
22054,14693,gift_card,2028
22055,14694,gift_card,1749
22056,14694,coupon,1190
22057,14695,gift_card,1076
22058,14695,gift_card,2901
22059,14696,coupon,2418
22060,14696,coupon,2819
22061,14697,gift_card,990
22062,14698,credit_card,288
22063,14698,credit_card,2767
22064,14699,credit_card,2538
22065,14699,gift_card,1968
22066,14700,bank_transfer,2269
22067,14700,coupon,1342
22068,14701,gift_card,356
22069,14702,credit_card,1213
22070,14703,bank_transfer,1924
22071,14704,bank_transfer,2595
22072,14705,credit_card,2037
22073,14705,bank_transfer,2045
22074,14706,bank_transfer,918
22075,14707,gift_card,589
22076,14707,bank_transfer,214
22077,14708,gift_card,2189
22078,14709,bank_transfer,284
22079,14710,gift_card,966
22080,14710,credit_card,130
22081,14711,coupon,1679
22082,14712,gift_card,2028
22083,14713,coupon,1062
22084,14714,credit_card,1502
22085,14714,bank_transfer,392
22086,14715,credit_card,2464
22087,14715,gift_card,494
22088,14716,coupon,2099
22089,14716,gift_card,2428
22090,14717,bank_transfer,618
22091,14717,bank_transfer,1412
22092,14718,credit_card,1061
22093,14718,gift_card,1842
22094,14719,coupon,2738
22095,14720,gift_card,1653
22096,14721,coupon,2208
22097,14721,coupon,936
22098,14722,gift_card,1508
22099,14723,coupon,234
22100,14724,coupon,1444
22101,14725,bank_transfer,1449
22102,14726,credit_card,2972
22103,14726,bank_transfer,445
22104,14727,coupon,2907
22105,14727,gift_card,1107
22106,14728,gift_card,2330
22107,14728,bank_transfer,2648
22108,14729,credit_card,370
22109,14730,credit_card,2034
22110,14731,coupon,1692
22111,14731,gift_card,2994
22112,14732,bank_transfer,1685
22113,14733,gift_card,950
22114,14733,bank_transfer,727
22115,14734,coupon,2878
22116,14734,coupon,907
22117,14735,coupon,421
22118,14735,coupon,276
22119,14736,credit_card,1352
22120,14737,gift_card,2995
22121,14738,coupon,2474
22122,14738,credit_card,2350
22123,14739,credit_card,1715
22124,14740,credit_card,838
22125,14740,bank_transfer,698
22126,14741,coupon,2060
22127,14742,bank_transfer,1007
22128,14743,bank_transfer,1287
22129,14744,coupon,1298
22130,14744,coupon,470
22131,14745,bank_transfer,371
22132,14745,gift_card,844
22133,14746,credit_card,1889
22134,14746,credit_card,283
22135,14747,bank_transfer,1316
22136,14748,coupon,175
22137,14748,bank_transfer,161
22138,14749,gift_card,2595
22139,14749,coupon,1604
22140,14750,bank_transfer,1253
22141,14751,credit_card,2457
22142,14751,bank_transfer,2581
22143,14752,coupon,457
22144,14752,bank_transfer,2606
22145,14753,coupon,1496
22146,14753,gift_card,262
22147,14754,gift_card,2143
22148,14754,credit_card,1817
22149,14755,credit_card,898
22150,14756,coupon,1039
22151,14757,credit_card,2999
22152,14758,bank_transfer,313
22153,14758,bank_transfer,1863
22154,14759,coupon,1835
22155,14759,coupon,2038
22156,14760,gift_card,164
22157,14760,bank_transfer,1237
22158,14761,coupon,2097
22159,14761,bank_transfer,2876
22160,14762,gift_card,2851
22161,14762,bank_transfer,1819
22162,14763,gift_card,2394
22163,14763,coupon,2785
22164,14764,gift_card,744
22165,14764,bank_transfer,2587
22166,14765,credit_card,941
22167,14766,bank_transfer,254
22168,14767,bank_transfer,1747
22169,14767,coupon,211
22170,14768,gift_card,1158
22171,14769,coupon,1172
22172,14770,bank_transfer,2333
22173,14771,bank_transfer,559
22174,14772,credit_card,228
22175,14772,coupon,2142
22176,14773,coupon,863
22177,14773,coupon,1794
22178,14774,coupon,1174
22179,14774,bank_transfer,1546
22180,14775,gift_card,294
22181,14776,bank_transfer,1214
22182,14776,gift_card,1833
22183,14777,credit_card,407
22184,14777,bank_transfer,2570
22185,14778,credit_card,2155
22186,14779,gift_card,2382
22187,14779,bank_transfer,1841
22188,14780,gift_card,2225
22189,14781,coupon,1371
22190,14781,bank_transfer,357
22191,14782,gift_card,261
22192,14783,coupon,108
22193,14784,bank_transfer,377
22194,14785,bank_transfer,938
22195,14786,credit_card,821
22196,14786,coupon,2379
22197,14787,coupon,750
22198,14788,credit_card,2673
22199,14788,bank_transfer,2510
22200,14789,bank_transfer,1131
22201,14790,bank_transfer,1408
22202,14791,coupon,1061
22203,14791,bank_transfer,1907
22204,14792,gift_card,747
22205,14793,gift_card,2016
22206,14793,coupon,975
22207,14794,credit_card,1364
22208,14794,bank_transfer,989
22209,14795,bank_transfer,556
22210,14795,credit_card,2152
22211,14796,credit_card,2138
22212,14796,gift_card,1462
22213,14797,bank_transfer,2087
22214,14797,coupon,1573
22215,14798,coupon,724
22216,14799,bank_transfer,866
22217,14800,bank_transfer,1047
22218,14800,bank_transfer,2386
22219,14801,credit_card,1773
22220,14801,bank_transfer,2972
22221,14802,coupon,2938
22222,14803,credit_card,1177
22223,14803,coupon,275
22224,14804,credit_card,383
22225,14805,bank_transfer,2880
22226,14806,coupon,2320
22227,14806,coupon,949
22228,14807,gift_card,342
22229,14808,gift_card,376
22230,14808,credit_card,2640
22231,14809,credit_card,1163
22232,14810,coupon,228
22233,14811,bank_transfer,2407
22234,14811,credit_card,1124
22235,14812,bank_transfer,2736
22236,14812,gift_card,949
22237,14813,gift_card,1243
22238,14814,bank_transfer,141
22239,14815,coupon,2594
22240,14816,credit_card,151
22241,14816,bank_transfer,479
22242,14817,gift_card,786
22243,14817,coupon,1606
22244,14818,coupon,2168
22245,14819,coupon,1096
22246,14820,gift_card,1984
22247,14821,gift_card,665
22248,14821,gift_card,1877
22249,14822,credit_card,687
22250,14823,coupon,2829
22251,14823,credit_card,1321
22252,14824,gift_card,1038
22253,14825,gift_card,320
22254,14825,coupon,2958
22255,14826,bank_transfer,1486
22256,14827,bank_transfer,844
22257,14827,bank_transfer,1731
22258,14828,coupon,1103
22259,14828,bank_transfer,997
22260,14829,gift_card,2727
22261,14829,credit_card,815
22262,14830,coupon,1565
22263,14830,gift_card,1536
22264,14831,coupon,2612
22265,14832,gift_card,2878
22266,14833,coupon,785
22267,14833,credit_card,752
22268,14834,credit_card,124
22269,14835,bank_transfer,1247
22270,14835,bank_transfer,1923
22271,14836,bank_transfer,2869
22272,14837,credit_card,1353
22273,14837,gift_card,2506
22274,14838,bank_transfer,2691
22275,14838,gift_card,2879
22276,14839,bank_transfer,1590
22277,14839,gift_card,141
22278,14840,credit_card,166
22279,14840,bank_transfer,624
22280,14841,coupon,285
22281,14842,gift_card,1698
22282,14842,coupon,1462
22283,14843,gift_card,437
22284,14844,credit_card,2069
22285,14845,gift_card,1732
22286,14845,bank_transfer,1429
22287,14846,credit_card,2072
22288,14847,coupon,1344
22289,14848,gift_card,1973
22290,14848,coupon,1319
22291,14849,gift_card,1757
22292,14850,coupon,859
22293,14850,credit_card,2112
22294,14851,bank_transfer,2171
22295,14851,gift_card,652
22296,14852,gift_card,249
22297,14852,bank_transfer,2896
22298,14853,gift_card,2375
22299,14854,gift_card,189
22300,14855,bank_transfer,760
22301,14856,bank_transfer,366
22302,14857,gift_card,140
22303,14857,gift_card,1465
22304,14858,credit_card,2573
22305,14859,credit_card,2173
22306,14860,credit_card,584
22307,14861,gift_card,548
22308,14861,bank_transfer,1200
22309,14862,credit_card,2598
22310,14862,credit_card,2623
22311,14863,bank_transfer,1625
22312,14864,credit_card,2803
22313,14865,credit_card,2983
22314,14865,credit_card,665
22315,14866,coupon,2848
22316,14866,gift_card,964
22317,14867,coupon,876
22318,14867,gift_card,2067
22319,14868,bank_transfer,2839
22320,14869,credit_card,442
22321,14870,bank_transfer,268
22322,14870,bank_transfer,2628
22323,14871,gift_card,2721
22324,14872,bank_transfer,1989
22325,14873,coupon,1019
22326,14874,gift_card,1245
22327,14874,coupon,734
22328,14875,credit_card,1835
22329,14876,gift_card,2096
22330,14876,coupon,2330
22331,14877,credit_card,2347
22332,14877,gift_card,1546
22333,14878,coupon,2291
22334,14879,coupon,818
22335,14880,credit_card,485
22336,14881,bank_transfer,2123
22337,14882,bank_transfer,1828
22338,14882,gift_card,469
22339,14883,gift_card,2752
22340,14884,bank_transfer,2297
22341,14884,gift_card,1598
22342,14885,gift_card,2516
22343,14885,coupon,2189
22344,14886,credit_card,2976
22345,14887,credit_card,1558
22346,14888,bank_transfer,402
22347,14888,credit_card,1200
22348,14889,coupon,2391
22349,14889,gift_card,937
22350,14890,credit_card,358
22351,14890,gift_card,2974
22352,14891,credit_card,2674
22353,14892,coupon,351
22354,14893,credit_card,2315
22355,14893,credit_card,542
22356,14894,credit_card,2020
22357,14894,gift_card,1613
22358,14895,bank_transfer,573
22359,14896,credit_card,2853
22360,14897,bank_transfer,2120
22361,14897,gift_card,917
22362,14898,gift_card,1031
22363,14898,coupon,1889
22364,14899,bank_transfer,1935
22365,14900,gift_card,1004
22366,14901,gift_card,661
22367,14902,gift_card,2326
22368,14902,coupon,2839
22369,14903,coupon,980
22370,14904,coupon,1168
22371,14905,bank_transfer,1216
22372,14906,gift_card,928
22373,14907,coupon,300
22374,14908,gift_card,1249
22375,14909,coupon,1038
22376,14909,bank_transfer,430
22377,14910,bank_transfer,2315
22378,14911,credit_card,964
22379,14911,credit_card,1690
22380,14912,bank_transfer,2089
22381,14913,bank_transfer,1414
22382,14914,gift_card,2499
22383,14914,coupon,2032
22384,14915,coupon,2095
22385,14915,credit_card,255
22386,14916,credit_card,515
22387,14916,credit_card,2185
22388,14917,credit_card,548
22389,14917,credit_card,2112
22390,14918,coupon,317
22391,14918,bank_transfer,1433
22392,14919,bank_transfer,1479
22393,14920,gift_card,448
22394,14920,coupon,973
22395,14921,gift_card,590
22396,14921,coupon,1335
22397,14922,bank_transfer,2376
22398,14923,coupon,1621
22399,14924,coupon,1049
22400,14924,gift_card,2936
22401,14925,coupon,388
22402,14925,gift_card,218
22403,14926,gift_card,2911
22404,14927,gift_card,2122
22405,14927,credit_card,1513
22406,14928,credit_card,2728
22407,14929,coupon,758
22408,14929,bank_transfer,2346
22409,14930,gift_card,1574
22410,14931,credit_card,700
22411,14931,gift_card,705
22412,14932,bank_transfer,583
22413,14933,coupon,411
22414,14934,gift_card,2507
22415,14934,credit_card,240
22416,14935,bank_transfer,2725
22417,14935,credit_card,1081
22418,14936,credit_card,1751
22419,14937,bank_transfer,2881
22420,14937,credit_card,2417
22421,14938,credit_card,480
22422,14938,coupon,2138
22423,14939,gift_card,1484
22424,14939,gift_card,1637
22425,14940,coupon,1213
22426,14940,credit_card,1742
22427,14941,gift_card,2717
22428,14941,bank_transfer,1412
22429,14942,bank_transfer,2700
22430,14942,coupon,850
22431,14943,gift_card,1700
22432,14943,bank_transfer,2074
22433,14944,bank_transfer,2718
22434,14945,credit_card,734
22435,14946,bank_transfer,2148
22436,14947,bank_transfer,973
22437,14947,coupon,529
22438,14948,gift_card,532
22439,14949,coupon,1885
22440,14950,bank_transfer,568
22441,14950,coupon,2585
22442,14951,bank_transfer,1702
22443,14952,bank_transfer,481
22444,14952,gift_card,2844
22445,14953,credit_card,2118
22446,14953,gift_card,2554
22447,14954,gift_card,1476
22448,14954,bank_transfer,149
22449,14955,coupon,1445
22450,14956,bank_transfer,1419
22451,14956,credit_card,1216
22452,14957,coupon,910
22453,14958,bank_transfer,2735
22454,14958,coupon,1915
22455,14959,bank_transfer,2257
22456,14960,bank_transfer,935
22457,14961,gift_card,573
22458,14962,bank_transfer,1809
22459,14963,gift_card,2085
22460,14964,coupon,1401
22461,14964,bank_transfer,2208
22462,14965,coupon,780
22463,14965,bank_transfer,1725
22464,14966,bank_transfer,1072
22465,14966,bank_transfer,2730
22466,14967,coupon,1482
22467,14967,gift_card,341
22468,14968,gift_card,2195
22469,14969,gift_card,1920
22470,14970,coupon,2399
22471,14971,coupon,2488
22472,14971,credit_card,2539
22473,14972,gift_card,854
22474,14973,bank_transfer,216
22475,14973,credit_card,1481
22476,14974,gift_card,2566
22477,14974,credit_card,1481
22478,14975,bank_transfer,420
22479,14975,gift_card,2403
22480,14976,bank_transfer,2125
22481,14977,coupon,603
22482,14977,coupon,1979
22483,14978,coupon,2209
22484,14979,gift_card,1680
22485,14980,gift_card,1978
22486,14980,coupon,2556
22487,14981,gift_card,2662
22488,14981,coupon,280
22489,14982,gift_card,1149
22490,14983,gift_card,834
22491,14983,coupon,949
22492,14984,credit_card,2160
22493,14985,credit_card,1925
22494,14985,bank_transfer,719
22495,14986,gift_card,788
22496,14987,bank_transfer,565
22497,14988,bank_transfer,607
22498,14988,bank_transfer,2370
22499,14989,credit_card,1930
22500,14990,coupon,237
22501,14991,gift_card,1606
22502,14992,gift_card,2682
22503,14993,coupon,537
22504,14994,credit_card,2097
22505,14994,credit_card,1291
22506,14995,bank_transfer,1517
22507,14995,credit_card,702
22508,14996,credit_card,686
22509,14996,gift_card,1635
22510,14997,credit_card,1981
22511,14998,gift_card,1107
22512,14998,credit_card,799
22513,14999,bank_transfer,1096
22514,15000,coupon,478
22515,15000,bank_transfer,803
