id,user_id,user_email,hashed_password,signup_date
1,1,Victorg.1@example.com,1b9089fbb88f3e2f584b69c1e2437ba157cd08d1fcc6ab0242e9a8ead63717ee,2026-03-07 03:14:19
2,2,Mariae.2@example.com,2c2b328226e233aab2ee5b7d5b442e9e1c2c6b66e61b8c404d58dcfea096a31f,2026-03-07 12:56:18
3,3,Haroldf.3@example.com,f9d00ca63c986c316c445c335a62daff2c646ca6e714515e857c3cc566838d87,2026-03-11 03:07:27
4,4,Lillianm.4@example.com,13effb24b9af6bf22f066cbc382f74e79edc38de4ba89af589bf47a13ffe4443,2026-03-16 11:35:12
5,5,Thomask.5@example.com,c364590b3781bfb38e25bf331726efbe8bfb356607aa5c6d719f35cc96401c08,2026-03-13 06:26:23
6,6,Aarong.6@example.com,ea94010e59153ba864f99bd79be1b06281b5a0ed2e3e1b928bbec17d177a8dd1,2026-03-22 09:21:38
7,7,Andreaf.7@example.com,bd207b8e41f8cc01eeda30e645d52449989e736cd7c26572a14f1155b04d5bde,2026-03-07 11:16:08
8,8,Steveo.8@example.com,4503a01f7b46fe284d0afaea77d0841841bb163a901af3f9f745b84001a07266,2026-03-16 14:31:07
9,9,Kathryng.9@example.com,6f909ea884145434b23f31a575166d708aa62bc47a59f1af76187a2ce09ad60c,2026-03-07 12:43:37
10,10,Henryf.10@example.com,2dff90420cd8a28594614bd581a724a007ae172833091d840dc3d2c5295f9a68,2026-03-10 08:38:03
11,11,Steveo.8@example.com,d76bf943d89ddc9ef6c551aa3ef5e41b7a4c3f9e1b83a83ee5ba28d375a54f35,2026-03-08 01:20:23
12,12,Billyl.12@example.com,27620fb154f1faeacf940b7964e818ac414d8058bf22ee67f567847a6bbbca2c,2026-03-08 09:26:28
13,13,Judya.13@example.com,3b6e6ddd0b0e80d4469789903fceaa236f06ab75ff9987acb07cfb4a258c31d2,2026-03-11 01:20:23
14,14,Saraj.14@example.com,f031b75786e0c153ffa8de21a620624e06b18d2c2c15ad25111f07646a273783,2026-03-24 18:14:27
15,15,Kathleenr.15@example.com,f28018f9b4b84d33e01999de06778155464d5e96d7379db2e929028ee9ef9773,2026-03-09 12:39:13
16,16,Francesr.16@example.com,1437587fc024e4ab6793ce5c6cc999a026955fe84db9b6d2842a548e586333c7,2026-03-14 01:20:23
17,17,Margareto.17@example.com,5c33b5ff88a01d040c5e2dcdd918c6b5dbd6ab33e42464448016011a2d32f4e9,2026-03-19 16:28:53
18,18,Edwardr.18@example.com,b809bad94d36c5bf7ea3fea15fa61da76a039da3b5661e2b3205ad40cd617fe4,2026-03-12 11:39:42
19,19,Teresah.19@example.com,c91f90bdbbe29eb60df979938acea5d311e4dc3473d2c9b03aaac6ab38c0d163,2026-03-09 17:05:40
20,20,Jacquelinet.20@example.com,8e58cd56a366578ffe520be73a561d3378bda757d8d3703c374cbf64cbada6be,2026-03-08 16:56:16
21,21,Sarahc.21@example.com,0416c64c59055a570da1b823befb31b59d4bc95cceda03e29e1fd82891b9ed4e,2026-04-07 01:20:23
22,22,Marieh.22@example.com,f3326050ee0aa183812b5902a6c0be5d7678b0ecec7ddadb5edde1d386fb947b,2026-03-09 12:28:05
23,23,Kathrynh.23@example.com,79c5878b8f7c621142e3d5e1027b743348400f297a50e4a406c89e4d64bb0c95,2026-03-13 07:54:03
24,24,Phillipn.24@example.com,4f4c093a0fbe6dfdc8a9fd6f01d73fb95b85cee3523f7fcfd2da6f78301ae7f0,2026-03-07 01:20:23
25,25,Seant.25@example.com,9e7c32dfa596df09ca341a3dde4dd4796f400164ea5965a5c8bf65a1640fa6ac,2026-03-14 11:00:12
26,26,Dennisk.26@example.com,826587a548da7267f73bd49f29095624489686449f3ca90731d303fcf2c702b8,2026-03-08 01:20:23
27,27,Jacke.27@example.com,6746f73587c14a0dbcf633fb80ab08a5a92cbe8d68ea6cfde560d5bc1cc06363,2026-03-16 19:30:17
28,28,Heleng.28@example.com,a7cc0ef4367de5022c7678ce1c6483afd0095b08322b28231efd7ed27e11004f,2026-03-09 15:50:35
29,29,Jennifern.29@example.com,c974d250e7b5199b5a94bdcd4699083e549ed06aff7316e41bac60fbc332499b,2026-03-09 19:31:33
30,30,Mariem.30@example.com,633f7dbc646522b9ab0c32514a72dc681ff0ad3b7ed13327e5ed820966938884,2026-03-12 17:46:38
31,31,Geraldt.31@example.com,e3aab3360cb9024f13294fa9d514eb20eb5f10bb4f7aa1c96b79866d53866176,2026-03-16 15:31:37
32,32,Christinaj.32@example.com,4534e36893ff79662c566c93dc3db4c39b9891eeb00f20385f9bf0fbc34828b0,2026-03-07 01:35:18
33,33,Amandar.33@example.com,56f5c72a049e80d395b658979ada20e49b632edb44665c8f1d9b7b982dfeba80,2026-03-18 12:09:16
34,34,Williep.34@example.com,080e96da17e4ced8cd2de4090ae3a1ecb170cce59c7b039aaaa3828b67935133,2026-03-10 23:08:46
35,35,Geraldb.35@example.com,e906c4a05ca523779edc8c6b8f4aaacd7789f0d0d2d508372de39a158b5408ea,2026-03-07 15:12:30
36,36,Mariaj.36@example.com,13895b4481041371c8fb255c4294bddcbe629b5780cb57d78876a0bc79492653,2026-03-15 13:29:21
37,37,Janes.37@example.com,ccf4c84c1c96413f73c87869cea7265cb59d7ae3443ec261a830ea2dfa3f81bc,2026-03-07 16:44:07
38,38,Adame.38@example.com,6d6ea75fec13e2acc35abbbc616bb729cf010fbd079543e07ecb6e33cd2ce487,2026-03-08 10:09:54
39,39,,99b49f2e456fb6c6d6cd61faa3b5cf4dd7a0abc76bb6a2471fae2c188490461c,2026-03-07 18:14:26
40,40,Janed.40@example.com,e1abc6dc5deafa60d5bfcb360f3736db5ec04d483b63d36787ac316832d6fa71,2026-03-14 15:34:06
41,41,Shirleyd.41@example.com,f2804823beadbf09771ca4616c4fcd0e027b187932ce95eaebacbc59625a43e3,2026-03-18 08:18:46
42,42,Stevea.42@example.com,c454bf689fbfe66fd51030cdca846c51f97e5d19855e3f5312f210647fd7a3c3,2026-03-08 16:12:06
43,43,Maryr.43@example.com,550d86d558e5a277062b7a2b337a633545772569ded5902a259b63bbc894f4e0,2026-03-21 13:10:18
44,44,Toddn.44@example.com,3038572a2de47f3946af6230ebf2b1148373266db65a89129019416d30ac7103,2026-03-22 12:29:34
45,45,Michaele.45@example.com,be21654b1a228ab46a5a694f8491d6d63a917d86f7932bf6cac5054bebd37977,2026-03-08 08:46:45
46,46,Lillianr.46@example.com,7005f430e4a7d1f32a90a19b5b55b01b9a26e8b13638a0426f01de7da0cdadb7,2026-03-08 12:29:12
47,47,Todda.47@example.com,ae88236d95944730fc6f06a93bbd40c85dce82f5800cab9d1b79e872eb45724b,2026-03-10 12:58:31
48,48,Timothyf.48@example.com,18198d353b09556aa19339b5d9716a72a1ea0892a62d293ced10bd66e8dbc4c7,2026-03-25 18:37:36
49,49,Christinac.49@example.com,f70006f9faa36b1a2e21699d541295dcdefb63e4a23c318414fc09b039f20b9a,2026-03-12 12:03:08
50,50,Davidf.50@example.com,ae58d03c39aee9894d03ba12683b32ff3b43643b2d603cc5cee938e99e7462ba,2026-03-08 22:41:05
51,51,,3bd33a63c96fe4ebb36202a9790ec708f0cfe80d53069e9694def1ef964fcc37,2026-03-10 14:37:13
52,52,Benjamins.52@example.com,3467d56c1a66bf437e43dbbb7a01ef001d89bdfa636aa9ab221336bdd6eb22e8,2026-03-13 00:39:31
53,53,Seana.53@example.com,84ac6791091ea2aa3a392c33b9cd101a5a33e14141e81cce02d7658a344af04b,2026-03-16 01:20:23
54,54,Jackm.54@example.com,515ec80ba695fddec3031f799e10b73ca6c1cf78364c9462dde74b7d4b4566e8,2026-03-16 12:06:11
55,55,Thomasp.55@example.com,3d9b98f11d1d079d52401138578f26b49632717e554aab109e4e3fc3ea39d557,2026-03-13 11:03:32
56,56,Harryt.56@example.com,084bbd61f565db2f85fd7e73ce6c0d816d1c894bf43738195ce44b04e3bc363a,2026-03-13 10:11:20
57,57,Steveh.57@example.com,18c51c2ac0a71de441d801f145450435f8d74c26ea40a9432ee37d9485a10d6f,2026-03-10 21:50:45
58,58,Benjamint.58@example.com,d92d9cd69f727262cdf35bc60cd75866b05ac8f81dd72554a53352ceb9e7de50,2026-03-12 17:18:44
59,59,Paulr.59@example.com,b33a1dcb08236a9c9202d667ec6abf8597cebaf59c3ddb9414592859721d50dd,2026-03-09 04:59:57
60,60,Henryb.60@example.com,185a3811c33a87bfc530c648a4af2d6d404acabd120e51ad4d7904fef68ead08,2026-03-07 15:46:49
61,61,Virginias.61@example.com,6a6044d52e84c5b52b1277beeeee5d111783769b1f5dad700eece48e631b4745,2026-03-14 20:37:03
62,62,Mildredj.62@example.com,f1c1754c2e17c5847217abeb6c1ff6f9932c04d22e412c0e36fd5864f7c60e7b,2026-03-12 13:46:46
63,63,Scottb.63@example.com,d382b0d6342ff655fff2eaffb8c9bcc46f65ccb0d838ec789117aaea860ee091,2026-03-13 09:44:46
64,64,Harryt.56@example.com,d7c0f0f8112c66798a69c7875adaea846cf7fc64a4157d68f432fd7e7009d4de,2026-03-19 06:27:54
65,65,,263a705c6901415166b9e88660a42b369ee44bfd9af4f6169897619812dcbf22,2026-03-14 12:45:23
66,66,Laurah.66@example.com,ad5eb4107e9f099bbbdb79b2c1a3e3d686547913b6d1501fe83921fe04df08c7,2026-03-08 08:57:56
67,67,Lauraw.67@example.com,55f5344a95911f1999a46c1d01659902e2cb7db5043ca85880f5fbbc38681d06,2026-03-07 12:01:09
68,68,Shirleyj.68@example.com,a6fe0fb73cba67669b9702cbea069888c38ce1f8422fa36a074e5e2e9af39170,2026-04-02 13:14:29
69,69,Maryp.69@example.com,073b78e071784b7c31c740355d9b930a9fb2df017db87969b7553c0888a7277b,2026-03-18 13:30:40
70,70,Lillianb.70@example.com,4f60e12edcc70e5b119ff87253889c88ee788a836f452e6adf84f385b7d4a7e1,2026-03-13 09:50:47
71,71,Brendaa.71@example.com,9a55c29de55468b83ba709eedca1b5164d1149b1977ce4bf5046461bbcd1eebb,2026-03-09 11:44:14
72,72,Marieh.72@example.com,949a8463da620d9b4bc059ab0e464611c3d5adf1d4d6698599b685df4bda8eca,2026-03-07 03:54:23
73,73,Louiser.73@example.com,e38c18da6811dbd5b61707d6d1415044bdcfe39d62dbcb5c41c24802957b3de4,2026-04-01 13:36:30
74,74,Andreaw.74@example.com,22407ed8d9311503f04745eeec03cd2c82e25a1e1eacb4b68b621491bb32fe64,2026-03-19 01:20:23
75,75,Seanw.75@example.com,ab2cfb1e6ef7c4b159bef3269649160757bca69ef83a072467358e93c5aaf242,2026-03-07 01:20:23
76,76,Annew.76@example.com,91ff617aa137aa61d07378087af266e213a336dedd68a2fe454e8732f993f714,2026-03-12 10:09:35
77,77,,c2868a7ebf230d349b72e67914fd7d06a410b8aa8681a20b0441179a4814ba5f,2026-03-11 01:20:23
78,78,Normac.78@example.com,fb016c839f2417ba45a4341e11ae1451166cbc00b513c357dda19ce1ea50c0e8,2026-03-07 14:07:31
79,79,Jacquelinet.79@example.com,bcaa8b21c6631f79846543eb06cb88a9405401221ea1b345903d6543decd6417,2026-04-01 12:49:24
80,80,Gregoryb.80@example.com,dea74aede13dac7d6fd869f5f0dbe3ad5fd994ba6f6a4f53b6613180032cab0a,2026-03-11 16:45:27
81,81,Aarong.81@example.com,8a6fa1b56de4c84c052d3105da701c8b77d7a2f306975c3729b287c55e03c9c8,2026-03-08 15:05:36
82,82,Paulm.82@example.com,05ef06288e26fae0158bfd58d3cb0b2f897f87c4b1329bc0d1afdf367d52f1ad,2026-04-01 08:20:42
83,83,Kathleenl.83@example.com,68c0902104cbefb6ea7e0357c381cce9c3ef0949d9faa023bc20f6b764f31fe7,2026-03-14 17:10:32
84,84,Andreae.84@example.com,f744fcdf1dee096eb4f46038f1e6a86afd75d78ab0ff124d349fdfd5605a2f2e,2026-03-17 18:38:04
85,85,Mariet.85@example.com,bcd52fc1da022b292ce3ee06b37ca981e8d76827cd5580a0f20aab897b41bffd,2026-03-07 14:16:32
86,86,,b72de27ff4d4beea9cb5f3c4e88b45aee7da8b94f4f2207b78307dd4ef310dba,2026-03-09 05:03:59
87,87,Jeanl.87@example.com,7252f9b0e4ef1c7f0cd5b3bb66364c6490b313eceadd17c8f674a2ddca9cba7b,2026-03-08 01:20:23
88,88,Steveo.88@example.com,009977de4906a5733a3ba60d465793eb352a67fd92cd92a55ee65a82320a511f,2026-03-07 12:46:22
89,89,Maryr.43@example.com,b931a6497394b806f4d72b91902ef82345448d496e1c3445d8eac9f30d6c28a5,2026-03-07 11:18:46
90,90,Jessel.90@example.com,d9fbc491a7460c8fe45b1f13ca781804edfe82a2c6713369fd28e45d890bf1ab,2026-03-17 10:34:28
91,91,Gloriar.91@example.com,585db3c458a6d6b8fa3b0a64161acf73ed4d9c5a1b2349499ac94a69153cb509,2026-03-07 16:20:49
92,92,Haroldr.92@example.com,04c9912bce86b9509c879cd9f2df7ad857eb2358b14023fa3ab5923ff3ed3efe,2026-03-30 01:20:23
93,93,Nicolef.93@example.com,3dd749d655d5277ec05d4ffc833febbd3dfc453216eb5c3590b56fb11f6bde47,2026-03-19 01:20:23
94,94,Jeanl.94@example.com,024f2b88c1cce5f4a717186655d6208f337a35be728619adf084b9b730ac3e5b,2026-03-12 18:34:25
95,95,Nicolew.95@example.com,44adfcd551768c22185444e1481ee973873dbc5f4e6adbeb297296acd664c78b,2026-03-10 01:20:23
96,96,Kathleenw.96@example.com,2e01090edc7fa14e3dda20bc1023fa2a8150685cb49c38a1fcc6cd21a2852750,2026-03-11 11:00:19
97,97,Jeanb.97@example.com,6e83fe377817b74bdb264dd684e9338ad075541ad848c679ea2a485f8a5b227b,2026-03-12 11:45:06
98,98,Aarono.98@example.com,85b9be74b39475e2718fa1712c96e22bc2a90793484ba4a72a7a0d34c01afe18,2026-03-07 09:30:44
99,99,Scottc.99@example.com,5c6512f08a4d6a89078b4d7203b9f04a5156293264c37f570c276bcf69cd2bb6,2026-03-07 08:29:02
100,100,Brendap.100@example.com,c4d0233e8be864d779fa971a819277478f3ecc1e4352651d8ecf04cbd1f990ed,2026-03-11 14:38:21
101,101,Jasonf.101@example.com,b0576be2a4cefdbeed00ccb9f7991284f3167193dff2ddcfbd3ce738138c8f13,2026-03-13 16:04:15
102,102,Margaretw.102@example.com,630d3f0f3d0df5bc97d61402d7032dbbabd612883f4771360f851c3ff69a2520,2026-03-08 12:12:47
103,103,Thomasm.103@example.com,39edc1dc1f935b40a915e6f953dd14b90595dcc7605f69494e2a6e2a8a6746fb,2026-03-08 08:54:39
104,104,Pauls.104@example.com,001ebf946ee01c0f835a34e184ffc32c1073ac086189abdf2195460c27b041b2,2026-03-07 16:14:56
105,105,Martinh.105@example.com,0d3dc2c02fe0165e20a9b63026f9d03f35ab3b6f7b431d9dae8d4bec60e58337,2026-03-08 14:42:09
106,106,Amandao.106@example.com,0820ee57c5e719b12a9300b4a5c4d438d921b09bfb073ffbb845395296b0a0e3,2026-03-12 07:00:23
107,107,Sarahe.107@example.com,24264fc2255a4b9b2ab29f90adde295ec5e8a16959a9bf1fc0df23e12b82ae9f,2026-03-22 10:45:51
108,108,Janetw.108@example.com,35e8a826705622e3f358197fa867b811f947c304dcf8db0b39f385eedc10ae80,2026-03-08 01:20:23
109,109,Janetc.109@example.com,e983cceb3d760189500e0a677aa35b53987ddb67b04df9cfc896c70f256572bb,2026-03-08 01:20:23
110,110,Virginiad.110@example.com,203b8a6beafd767edd41f6de29644548c7c91cd9562384060cadff548071d1eb,2026-03-07 10:19:07
111,111,Henryc.111@example.com,b5503a6f17f2dd1cb5bcd7c46c92953e7efbdceba3d107e2a5b18d95a2fd5a8e,2026-03-07 01:20:23
112,112,Gregoryn.112@example.com,3844167b1bb3f45f031e3ee8a83f6862edcc09ed1d82759df1e884110ace1851,2026-03-08 12:58:07
113,113,Jackp.113@example.com,8e7ab3ef3c034cd5caa67af3a483a703f8f408a38225bdd922fe37840b200d0e,2026-03-16 16:42:47
114,114,Rosel.114@example.com,eff0f66187b5249c7e33cf55741098d43b1f668620a6871cf86e6531cfbe05b1,2026-03-11 07:12:44
115,115,Scotte.115@example.com,1073b37c61bd7c52b3f2b8fd5bf9f3a183ef55cd3c851f8eb1f034d29258d047,2026-03-11 16:35:52
116,116,Michaeln.116@example.com,60bb5aad194232ead9aa05619fd5b8d77b73f7e83996d108cc9f087ea227a5c8,2026-03-07 12:04:49
117,117,Janeth.117@example.com,a24806908e6572308379af1fe4d4ed9f0cf3751f0df73e2eeb3a21ecb78b72a0,2026-03-11 08:12:08
118,118,Kellyw.118@example.com,b35af3356e20aa728eac013f30cd926bed9f6991addbfe77d292fa9eaa7d008a,2026-03-08 14:41:27
119,119,Gloriac.119@example.com,b8ac6fab919ae850799e6cb55f3ae3c611c75b3e2cd49a8f62162303a60c1ab3,2026-03-16 01:20:23
120,120,Willied.120@example.com,860184650dd3486adcf026f14ca4a4b9f87bebb92efe64a3a15921f5d1426ec8,2026-03-07 15:15:16
121,121,Dennisk.26@example.com,13de7c0be141769b0aad67ac3029d7b8358883a4e36be8ad2bf907386099e2b3,2026-03-15 01:20:23
122,122,Louisef.122@example.com,4a19fce3a6f1cea440629cf5d1731d9f7d9eda2b03cfac425e5b75699d003b88,2026-03-10 09:32:19
123,123,Benjaminb.123@example.com,f7962743d7e97d9bd6687c38c7de98ed57d459b44e695b956f7a5427ad65aa34,2026-03-20 01:20:23
124,124,Janeh.124@example.com,806190b87d82ba930d6213ac2d7de77b7556d2b9641e8aebea961b06fce22c1f,2026-03-17 12:57:59
125,125,Johnnyh.125@example.com,b88e9c1060ec3824e25be8c5db810b7a838408165376930f5b6a1b747c75e8cb,2026-03-08 13:07:54
126,126,Amandan.126@example.com,52698940937238c731df0a9f7164e700ffad391461c0389024bc9f46aae30939,2026-03-20 16:34:36
127,127,Teresaa.127@example.com,cd37496d6413ff0bba31ba106db641a0efd0ef41c62ff087d44044424d632e0a,2026-03-12 12:04:45
128,128,Jackj.128@example.com,2c7182711f3b4846c4f9b6daa4316f7992e8db9f287c0d1a8ef8d2da75c91824,2026-03-15 06:09:14
129,129,Margaretm.129@example.com,083b148ae24598fd4a245dcd8fd75d79d596d284b759d3d4f02ebc83b2f2c28f,2026-03-13 09:59:54
130,130,Theresac.130@example.com,8bfe8f6acf1a041f9359704e995be084bde274399f634404205653afe898d344,2026-03-14 09:28:12
131,131,Johnnye.131@example.com,6d12790d7490a857880a2dc88689b73b4ca6f1e307ea1059ecc5f88f17b071e3,2026-03-11 07:30:23
132,132,,5c9f169b712368470be208246e8c93bbd0bbbf1ffd3e9d4c1207d24f3873ab1c,2026-03-28 12:54:38
133,133,Margaretn.133@example.com,a545c15d5e8692bbd4a042f211897d2673384023658d4b9581183032b1fcffb3,2026-04-07 01:20:23
134,134,Andread.134@example.com,db58c0bcc081853995e7c70f488e8899cf9b95e07cdf20860abcec23bf79dc08,2026-03-10 11:43:22
135,135,Jeanp.135@example.com,f9be60ef85178b73a8f234892b9b37f5750f7d020f5e30ee3c20aa24f6414018,2026-03-11 14:22:37
136,136,Jimmyt.136@example.com,4f5c6460215713e6014e392ea8f42e273a552b0f24374d9778e4ef4a6d1202ae,2026-03-17 01:20:23
137,137,Brendaj.137@example.com,2ff7b44cc560c37486ed662fee0b67e83ec06d2856105e96bfa0f019820453b2,2026-03-17 16:03:33
138,138,,a11eab835e050327ffd4f720aef265c665ad3873f333e9e6f0be19f01d99c553,2026-03-12 15:16:05
139,139,Francess.139@example.com,ec0c5d50ec9c4e54aa3da238128fb47444887ab05d1ff16fec3597ccfc92b2b9,2026-03-15 12:09:18
140,140,Stevet.140@example.com,b6b9ab780bcf13475c55e768b14ca87c16f625b17e897dab8ffd9baed133b051,2026-03-08 11:21:59
141,141,Pauld.141@example.com,b3c58ab68a2da4548f81a14af584de7acfb3f8d7e7c14072e621328c5e313467,2026-03-14 12:18:07
142,142,Jasono.142@example.com,42a82149136f039d956c255910ab1f6384d40c8e7c7edeebf24d138e723d4131,2026-03-09 01:20:23
143,143,Timothyp.143@example.com,1bf27aa777bd00e00be8f34e8e9a512447a1533f9d8abdf582a7760c5cef4186,2026-03-07 07:54:39
144,144,Dianag.144@example.com,0463ebd145c079768bb7891465c80b0cc85cd82ee70447f5a12dc506565eb26a,2026-03-11 19:48:04
145,145,Helens.145@example.com,d98eb3713009d6ec9ab24df5425d58475174f5b94b1165e0d63ac4a686bc4bf1,2026-03-11 01:20:23
146,146,Geraldf.146@example.com,256726c3f7d8024d825214597c16b7a704bfe06008afe536524386a3b48ff5a2,2026-03-12 07:56:25
147,147,Nicholase.147@example.com,c8a34be641266f6c516995796bf9a266bdacba9bb576d93470d782e2e7a2df3e,2026-03-08 17:57:07
148,148,Sarahn.148@example.com,c3ee43611b1a90d93cd47633d8c1e5c2390358ee92f420c6f0c3b16ef294e845,2026-03-07 11:31:44
149,149,Victora.149@example.com,33b2f50fa0145f3a8be9bc538311e6c91a044d4a56c4e120d4ea81ba0f707239,2026-03-07 14:57:37
150,150,Sarae.150@example.com,19ebf2594f75ba2d791b37526610c9bdba8fb13c107a3aeabf59d537b1fb5bb8,2026-03-12 14:14:13
151,151,Adamn.151@example.com,7b6d45b7b7db9da7e289854e54f55a6435a70f31dabee03841c1fc725de3435f,2026-03-07 10:16:55
152,152,Shirleyf.152@example.com,f76f2587fea69470b417a01ce82d008a17c9a81a1a308489dc4240b8a0bb6a56,2026-03-07 01:20:23
153,153,Mariak.153@example.com,ca6a139b7d4ce5a78f516bd3ef6332dd3fa77f23cbc1b4caf4fc9ad7bd5d75cc,2026-03-10 14:32:53
154,154,Stevek.154@example.com,60ad2d27a5a6e04b282a0672fb5f16cc3546f9855870b8b81c24c9b62b41a275,2026-03-07 12:24:17
155,155,Phillipa.155@example.com,a41bb530ae82424064afdecf7cdd1490a1345c290fbf92af9953c4bfc510603d,2026-03-11 06:30:26
156,156,Gregorys.156@example.com,a04ff78ca2801bd4f056d1ff749fdb320a66ef56855e55720772f38accc89a44,2026-03-15 01:20:23
157,157,Jacquelinej.157@example.com,3e0fbf8533b952d6895f838c99f9815c907713b23c307c52a5eec4f75efb69cf,2026-03-08 01:20:23
158,158,Jacquelinej.158@example.com,aefae47b96781df90beda0a772787ab11d89a8a6fd37659f3144590d55dc0666,2026-03-20 15:23:00
159,159,Francesk.159@example.com,96aa89fb366b3336766ca4d6ff0c39e550ddd93b64ded7a60885dd6e4de4d30e,2026-03-18 11:07:32
160,160,Shawnh.160@example.com,317998e1e9a8e116c51817b7a4caa569eb613453a4377caf371bad5437c3b1e6,2026-03-10 01:20:23
161,161,Andrean.161@example.com,898fc77e536097cd22ae29baa1685917958b724a6e0d130e98c83a08ed189932,2026-03-31 12:26:02
162,162,Seans.162@example.com,47550d0b54fbbd4f9b0d7222327273b9045c0d613b3f803f4d8cf1c8357d523c,2026-03-07 13:00:57
163,163,Phillipj.163@example.com,ee75cbe00f1eaae48e11cc6a161b103e94ce00b57c986ef03299d17d416f699d,2026-03-12 00:01:18
164,164,Phillipd.164@example.com,09a1109ac57f6e3d57ebf1589e39fbaa7b88fa67840d22840364cbd35fd4ee4c,2026-03-08 12:29:22
165,165,Sarag.165@example.com,18b510c0de1cb7e80cc3c944ead670acfb505803acdb77fe2d15e2c426a8976d,2026-03-10 10:00:18
166,166,Saram.166@example.com,86b7d5c77b98d104ddd8b5c3cc3dc1249b23ccadc25a0e489414695f0f584285,2026-03-10 17:41:14
167,167,,f13f2fd06f89925b47ec11d5da2f4e4e76f246d2fd087a82c054b45cff335beb,2026-03-20 13:36:28
168,168,Jimmyk.168@example.com,52bc809a6b45846d5e16db1ac5593f671727c95fad997342d701199292a63b1f,2026-03-14 10:44:31
169,169,Alane.169@example.com,1387018dba10b9f7722acacb58893098350b11a360d8eb49043ff188a4492a48,2026-03-08 13:01:36
170,170,Dennisc.170@example.com,1ca3464ba30355acad42170d52418405d3d0811ca6f97a2f071e0d257707506c,2026-03-09 14:42:49
171,171,Jeane.171@example.com,60bf2e2863ff47339fde5be75d0b05b99fe4493ee553289ccdf3fe47e019c1db,2026-03-10 22:01:19
172,172,Timothym.172@example.com,2ab9733c1a8c118a6cd8f6f3ad8655876134a91c40b8a0a23f3d80df9cfbf3c9,2026-03-08 17:55:26
173,173,Jackd.173@example.com,0331b2d672c0dd86c49075eeb95f36fc519b857ea9c097313256ac24a635d470,2026-03-08 01:20:23
174,174,Judyc.174@example.com,f81d2befab48967e2059d592b29bee59766823b03ee29cf3df7bc3660e43eccc,2026-03-12 11:06:24
175,175,Joshuaj.175@example.com,407e7906c5a91c8e600989c9e2c1ee7b6d690ea56e15aec283f4bd9ba4787321,2026-03-09 12:35:45
176,176,Lisaj.176@example.com,e8f388c47b1726f2e02b8d39707f5bbb41901d8fb296b81a1ac79c2c8488ae10,2026-03-07 14:02:27
177,177,Michaelb.177@example.com,123af7f6ec45f56b541782603445154dcc57faba77755d5a331281f07440bf60,2026-03-17 12:37:18
178,178,Victorp.178@example.com,9fa08cdd1fe019eb77497540c7eee5d81e7b9b1a720054872ff49f4efd11b9fa,2026-03-09 09:11:19
179,179,Kimberlyb.179@example.com,2a2689aed24e0a373833c6adae27133da6068014839550c0a1494b180d570588,2026-03-07 09:04:06
180,180,Lisab.180@example.com,d3cc976d7c6e4dd1c63a68b7eacdf5c7cca00fa7fc9faf32fa4b1912fb205c29,2026-03-15 09:13:30
181,181,Andreag.181@example.com,2145863dc6ad2c8efc7cf82aa11c2220227e76dcdd2d3544898d9f590c4ee782,2026-03-17 10:55:06
182,182,Lisat.182@example.com,2430e1f0c6ee3545654b0a4490a8a01a53e9bb529255ab621ac0e31c03e76b99,2026-03-12 16:33:23
183,183,Benjaminc.183@example.com,ba25acd1739b93eaa1289facfec0c7d579845f0bcc49b8481c4acc48dd213ad2,2026-03-17 10:06:12
184,184,Elizabethd.184@example.com,eed1ec389fd96d07c60f2ab79cee5d9b9d0ab1b42bb94c0568e8b547cb0ca7f7,2026-03-09 11:43:35
185,185,Katherinew.185@example.com,c7fba8e3b2cf432bead79271d53dc6f2367172a2ed8211322e0aad30404f47e2,2026-03-07 13:22:41
186,186,Thomasd.186@example.com,83e40e8b0ab1861e72bbb18d701169a61d43d69836f84e262a90277e0bf63da9,2026-03-07 01:20:23
187,187,Martinm.187@example.com,c1b916f26f3328ea0b56cb39b1c076937348d421e43ceb3a5556785791aad78e,2026-03-18 22:03:47
188,188,Henryg.188@example.com,ef2cdbf5b30022c1c9be038dc1c05b00ec17e19fb8fa23c125ff7c02ca9ea7eb,2026-03-07 09:19:30
189,189,Francesa.189@example.com,5adacdd84f72e360de8d674e84a2b4b1048de8b07fd46c4602b01e15e8b465a2,2026-03-12 11:40:36
190,190,Amyj.190@example.com,0c5229e2d0280159ce021b9c1820ef7f53f39b409a9d126c60dc84ac0902d562,2026-03-21 15:46:20
191,191,Jessej.191@example.com,a5908cc83fc1dfcca6e644d79cd532dcfaa1ec3b6390fc3c641f8caeb340531f,2026-03-08 14:28:24
192,192,Aaronw.192@example.com,dd8e3ac69b1b2717211dba609975cf7f9bbe466f5f137e7505b5223aa859f319,2026-03-13 14:06:34
193,193,Theresao.193@example.com,9d12f542e4bec6e5aefbbf9beb657773ff15da5ca2b8dabef245b69a37fef299,2026-03-07 13:02:34
194,194,Barbarak.194@example.com,e58c7136d284e9d3bf5c41f7b2b01baebd8a3d08d390682623443c0b20d0903e,2026-03-15 06:47:34
195,195,Toddn.195@example.com,d6afed701fa1a578c7a83455f0ef3dedb8fe39ac48ff702d7518f395558d8d5a,2026-03-14 10:55:14
196,196,Harryc.196@example.com,6012338ee2b46fde852faaed2dab2dcb0a74a5ecc736ab9737800b6502d2a343,2026-03-08 01:20:23
197,197,Edwardk.197@example.com,6ee677c4fed133e296c70106466228b78ae234f2d3020a4bb468758180cea7d8,2026-03-15 01:20:23
198,198,Alant.198@example.com,3c92013f1aa8a4fdbba8ed2c6cee1d7924a5793ff27071f4b2c31905e143ca6a,2026-03-10 19:39:37
199,199,Gregoryp.199@example.com,a7b8127d916fc7addb6e81d425d275980a125851733b58414e0bfa360cc86076,2026-03-13 01:20:23
200,200,Jenniferf.200@example.com,7ff10c0b45c04efb5838def33e75a97c39847409ebb00b7d3c6287d83700d7d7,2026-03-10 06:25:27
201,201,Timothyj.201@example.com,b8e6901c86bdfb4b719bf8d2e2b24f9db3fbffb87c6280ff96bfb8634e1b1668,2026-03-16 17:14:56
202,202,Jackh.202@example.com,93bae138ffaecb2bea97afe4c720ff2347d479a05f360491c9d84b86edea1863,2026-03-12 12:25:31
203,203,Alans.203@example.com,3cd9236fddb57b11c8b8976332792600b5201c1028e34100ced0e97b7940d7e2,2026-03-31 06:18:06
204,204,Brendac.204@example.com,6f6553e52afc96b475ef28397ec2aac04e5f541aeb5a5b7b2b4a01752b55ad59,2026-03-08 11:45:27
205,205,Davidg.205@example.com,959399602c37162dd6b7e6b322917d3b71382aab85e059790c7f9df7accd99b7,2026-03-16 08:37:26
206,206,,c661567b6145df04f2eba64dd286acff243511241576c86f4dac01bd3f9ce75d,2026-03-30 13:24:27
207,207,Williek.207@example.com,befabbd55210637be6bec8f989e72f1f03a382af20e4aa80afad5bd2a01ba12b,2026-03-07 12:05:35
208,208,Geraldm.208@example.com,e5762afc70c170e699de344827d3a3b64aca69a7ea2501e62de1b6e1334a5049,2026-03-14 09:11:26
209,209,Rosen.209@example.com,56de1b7e557b3276ca073ec2d41e9446de4dc4c90392250748674d8c425433c7,2026-03-07 11:49:40
210,210,Mildredp.210@example.com,3c3dc925453522c8073037ff8d9d04790d8befa70fc956ec806d2ad35159a677,2026-03-11 09:02:08
211,211,Jenniferf.211@example.com,25e5c734e8bc6e9f6e15a91e412a5d5a6ac8e07f984c3fffde09b4b818c58cb0,2026-03-16 16:04:10
212,212,,8321d01ddeb5f795a3ceed0fa6ef930d9e474462e957b20cd1117bd0da800d46,2026-03-13 17:42:18
213,213,Teresap.213@example.com,2460741a2149ba934a4a2225d90cfc8ccab771875b133d36c7fcee6b011239e3,2026-03-13 13:39:20
214,214,Mariah.214@example.com,7c2830f0d8b0028c76ca323accd1bdc46530a37cdecc59dc08059f87c802718a,2026-03-10 14:39:32
215,215,Scotts.215@example.com,8d03a794af736ede5ab6540be93444375803cd59d4108fcf3728ba3a9d7b90be,2026-03-07 01:41:51
216,216,Louisej.216@example.com,08ea1bd657ade504895bec07c1127933fcf455c3fb50d114dd023452f9bc82a9,2026-03-30 16:12:18
217,217,Shawno.217@example.com,ddad9c34261b66c0f9aa43edf09e6c1afefbf4509b6aa9a55df832b86cc4cb2c,2026-03-25 14:31:58
218,218,Jacquelinet.218@example.com,ca9d479bcccd7f735b92ddeb47104c5422b7f6277adb1707a640a6bd31a01d23,2026-03-07 10:37:37
219,219,Amandac.219@example.com,9f88820b2322ef977b6252e3cbb327328b13a2f663ac42280c39a8621d0b6c1c,2026-03-12 15:22:09
220,220,Barbaraa.220@example.com,e336ac5f9c6bb69351c10c635a3ce4412fd241f9c667bb4b022afa9621eb8a24,2026-03-09 01:20:23
221,221,Maryg.221@example.com,d90a1d81f853d1d065e552284d4264357d34f246598a3e4d5d2a78fad7b64ba3,2026-03-07 10:54:37
222,222,Thomasm.222@example.com,f335164ac5e57b290efa65e309d0ab92913e7dede17c3235236ebc9a65044fcf,2026-03-21 16:06:05
223,223,Henrys.223@example.com,e2d7ebb633f8338f5c7c455c531a4d63d19052b782bde9228f826b766fb16bc5,2026-03-07 15:56:05
224,224,Brendas.224@example.com,17e969dd13953b2777f5376c34cc58b0e82a18446b312717dd8f411842134027,2026-03-07 11:34:30
225,225,Jeanj.225@example.com,3ead2c75a9b3dcb58c7a1f76293309946f5b220ba8be30902364c3dab55633a6,2026-03-24 15:30:34
226,226,Scottg.226@example.com,81209ec3dcdc18f8eabf34ea3d634e04759d5daf602a1266e095418c448a62d6,2026-03-15 13:55:04
227,227,,245067ee7b39fa858eab2508e84b1bff5c22c2455a069cc417793a0df4626ae2,2026-03-08 18:31:08
228,228,Billyj.228@example.com,2ca301c6a57249c9739f5dde5562d8799a62cdeaa4727d523c2874f0ce4933e4,2026-03-23 02:18:02
229,229,Teresas.229@example.com,2c9aa1375e5a4b520ab7121f9459e4d7e63771f5ff5f815e7a965b442817cf51,2026-03-08 16:22:55
230,230,Normad.230@example.com,b94a6504ae409a88d29197354e8d5d88de6cf1e3c70e6cfc79c1049f936275fb,2026-03-08 11:33:59
231,231,Judyc.231@example.com,b815715aa36bdf1d2eb2c5ad3b8311da6ca94e3b52fb611f40c1ea973cfa3514,2026-03-07 13:13:46
232,232,Jessew.232@example.com,ad27e786afa0b3b30776929dc2435482e03e46da122d9df29e86e4cb06fcdd4d,2026-03-07 01:20:23
233,233,Maryn.233@example.com,2bda7223e7f9fa28da775770b1fa380bf82456f9781d1408d2895ce1ffc3b3da,2026-03-18 08:03:55
234,234,Seana.234@example.com,ee48ccfd068b899f13f7a2985cef107f9eafcbcea0bd30d7c3a3f29d32bbb7b1,2026-03-07 01:20:23
235,235,Johnnyh.125@example.com,f6a4b0cccf5c5ad010d0e7b729b74a4e136449bb37f637a42da951cd578588ce,2026-03-13 11:29:08
236,236,Jessel.236@example.com,9ca5aeece231b68f0bac63f2bf4630c7bd50c8bc0d29eded218e2fd729064ba7,2026-03-10 16:23:46
237,237,Brendaj.237@example.com,9fcc14a285b100cf9f9d337ba5ed2f056081fe2b5a1934358ec1a7ac8bcf51ca,2026-03-13 11:55:59
238,238,,18e15a405ead5d2fcbf00a7570cf899e367a482a0d80c78842239dc990c6894e,2026-03-09 04:40:50
239,239,Katherinel.239@example.com,60ae03756e2ba2c34b2e31860cd3ef20b69372a68bbd29e2d2b727d23bf350a0,2026-03-11 12:18:33
240,240,Kellye.240@example.com,50a2e729d0a3e55759e317a122cfb9c58e26a1da7ed825c4a8673319e1bfba18,2026-03-09 20:25:53
241,241,Aaronk.241@example.com,4bad9240da58c874ebd861f72c841f0d6143258ad0f83d29b60a1286c1e04df5,2026-03-14 10:52:53
242,242,Francesa.242@example.com,1c6978e54b9607f91d230471f5da5fae9560d69c2aaac5929dbe310c8e597ace,2026-03-07 17:18:30
243,243,Jenniferg.243@example.com,70681100a6d7e7148a3274f81ec83b6c68056dbb7b9c6e6034bde9e7bcd89810,2026-03-10 01:20:23
244,244,Gregorya.244@example.com,bac3028a0a181a30dd0dbcba643812035bf126f9cff950ff30d9d3542b81899e,2026-03-25 01:34:44
245,245,,c7028a2f7eccd26cf3fd9203c91a3e18e19e602d988e60fa98b43f7c06c0390a,2026-03-08 15:42:08
246,246,Alano.246@example.com,3e96b456eade3b389e5cc1d7f5204f9e7ea51035df9bca35b1ca5898a608f5ea,2026-03-12 07:10:44
247,247,Jasonr.247@example.com,b4c0807c2255f5af8b5e970446223edcf77edceef2fbe7f1f32eb59d3aa3951b,2026-03-07 10:39:03
248,248,Mariat.248@example.com,dc5a9c9a0066ae14ca5d122e78082b24b938cebf5b5ab56105490c87e6a0a019,2026-03-12 01:20:23
249,249,Dianad.249@example.com,60928231845291b2bd09104e5509d5236fbd3df3fdc02a739d86087b420b50de,2026-03-15 15:52:25
250,250,Scotte.250@example.com,0915925efaab996fa73721a2c24d9844fd6df9ceaa4a64c62da9a258aec99e0e,2026-03-09 12:05:52
251,251,Timothya.251@example.com,cc31a5ddc32a1e2c91e73e5daa8c84a84eb334257e09bfa0fb5ff3d4b793e48a,2026-03-17 12:49:30
252,252,Helenm.252@example.com,65e6f1b0e5a39c2a1be7a51e187f48c189bd762c9fff505681c5665aec76b412,2026-03-09 07:32:14
253,253,Judya.253@example.com,020ca1a19b700e3fa54c8980adb02d4b00c23ab029d85c31fdceeffca8fb035f,2026-03-17 09:45:31
254,254,Gregoryj.254@example.com,46b75e311f0f0ee4e53050a32d016dd0eb02553e294c7ecbc29e85bef1424e52,2026-03-08 18:21:47
255,255,Dennisw.255@example.com,9e8158536f0f0cdd053f62854bed550bb2c32506bc3c040cd089a2f720f2682b,2026-03-10 20:42:15
256,256,Margaretd.256@example.com,0a9c484cc3722c8a3d6d3ec4e3f8ee58443da421c30ad65fbe2a585994734874,2026-03-07 12:02:41
257,257,Victorm.257@example.com,c9964c04841b91714a809763e2602e8e35abec8e699c37ec31a67e39a8eea714,2026-03-08 01:20:23
258,258,Shawnr.258@example.com,d6d6cf1219f894a0d4f01d5c9a4ddd31e14d2bb0509ef8d3859b5a99ce577401,2026-03-09 10:17:04
259,259,Maryl.259@example.com,11f91bca7eb30aa18cd71483adac49c7e470390eca1696771cbb480ff765b16c,2026-03-20 01:20:23
260,260,Harryh.260@example.com,fa1a72207c358335d400e49cef45dbae75a26683df71e597d06f7cb9e2f9f166,2026-03-16 09:24:52
261,261,Michaelj.261@example.com,b45d68748a97ab606edf4a85da4ec85ad87d3cd2551f6e132f450798c8f25c9b,2026-03-10 22:15:28
262,262,Fredn.262@example.com,b03887a1ac43417ac0aa0ae8c2fc3e3f47f671254dbc9c72d9cea516263ac5c7,2026-03-26 18:51:00
263,263,Geraldw.263@example.com,ab45ef4b475cfa427278d2927c8f5fa8e27cff587a2f0fdfbc693e6aad1753ee,2026-03-17 17:36:22
264,264,Jasons.264@example.com,29c0281f3cf2521fd66c0b84c89a05273779b7ba698c768c6630a1aa16d76baf,2026-03-07 14:52:08
265,265,Billyf.265@example.com,dd3e5c6d9f6a22d36aac8b70d73b5e945289bed56660fc6d5a21f08fbb220aed,2026-03-18 13:43:17
266,266,Janef.266@example.com,a2e4442738478c1579b093114d60ceb33a2f9c7258aa3c3f0ab5a86a37c75ab0,2026-03-16 12:15:46
267,267,Sarahm.267@example.com,374b0df5f6369792e7b8889f8f458f686a15be6760d120b7b098c09bfd0c6e8c,2026-03-08 11:32:22
268,268,,aeeefedb42a9330f374e8c37bf6060e1a271df20cc7f704f4e6e8fb15238be39,2026-03-29 18:34:01
269,269,Timothyo.269@example.com,7c6290b2bc107cb7f1b692e820db9e8802fe6ac03fb2bd3fd3e501ac87fdfe53,2026-03-09 14:56:23
270,270,Joshuas.270@example.com,762d34b20face685076df5b357d6e747b94d24d29c750d19dd80e0fff0457ab4,2026-03-09 01:20:23
271,271,Kimberlyp.271@example.com,a270f7a5d976d32b26cd2da1dc6ddb052de996151b094ad1be969faf104ca96d,2026-03-10 14:07:51
272,272,Davidc.272@example.com,3743dede69194e0b7e841838a102ecb3a1df0580f0e883388aa862a6501a5d60,2026-03-11 05:41:19
273,273,Annew.76@example.com,53e44e902fe0969ae2a10a82a2bdebabf26909b734588a4485224664b0a2febb,2026-03-08 06:14:16
274,274,Gregoryt.274@example.com,f420bd32133c89cca7153a63d3a9609e2a0fbc6aed8130616a940c9c1f83ad04,2026-03-08 12:12:48
275,275,Sarac.275@example.com,a3d6826b28712a0af702f8d13cb3aa05a3ecb6810a3ea2abf862af1d7984acdd,2026-04-05 01:20:23
276,276,Louisel.276@example.com,d08f2cb9c262cb4a55bcacb17a032df5f3795629b7aa55014f1caf4910309ae3,2026-03-08 06:33:31
277,277,Gloriaj.277@example.com,85c509717ef4f2ea6080252c4e2696d51532d65038a71e7b367f4dfbe230b6ba,2026-03-14 14:48:38
278,278,Andreat.278@example.com,bc57038d10cd759cda79c33bfaf7f1203a37543851fa52847f8213802d2efbb2,2026-03-21 07:20:58
279,279,Maryj.279@example.com,fd32d62eba5f23ae3389c86ed330faa25ab7da779480f2ae9d55ccad3380e378,2026-03-10 15:41:55
280,280,Dennisd.280@example.com,c952b2f56f046534ae46ab944c703e795b8797fafc34d5fc6eda0a0dd18267bb,2026-03-07 19:50:50
281,281,,740fc8046e95e4862b878c2497396d5c38c9c8dfad5f82337058903efaad9b4f,2026-03-09 09:56:33
282,282,Amye.282@example.com,f600f6917caf09050fad31a0191c311b70fb21c1b58528459c587bae694e761b,2026-03-09 21:30:27
283,283,Helenl.283@example.com,4fe706c2d9327f0ce4c6a2e7a6ff1029321bdf0d624003817093d9d47951adca,2026-03-11 01:20:23
284,284,Katheriner.284@example.com,d48d91255b04cc9b98409623a9f88d0fcf75dbd71ce83c94cf1e18220d00c6b7,2026-03-13 18:48:38
285,285,Andreac.285@example.com,701ec4ee861b9d1ec393580fc936ef5554b08aa9bc542eb1e543be3b49b66fbc,2026-03-23 14:26:53
286,286,Nicholasg.286@example.com,a3ff0ea98ea7d4c5183188e282c2bc9e885a958169d66ad4ad025880c8015868,2026-03-31 01:20:23
287,287,Geraldh.287@example.com,7bbd8d5b510acb1187a8368cc56b9d68f0186fcb0cab077d6a2090ca363731db,2026-03-08 18:10:17
288,288,Elizabetho.288@example.com,bffc0a861cbc29bf6a8fd0a19f0b69903bbca868f2dcfc08f7afcd9f25429e75,2026-03-07 22:39:59
289,289,Maryr.43@example.com,4acd05a1113fe441496e2338dbc0fb5b0ff94a3a09b3be812ee36c7be69835d3,2026-03-19 01:20:23
290,290,Stevep.290@example.com,283e5b44c12c8c1b7bb254d224df1b6025d67341d93fd73a1ccd49a9913d5bb2,2026-03-10 01:20:23
291,291,Mildredc.291@example.com,86e630664ad526edf56c143a26ee8485b22195c66b1ffc25020ef948779078d0,2026-03-07 01:20:23
292,292,Glorian.292@example.com,032631231c4f688a392db0af2c1e063c52183f954362b7c607419b809ebbbec7,2026-03-10 15:58:02
293,293,Anner.293@example.com,ef1c0f2359e6ee3c4da406559cd0fedb59f2c0cdef452703e1be1cf7d0a86a58,2026-03-08 07:15:23
294,294,Virginiar.294@example.com,94df77efe7961275c836b71790b9c49fc92effbd7aff1c63e556a56a92d2e590,2026-03-22 08:42:37
295,295,Aaront.295@example.com,347101c2dc080964518dc8fcd3a34add77b8f652d85e79b8a533925bd274f43b,2026-03-11 10:08:08
296,296,Scotto.296@example.com,aab963fd7ad346b24086fa0c37edf640c9fbf725290fa8ed3f95df82c6dcaa12,2026-03-11 17:16:17
297,297,Mildredw.297@example.com,2f4f402accb8d19b30237ffc32fd7d263eed0747c43605feb1eaf15f4feb2c93,2026-03-12 13:20:47
298,298,Teresaa.298@example.com,70796d82249ec67e7c02dc9eab0864a1e4e34ad1dfd5f04bef109202d8ad72f4,2026-03-09 15:10:17
299,299,Nicolej.299@example.com,5c088abb558a393a6596d82c129a0f38a7283ff1289947b75aae06d180bd57c1,2026-03-09 07:28:20
300,300,Christinas.300@example.com,a64d8f58ed6aa8b13ff76602161e582e59dd9e5b3190135f4ccad235ce1b1efc,2026-03-07 12:21:22
301,301,Paulb.301@example.com,616383c1368ae85a460bda2059535c5a992048d89d43a4ae1de3ad263a96416e,2026-03-10 17:19:00
302,302,Amyl.302@example.com,42b51b14c97cce23a75561fc7575bde0f27c307a8fdc31d97c7926c7502e7cb7,2026-03-13 01:20:23
303,303,Jennifers.303@example.com,9a75dfab2e9e154fff2822cbdc39e7cc4e666f4b939390a9dfd4bc00d9c35498,2026-03-12 01:20:23
304,304,Lisab.304@example.com,ca3f78b9b6c3a9423d8423a39adc56cb6f71adee2d44d249a392a5d9f5374ee6,2026-03-07 10:08:39
305,305,Annea.305@example.com,02c4cf531200cdc434f3790eb7547cddd310f32d20547c014c70240075492107,2026-03-12 12:01:02
306,306,Helenl.306@example.com,286d104650426512ddabac8d6cb77dd1ea68dc8c323ff3910dd0c159fa969633,2026-03-08 14:48:24
307,307,Alanm.307@example.com,96c7e237bc03a89bbb258bcb44ee0b765176ce30bc2b9a02bd60c148f826e41e,2026-03-07 06:05:25
308,308,Aaronn.308@example.com,3229d0f0e727253d700809bc9efcf3a3c05c7b7ba78e47b83b8f8b009d564299,2026-03-07 07:27:28
309,309,Frankc.309@example.com,a311eb4604000096115fe71a515ae26046f138bad3fa0f90352eabe01061b26a,2026-03-07 01:20:23
310,310,Christinaw.310@example.com,d922f28b74338e76f17c1466630a866587280bb75729d2d38cd70bcdeae91798,2026-03-08 18:28:46
311,311,Janek.311@example.com,d5691ec63b56f9d0c4ea6eef776497b13a22344c8befffb514cd1223b7a16adf,2026-03-10 08:34:18
312,312,Teresah.312@example.com,f7a456c2f0426fcb48553cc5368ef5cfa33aaea7e0b2d9bea627768bce19e62f,2026-03-08 08:59:48
313,313,Teresah.313@example.com,6294fcc3729d31532b8cd3aef25fb2def3a9c91af48b56c7e2f50665e3dd0db6,2026-03-16 08:52:14
314,314,Lisan.314@example.com,84ae6ab98432538d2e5262db384de2afaecea8b59404dd3d1f328b6367e500b8,2026-03-09 08:26:54
315,315,Johnnyk.315@example.com,d246f331c1888065464fddcaf942dee4f31e08d33f617cd54becbdfcd5c7eb27,2026-03-20 08:08:31
316,316,Timothyj.316@example.com,9f28a191ea04a60e9da042e7c06ac2129455a3a34d5aecee20ea600bd6e2ef10,2026-03-09 09:33:39
317,317,Lisak.317@example.com,c80bdcdd7e0d012710efe6b669a80c6bf2c3a641b88730295aea7b973ab3ad21,2026-03-07 10:04:22
318,318,,0c5c30dfc202b1a40c528c944a8a2a25a9209ba50cf3306afc147d74d1874bfa,2026-03-15 21:08:23
319,319,Nicholase.319@example.com,f6fee650734608bb5e884dff73734e2ae62e01cf0a585f94d46def37d9521a94,2026-04-05 15:33:08
320,320,Paulk.320@example.com,f71c24a7c3512a5371b5f5f643b7d19c71bd24875bc7047330b088ddeaa92372,2026-03-09 01:20:23
321,321,Theresan.321@example.com,3b6c8b6e4a9bb98cfa825baae6df22de78be00a3f46173d54c5714c8f2f64390,2026-03-11 06:43:48
322,322,Edwards.322@example.com,cdf1d066357ddfafa01eec591ff3fefb8c0f6d2eaa65b669407d1ff281136cc0,2026-03-07 14:17:51
323,323,Thomase.323@example.com,5a7e072c466e1c697b8ededc14c1b2d95045db0d4af2816b25b6c7efa614f734,2026-03-15 18:02:21
324,324,Thomasl.324@example.com,5abfcdf92624d1a0a904562def66eca5084e02c6df0c75380a2e677763780f74,2026-03-12 01:20:23
325,325,Lillianw.325@example.com,53555cfd22a5a7d30492c8f4a99a5984b51717ee3e883247687f0960f4a89bcc,2026-03-10 08:12:15
326,326,Henryf.326@example.com,7f88f64d55f80becd42c44515a4378832df0e9585c30212f43115b803d271220,2026-03-17 15:21:59
327,327,Teresag.327@example.com,c3c5a1ebb9ccadcbc130ae4223028b2bb929cbeadbc21a9e296118cf7ee405f9,2026-03-11 22:17:23
328,328,Normac.328@example.com,14196c5eb29ba2ef4cf8e29956c1d0035df8ea87223200cc4da5ac92595885d8,2026-03-08 13:18:59
329,329,Victorw.329@example.com,20b694d28078508746992884b64b1c0fc1687ab18bba63313f8254c83cd5f359,2026-03-11 12:03:39
330,330,Theresac.330@example.com,883250591cbfa396617ae5bc30a9804787eff213911a6f23b8df1494b07635eb,2026-03-12 15:10:24
331,331,Kathleenj.331@example.com,409c0a4ce1c6639d2f62fe3ea5cb091aec69602a9cf99bd853ab15c67298f0c6,2026-03-07 11:10:20
332,332,,b02fd5b5a0379e02907a3e665ee52a188e5998e57b251e052ff628b5b9bf1861,2026-03-17 22:47:07
333,333,Kathleenc.333@example.com,1b841f4e5827e559c120eb4852248dc578604f2f37371fa22e3b651a5dee8b12,2026-03-23 07:55:15
334,334,Alanh.334@example.com,f01a30fd223b499c0a5ed11f4f7af243d06f7d1b56e47d9c4440d8787bc291d2,2026-03-15 12:12:28
335,335,Benjamind.335@example.com,6e19dc6734b8a90583ba9cd6dacc1745113e63c69bcb8a67ae9614c6e0d7016b,2026-03-09 09:34:14
336,336,Jeang.336@example.com,c3896392298125000eb56076c4c5c7edf7ceaac05b8a374822533876eac9c2a4,2026-03-08 11:43:10
337,337,Jackk.337@example.com,bd268b0b9014bfc52f14d262997f22efb558b9f9c4a98d9686962506dfdb0095,2026-03-18 12:32:11
338,338,Dennisk.338@example.com,a87e6f12adb19f11cf60ddcaeb959a18457a40789d3ccf695ed864ffbeb930b0,2026-03-08 12:38:00
339,339,Roses.339@example.com,0643c1495d5d481c3cd3c3c61a470c2dee24d4fe8282af59f03d8e48f7709266,2026-03-10 20:15:14
340,340,Elizabethn.340@example.com,5aeef213c16ad25afa0a29c63fec4a20bd6345397a96fcceec14c6014b1433a5,2026-03-10 06:12:20
341,341,Scottp.341@example.com,723c8c5bc7975f8066fa114f4d869326db5f390b38b82a5417c5cd34a73dfadc,2026-03-17 10:59:13
342,342,,78a8524a0b9fc2a19ecefcf7f025a710b0f2194b98716452002f2f5a24366f06,2026-03-19 14:53:35
343,343,Thomast.343@example.com,179c2f58f8b46a0ba874f7d2116a80b3cf4c265f30c46cac8ff32f1b14fa997c,2026-03-07 10:24:42
344,344,Dianaf.344@example.com,c34faa54c4e3eaf76119a7299164fb39f46902c3adb2b8f3571fa5013be390c1,2026-03-22 22:46:28
345,345,Annea.305@example.com,7dd87ba72af9465e65866827b2c6de062ac525c0391cf67323730f2cdf0209aa,2026-03-12 17:52:10
346,346,Geraldg.346@example.com,26e35a861a7f5eb8194cf96d9d0f757023c871dbf774e1cb1297e0847f428965,2026-03-19 09:06:57
347,347,Geralds.347@example.com,e1d82a20e4ceb6082f62caad400d1683d2d46c16ec7ab2b6d950568d8163e687,2026-03-26 13:09:17
348,348,Jimmyh.348@example.com,5ef16e6a6c77a84f80fc3183ccd65fb810d76f230cb03b7d70174fc52e713627,2026-03-07 11:37:00
349,349,Seanl.349@example.com,c34d5d32ebcefb815e7f472d8798d985c9759f271fc26f37eff92595e870d306,2026-03-16 08:27:48
350,350,Billyf.350@example.com,910216905ed6daf55c963c0062bf4de0e971df99a4622b0160cbf97798605b5e,2026-03-07 10:06:20
351,351,Annag.351@example.com,6e88ed1db221c07a639c87459d14c9db081c6605c05fa3a85f8adf8bbcd4bc2c,2026-03-13 10:36:40
352,352,Christinah.352@example.com,1d218011b9150554cf62508785504a89756675c4f0b5604a7344227c07d2c298,2026-03-07 07:03:41
353,353,Adamr.353@example.com,eb4e47e3b44f284a530c02e7d5e95843ed102d6b932074c688e95357c0473359,2026-03-09 12:56:34
354,354,Kathleenj.354@example.com,2aaa32a0e4394d0c7493cbd1fb6ee527691285431a42aaf13c2de84e6b61c419,2026-03-08 15:56:44
355,355,,799e5c9cc5955c814a3735bb8b85755beecfb9d5b1ff59c467e1006ddc48af36,2026-03-14 08:26:04
356,356,Mariac.356@example.com,1030a765a5b7023e800418dbec13a4d35dea5c8664260ff67ed0c85494f13aeb,2026-03-09 14:42:07
357,357,Annen.357@example.com,0afc08e6504c57eeeccd92825cbda53c414040c7ed8b632875ccc66e12e5ae9e,2026-03-08 13:11:54
358,358,Benjaminc.358@example.com,65034dcd60f4d27294af9a5dbd643a1170dcffacea17123c30465cf79f93d21a,2026-03-07 01:42:16
359,359,Lisam.359@example.com,0f379fa174ac956f5b03ce4283e53bc03b3b79e0410e3c74f5400024c52be1b9,2026-03-08 01:20:23
360,360,,840c6d827f50860ee5170c6b7850424995dd05865c1db47115d4c52ac6af7dc1,2026-03-29 08:30:02
361,361,Jimmyk.361@example.com,368d03c0ae9671215cdc714ce11a135b17bdba7af30fed84016aa2017814396f,2026-03-08 01:20:23
362,362,Shirleyc.362@example.com,8da264a345a1eecce67ead4af9cec07877ac29d411c19115037d7eebdb29e6f1,2026-03-07 11:06:25
363,363,Fredj.363@example.com,91e682443568f32e37fe5e6ecfbf580a26df4096e41b7b8cc856f87b8d8c562c,2026-03-07 12:52:37
364,364,Mildredr.364@example.com,6f60a2b530ccea62f8b7ab30b681d6a74195bc083279ddd87e9e36aedb4fda6c,2026-03-25 01:20:23
365,365,Jeanr.365@example.com,47280071a203c256bb3329be29ee01b2c4ece47718631bfa49afbbb734b33074,2026-03-10 11:18:01
366,366,Katherined.366@example.com,3c3167c766a0569cf41b844272e8c7072ffdda70bd406f10b2beea0ddb822387,2026-03-08 11:09:15
367,367,Theresap.367@example.com,d922f7d30ede53a6fa617e4371a6eed5b6f0de201cd034c1838b508395707bfd,2026-03-21 14:36:41
368,368,Scotte.368@example.com,a9918c3980b05a97becd2bb92b51571dd41580501882748a2769670d0819d8c6,2026-03-07 12:53:13
369,369,Phillipo.369@example.com,35b5e806e485f3db101b269721d30c72e88204e70d9797912d8454ed079d17a4,2026-03-08 01:20:23
370,370,Haroldl.370@example.com,39a43104fbda5271903fdcf473a51d46c693db57953a6e1371ba8199f806301b,2026-03-11 01:20:23
371,371,Alanj.371@example.com,443785ea6cad79474e40bb9968a3514bc3bcf0f820b57108c8e45443acb1e635,2026-03-14 01:20:23
372,372,Janee.372@example.com,aedeaaf3c010670d96bd2dc6f95044bae1dce9f52d110cd529105c77f61fd0d6,2026-03-08 11:45:03
373,373,Dianaj.373@example.com,703d8d67bd5a2360c08a31764b7b8944a8233857b51b2df7cb71bb23f20547db,2026-03-08 19:53:27
374,374,Mildreds.374@example.com,4092e8c99bd377f17625f5abd32ea9065d3798041356e313827c03a2bfe50a6e,2026-03-11 07:26:10
375,375,Harryh.375@example.com,a210d0b46f683df66109a283b3ad8e647c0be2f483a4d2927b60daae168fa8bc,2026-03-11 09:59:02
376,376,Franka.376@example.com,af33dd2707429c39d2204be74a2085f04535c921e804f15f41978ee7dd33c13c,2026-03-13 14:07:26
377,377,Barbarab.377@example.com,e06969dadad6e3e45a58e8c8511f7026b1945c5de7dddf66f901654df46ed233,2026-03-10 13:17:04
378,378,Janetk.378@example.com,837707547c1bbc05efa6ed65c192faa12bbe0d62e363be19325b73a5fc762293,2026-03-12 10:09:19
379,379,Christinam.379@example.com,6cb41026824a883ea61554496999a7838ccb1f80e47733318c7d7cd5173da3e2,2026-03-09 13:57:21
380,380,Edwardl.380@example.com,1011eabed1fb31a5dac02946d817cccbdaf5fcd126ce5a4cba45d6cac5902772,2026-03-16 13:26:04
381,381,Victork.381@example.com,601b7e9f91a8eb5824c7a82f0b31e3c6b85bd8f7fb757a0c1fa1e65f6cf53158,2026-03-08 20:43:14
382,382,Steves.382@example.com,d082853c8df6fcec0db6f01e5ee67426c19c7b7be03702a209262c2eda7142dc,2026-03-12 09:58:35
383,383,Mildredg.383@example.com,19f664d6935ad5e195dab6b9b6c52ceb51458b395d8064b2141968c786f52ede,2026-03-07 15:35:30
384,384,Christinac.49@example.com,a00cf0934635f7f662eb1479548519478c24eb9fbd5f31bef80af478a592aa78,2026-03-21 07:40:16
385,385,Teresap.385@example.com,2b111337ab221efbac8e6a79bdaacc27b7b8d3796124593d77985b1622fc9dd9,2026-03-10 14:08:50
386,386,Edwardh.386@example.com,fa382153faac1176666953dab21247547f402faf86854c4af76776a267b5c122,2026-03-10 06:28:36
387,387,Mariar.387@example.com,f9276d65b75f468aa6e43d4bc071aedf2f6bb83770474de4bd1fce9d353b2e16,2026-03-12 16:57:35
388,388,,4034881db43a17d32c16313b630b6b85a65f0beee5fe5bf008d5aee25a69b83d,2026-03-08 10:09:58
389,389,Jacquelined.389@example.com,be0187c8e99c47426519a8df27758ce4e4e4bd9b818d812dd6ca3fe79235163e,2026-03-07 11:58:23
390,390,Marief.390@example.com,47277c20f40b495bbcece52d232720eb53155ceae3f05391a8cdb208162f34ee,2026-03-15 11:54:53
391,391,Edwardj.391@example.com,c26b5fd565392db529064b0e0cb36c95c14785879caf538d168c45c68c1e48d3,2026-03-20 05:28:05
392,392,Williet.392@example.com,8c03747e95b70684bbb3ae26d1043ee240ee8ae6a23fd89a43551a1e970c04fb,2026-03-07 12:21:44
393,393,Katherineb.393@example.com,bfa89f955e77bb33b834a6459c246cf2883847867e5b8e86d6080d37c3742ef2,2026-03-09 17:33:37
394,394,Willieg.394@example.com,c7f28573810cf2ce2d943e97785bbc1bb7005290b485ca315e6b3def562e33fe,2026-03-08 09:59:04
395,395,Seane.395@example.com,086ec13d537ff16e00501c59284456b115112596e29da8996e8d5664d6eaa3d4,2026-03-11 09:53:22
396,396,Scottj.396@example.com,f2da0a58b8af1aa960f1e522ae12617b1d9cd0813ecff64575f61b1646a2fca3,2026-03-09 10:36:04
397,397,Stevea.397@example.com,e082d52ad5d49a07b5c1ddf19a7bfdd0c3bc39010a3ae88a5b46d8f49be72c93,2026-03-20 01:20:23
398,398,Michaele.398@example.com,b114f2cd06b7051a0c9c0911c45f8dbf31f58d278519673b9344af2c8abb1c61,2026-03-12 13:47:47
399,399,Francesb.399@example.com,e05227edce2439d0d1989809ed8b598d5e3ab7aa6851923dd23ee34dd17ae90d,2026-03-10 08:53:30
400,400,Michaelh.400@example.com,cd0e92d78c003f1e79d8f5f54a0101e3cca18405e2f6793400c19d5bbcd34b7b,2026-03-07 09:39:51
401,401,Kellyd.401@example.com,f883d2ecc1d76de950c7dce01fe9e5669d98b14c9a580ad1998051d096871eca,2026-03-07 08:27:29
402,402,Jeanc.402@example.com,febe025086d22c1bb37ee3ec97931890215d5208f2638b922df6d985b75fb2a0,2026-03-09 11:27:01
403,403,Alanc.403@example.com,60fe548435ea422eddfe60b4c0ae5089f45d8f52eeca6e4b3ca2b15d0c534767,2026-03-13 08:25:24
404,404,Joshuaw.404@example.com,4bbaa9893988c9610d28bd0e30d6564507241cb5520850be9612bd8a6ffc35c9,2026-03-15 09:25:45
405,405,Haroldk.405@example.com,ca8ba3db9f8c6c0892dc6c66f686b63f1a802607d014218ba31ed59d4fedf4c4,2026-03-08 11:03:50
406,406,Gregoryk.406@example.com,e2b5ddea14b29f111efdb6d0ad82d8781782f5142cd537bc16443419db612023,2026-03-07 18:54:30
407,407,Francesh.407@example.com,aad67578d3d80775ed50c2ee51f4a67cd67a33c8e632a24f55b5561d230a3b54,2026-03-20 11:36:17
408,408,Shawnt.408@example.com,9230d0f8b24de82e7b08e5ee8e81ef112a99689372343575577d4acb755ba17a,2026-03-16 13:26:45
409,409,Phillipf.409@example.com,c980ab9d39fdced059c4f9b6c5852f1c6ab6720432eacd74fc569c59ec7cc2ae,2026-03-12 09:58:06
410,410,Elizabethl.410@example.com,c1aa64372ace1c1df1d3ed58987d5a70716d15b9a148c414205657af5e95c030,2026-03-14 15:20:50
411,411,Katherineg.411@example.com,e19591d78e4b69bad679d26168d4815fe7f8e627915953d2a5dca32f4093f90b,2026-03-09 13:42:56
412,412,Amym.412@example.com,33c8b41e614f75cf43aea0907ff991611838f322bec2cc91c1a555e8a5ef876e,2026-03-10 10:16:32
413,413,Kimberlya.413@example.com,fa462d7c399715dca72f98817de497840eacdfd79c87d7bdadacd33355f39592,2026-03-12 23:20:35
414,414,Kathrynn.414@example.com,7eb05928bffeed8fbfa91abd2fa84600796c45ce66dd8bacae764159ad91f77e,2026-03-10 11:50:31
415,415,Timothym.415@example.com,26408893c4612821c553162eeecaff3bbc38c5caf714a9ef8ba199e786bda2a8,2026-03-10 08:19:17
416,416,Lisaw.416@example.com,4826229711300faead6cada540124d145daf64e31c2eafdb91f38d732981f5c4,2026-03-14 12:29:14
417,417,Martina.417@example.com,0b8ffccb0839201d211418a77e0bb29210f20d00113a66a36043dbb653da6533,2026-03-11 15:14:28
418,418,Michaelw.418@example.com,c5f0f5f8a2fd5a155522ad052b1195b176a45e39f69f2b2b5abd51b5bd1fbd73,2026-03-08 21:27:27
419,419,Jeand.419@example.com,6260d894898c4fc8fc7ab5885aa07ea598394ff7de7dca42d6eb8b3b71af4ed0,2026-03-09 06:38:51
420,420,Laurar.420@example.com,1033ef0c8ab220791858d0450088eebb486daa1ebc9dfecab0dac6cf781c1cb7,2026-03-10 11:20:59
421,421,Lisad.421@example.com,f7054e20efeb9f21e14aa9285c00b25c2c7c7a744a4fa1ce16c90c14d2900ad4,2026-03-14 16:15:23
422,422,Janets.422@example.com,720c4049e653d6009bf6d78151debb19c1d0bdf058b0283581cfac6af8920369,2026-03-07 09:30:26
423,423,Christinat.423@example.com,771c873e46c639ab0d458b95a1f316cf759e96628ee5e47bf4b18bcc10f481b1,2026-03-10 13:28:20
424,424,Timothyl.424@example.com,978cd809da1a8a356a62bd0deb303919375bd98c91b3899c88a9cfded491c15f,2026-03-07 12:13:14
425,425,Dennisa.425@example.com,ad85bc5cc4178b95afa637d5d47273375bee18bb11c834b827f24a9d39af3bfc,2026-03-13 01:20:23
426,426,Fredb.426@example.com,971955f1a5b3c5b62c919d1aa2757f285d29e98e861c9521307f5faf2a5d7bfd,2026-03-12 01:20:23
427,427,Mariet.427@example.com,d6e570ebc05e2e7b8a3877cc7e16d3925cb335e522201d057d878fd2b3de485f,2026-03-08 01:20:23
428,428,Todds.428@example.com,52509ade392edaf8979e4f22dc3051ca9f45b74b2ec0c262d1dcaf618165f0f9,2026-03-07 10:24:30
429,429,Francesh.429@example.com,ee4571329fae3a44009e3ef4ff4bca8f1dda485c83b0294d67728c9240e1a4f2,2026-03-09 01:20:23
430,430,Stever.430@example.com,82f3d7ddead3d741d9b0c175bf4cfc5d4f61674405edc8bf5df3c002deea0926,2026-03-09 18:55:08
431,431,Francesk.431@example.com,477eff39b86e1a866b91994d30b7802e5d4eafc2b520158070d9085d9cfefef0,2026-03-10 05:30:11
432,432,Annea.432@example.com,7b41a695a363fe5c71da4be958f278f547e833ccff5ee97d77d83b5b303b51de,2026-03-09 17:42:17
433,433,Phillipc.433@example.com,4b2814bda01a6245eb6650904e87b942b45139c2a6ca60aeedabed1d4f8496c9,2026-03-27 17:24:03
434,434,Harryk.434@example.com,c59f034a340315c3d81cfe34a7b2f721dffe36e1c96054cd24bcbfa7589c2c7f,2026-03-14 01:20:23
435,435,Arthurh.435@example.com,8a54d9f49de99a45b7d4e3645652ab55b688299f733eaac8db868c89695d93ac,2026-03-07 01:20:23
436,436,Christinak.436@example.com,6278c793588ec0a4d25d17056da37622915090e1b092d5671aebc529b2532a17,2026-03-14 16:36:26
437,437,Scottd.437@example.com,44f493d5926191005eb5739683c3cf2251b0229515f765f9eaeed19a0c593d1d,2026-03-15 15:03:27
438,438,Frankw.438@example.com,a641801a04b0bac92cc6530a99428277d52ac37db2885ab1d93d39909921006a,2026-03-10 17:42:32
439,439,Michaeld.439@example.com,717047f6d903f53a7dcc6494dbc2dda5c42a5553b982b50fd7b5b59e6e7d9162,2026-03-12 01:20:23
440,440,Amyl.440@example.com,8ef14b389ea422ef773b16cd813789b95de609cf8574b23a3be489dd24f8d25e,2026-03-09 11:16:06
441,441,Mariap.441@example.com,f1653b75d4308a686d8de6acd2a9e4e86e8ba2a65b6c7ae18e4c5d2612c5ad08,2026-03-10 13:47:03
442,442,Nicolec.442@example.com,9bcf2a46c9e881718352f67fa07d22f0c268f832eae5bda05c8dbf92b81e68bd,2026-03-07 08:48:43
443,443,Geraldc.443@example.com,e6e17572b338c40c0bc9ce30abc10f09839bbc991a73520881418ac77e308054,2026-03-13 21:44:59
444,444,Sarahr.444@example.com,1924d1ea3739f98eb1bee0f6021e492dd001d94b5807a591b4a47d346cb13f9a,2026-03-11 09:41:49
445,445,Howardw.445@example.com,a7801e7936cbf07b62f87f4ad163dbb784a5cf1f0f65a80432de5b97d0aef608,2026-03-12 12:35:09
446,446,Theresas.446@example.com,ae7a0dab5649ba3c664d276d346b7b98b72d6360fde2b5a31d85d6fbf5220d79,2026-03-13 12:41:37
447,447,Scottb.447@example.com,4b50ef7093d7116f567a8404742ecc3d8789032f4f0ec8d34487b6d81284df3c,2026-03-12 01:20:23
448,448,Lauram.448@example.com,9cbe15e475cf3acc74f7d0ef245aed8914b5397d12192fca80582cc45b0c1bb4,2026-03-14 11:35:07
449,449,Nicolen.449@example.com,fbc2ffb320d48f76acc25910b6425350e7657a771d16603666858a55df75f57a,2026-03-14 22:13:47
450,450,Laurag.450@example.com,57b88f4c3786f64337dca560049b8628b21b1ef755f45ce1e9f10e58efb8f965,2026-03-28 15:53:05
451,451,Katherinek.451@example.com,84b3cf9129d407399fcc4dcfdff4d3b28b060fb683f30a4c7145157d14a61369,2026-03-07 14:34:55
452,452,Sarak.452@example.com,2f145d151ca1baf9a3037ccd8c6984344da079739cd97fad16fdaf1474d02365,2026-03-15 12:46:35
453,453,Scotth.453@example.com,0f24b203cffbe0debba1d4b1459fda86870ebd79065ac2405e3c2f5fbe659ca3,2026-03-11 12:37:02
454,454,Mildreda.454@example.com,6df140f6e1ba63e66d9cb08c3dffa7321933bb33c32765da35a3220b7211edda,2026-03-11 07:04:34
455,455,Annaj.455@example.com,eedcec893b25ad222f17e8f80eadf6e81edc1910dddfca7653ef527eddf61360,2026-03-11 06:35:28
456,456,Roseg.456@example.com,00056234285273c253945301c387e49c8eb58eef304c45d897b2417b93d1f651,2026-03-08 22:28:53
457,457,Francesg.457@example.com,93bb9646aa6bf9380743b94ffd6f9cf7587fecf3798ed7bc9027e7ba63cf8256,2026-03-08 11:09:43
458,458,Janer.458@example.com,0d4bb71794b0b7083063feef7c46b3a16c0a04c2b283dc6369cbb7dcdc6d2461,2026-03-23 16:12:17
459,459,Annek.459@example.com,9d957cadfa1193e63b4b804ca163b3cd7fb6e75665954674524ad03ffc5d6eaa,2026-03-14 12:14:27
460,460,Louisee.460@example.com,a79afb510fa9ee3babb7a7433b5a6eb7735ccf5ac48984fa00c5a4df2782bb69,2026-03-09 06:29:07
461,461,Davida.461@example.com,7afbe9ed78bd8999d7674f7c470de9dbaa52c29d62de86858fbbdd07d7f8804f,2026-03-09 22:36:08
462,462,Sarac.462@example.com,d1908a522eff3b34e2e27280cdb1d7ccdc4ac7582a4610039aa8a3398dbfa807,2026-03-07 15:16:08
463,463,Jessej.191@example.com,edc532fb63c6550a18e2c1f7baf1442f7d32a0c2aca1e2f272b2a4a7682c9726,2026-03-08 11:31:52
464,464,Jackk.464@example.com,9cc0f4b89efcfec75cdd8aa319d072c11a7e852bf89bf47aec0f3927c51b31a6,2026-03-27 01:20:23
465,465,Dennisw.465@example.com,33f6a3e8b53a660e444e22082495d01b68d220a5fa7413367b50b01f9939c7df,2026-03-13 05:15:38
466,466,Davidr.466@example.com,ce81c321627cb6f46a48cbfad18bf48fdb387585413e9cc9070183bc96a77ba9,2026-03-22 01:20:23
467,467,Katherinem.467@example.com,89677aa0af4d839ffd1dc9da46b401ec08c8a8cb3530a498dfd3e81e1ab9634f,2026-03-12 13:35:44
468,468,Dianao.468@example.com,f25564736cc8fd638a97a33107d8e9b9641b73089bf21d041a09eca9b40275a7,2026-03-07 16:22:51
469,469,Dennisj.469@example.com,b04f45a13d684af2aae8cc8d32edbf74d3cedc0b0673a92f5895b8d596b49188,2026-03-07 06:31:24
470,470,Jeanh.470@example.com,0e182585240e3f866f716dc787864bafdc863c3620954eb43bef5debe6979a00,2026-03-11 19:24:45
471,471,Lilliant.471@example.com,b3881217175a603ad7257fa4fc73771ce839a0a8fdf73d9a1764de9131872352,2026-03-30 10:05:38
472,472,Amandam.472@example.com,8a347a664ff415bbd11e24b5de0422801ea9add6fd78ea2d309f086a05497e25,2026-03-08 15:18:53
473,473,Rosen.473@example.com,36a437761785f01ef580b9c1491542106982ff2edf90fef2017d1afe310be93f,2026-03-13 09:38:28
474,474,Brendaf.474@example.com,0112eb654157d352dc3c2a4797877190c28485ee9c1b64a5f11f921bb0e8c07d,2026-03-11 01:20:23
475,475,Judyo.475@example.com,4fe70a41eff929a1ffa238453de0fed5f1708c6cbd5085a578a025bff40abe4a,2026-03-08 09:49:37
476,476,,0cea719bf47577c3015ab02a43cd0ef0099f565bed5b1c7dcb6f3037bc105828,2026-03-11 16:15:51
477,477,Kimberlyh.477@example.com,2bcd2e99e6eb51201aaab79d52be10c18a5d149ca8a5a13a56811bac3686fbf8,2026-03-08 01:20:23
478,478,Rosef.478@example.com,c5f9142043aaf01e37f52987b6a8923e34b3782f62e67a665c2b8173799ec2b1,2026-03-14 01:20:23
479,479,Alanf.479@example.com,3f6652206b33ae508d778e997626d0775c26b0597530a950baafb3ea0ab7f1f6,2026-03-21 11:01:01
480,480,Geraldf.480@example.com,966b578c71f6999999519bd67965b506a73285595db20c2492e5543daf210395,2026-03-08 05:20:22
481,481,Geraldt.481@example.com,9511596b48a4c9d8dec7aed3dcac0161eb59a62aac34996551d10d8acc78aee1,2026-03-08 14:11:36
482,482,Harryl.482@example.com,fb92fcfb37d6a99f9e8c66f7d1c4b8d833b0335f9fa53311d2ce10ed8e3736fb,2026-03-24 12:56:33
483,483,Jeanj.483@example.com,905eac419a4cba6d3dff167a461270c5993a7d8b060694083b388a954234c88f,2026-03-07 05:53:21
484,484,Henryf.484@example.com,52345476758651975cbaa5eb15bae95f60872dd07ec9af9d238e89c6e666d7b4,2026-03-07 10:09:44
485,485,Saras.485@example.com,64b7d568d6352970143b423e8052c3d4898013dfe368fe30cf7e5ab50b4e8212,2026-03-10 14:05:20
486,486,Timothyk.486@example.com,e401be8f76f8c84c0bb6de4e4139a2d37da6a04ef332cbc0534f7c52581fde4b,2026-03-19 05:50:59
487,487,Kellyb.487@example.com,14c186ea075aacf981f0c576feead0d08c16b848b09f35b201ec76bafbaf4526,2026-03-13 14:10:03
488,488,Seanw.488@example.com,e983aadac9327e8afd3acc197fcfc01a8bb08f50235079898c06f13b6fe5f801,2026-03-08 17:45:59
489,489,Amandal.489@example.com,ce79c3a1b1b28c01405608101917585d4ddaf5fbbd19d38b3082733aa4c0b3c6,2026-03-16 10:01:59
490,490,Judyt.490@example.com,195fe11f8e7f3cf17e3cbe9c4cf553a811638d29109275e539438d00e7a7a4a0,2026-03-17 13:50:18
491,491,Arthurl.491@example.com,4766995785017ec645dbf0f60e8bf2db8ab5eab28ac812cb2a36a597a03be166,2026-03-07 21:17:36
492,492,Virginiao.492@example.com,8be416b3b3dc85248dd932376420b052949bad3cccfdf41b4a7a8950a0dafb4f,2026-03-19 18:01:31
493,493,Andreap.493@example.com,cbe523e4cfbda1de6c83067c57e2340f401c19fce1122760be4e569a55346ecd,2026-04-02 12:19:31
494,494,Alanm.494@example.com,27c297635967844ee000eccdbc192bb32bd4c21b031659b5ddb35783fa68bb4a,2026-03-07 12:53:29
495,495,Jessef.495@example.com,a87b6ec63ed78f7ac76558277a2f1c6586064bf3099b6293f59f339d3ea61183,2026-03-10 06:20:44
496,496,Jacquelined.496@example.com,bd1826ab003d13588555a82a80d07cf5386496229edcee5e0a8f989b24b28043,2026-03-15 01:20:23
497,497,Annas.497@example.com,fb951cbed145072ff47312b3dd1ee918fbd2e3862ff7736995d95202429c3142,2026-03-16 11:34:49
498,498,Martink.498@example.com,4db746aaac06fbbee0caa41621aa0c037315bc3c629d28779e592ac79ede686c,2026-03-10 12:47:47
499,499,Kellyl.499@example.com,f7fc70fe7b6b7ded621c05ad20371161b7499c67e7a43a3c15381b4b8209a178,2026-03-14 03:40:18
500,500,Helenk.500@example.com,107eeb9d27272892d4e22b204b720802cb863553ea083ddcba3db1a36a677731,2026-03-25 23:03:02
501,501,Toddt.501@example.com,bf08aa03bccd6fc542d26119f71de8092a65e76f30a05ec27bab8b4e94babda1,2026-03-11 13:07:01
502,502,Katherineb.502@example.com,7b4dbd4805c47cbbe58bdf4c57ac790ffea8e31d476f21e05619d44411761e93,2026-03-19 15:32:24
503,503,Kathleend.503@example.com,376f1108c0cbccc33789712f8d938d9be21347b4374330944751ca9fda283661,2026-03-07 11:53:41
504,504,Kimberlyn.504@example.com,b9a5f4205f474481397c18754d06380be393a1974db5a07c4e23bf96d6235f34,2026-03-07 12:58:35
505,505,Paule.505@example.com,26102f89259c17affc35b5efbf135444df30ae4c8cc2432106c65610909e3b36,2026-03-10 13:32:17
506,506,Harryp.506@example.com,19d8ea02cae48bf8c04def031cb8864c6916de081ede146c32d4b04df20448e3,2026-03-08 13:45:56
507,507,Fredt.507@example.com,cd750f70f0bded181d1da0642d2a8bac77ae6a4612dd032c0ec9846906690f6f,2026-03-17 09:03:21
508,508,Katherinef.508@example.com,47839a7b749be314b372a4e9db33d87c79e1de457d5c2e1d235acd9178fbaafe,2026-03-12 16:19:44
509,509,Kimberlye.509@example.com,796eb80baa2c9ce3686bc892786e627710f5bdf82d01530120ede146c3ce2261,2026-03-14 01:20:23
510,510,Fredc.510@example.com,9cef01cb35543484a67cb766eac1f25303141effa8c0ab1cc688dd851a58259e,2026-03-08 12:12:03
511,511,Jenniferc.511@example.com,f1068c0f844b2e2980bd2f9ea6c0578a15e97b06eab8b91d26bb9e5931c5eae9,2026-03-12 14:28:36
512,512,Haroldg.512@example.com,25c7a87e3acefb57e45de61e4bf4e5edb77a5a2be3dd3fbc9ad59df771973f96,2026-03-26 10:13:30
513,513,Jeano.513@example.com,c5b04c9f1a9bd76df6059d7f6cbe586bc950200773d21e4fb7f17b1c6273de65,2026-03-07 08:33:54
514,514,Martinp.514@example.com,225201587cd4fda00c264969b93e158a0b489650f5b8f8f54945e69121c868de,2026-03-14 16:57:39
515,515,Janec.515@example.com,16a43f94649bbf5b41c0944c9d310d23444e29e8174fdf0e5d6b4803360b1263,2026-03-14 08:05:07
516,516,Lauraa.516@example.com,11f84d5c5f755aa1f3a79c1ca8c94f8624c4f82f41b9df0e5ff32ecaff98a3f5,2026-03-25 01:20:23
517,517,Helenn.517@example.com,a443804d569663d46704877eff12c140080bfc02ff5570b0f14c0e89efa9d6e4,2026-03-12 15:51:57
518,518,Mariaa.518@example.com,4d3e7d3a5c22ef2c1e1b850a6aa37fddedd8af5192b4e68f72c781af49e7e3e7,2026-03-09 17:58:49
519,519,Nicolem.519@example.com,d81edfb468be5ee1ec30a842a72074a10fba7025ac1ca788078a196571fdf0b1,2026-03-09 16:55:42
520,520,Howardm.520@example.com,2749f2ba989b0a9f3190b62dce65d7ebf5eaa5ab9a25a3b8e3475c3ec94fd4b7,2026-03-08 01:20:23
521,521,Dianag.521@example.com,65a898bd679dac2853d6f2e088fc15065ec5cb641b409c068d1c1b578ee48e13,2026-03-08 06:38:09
522,522,Mariaa.522@example.com,31aa43dcaec86e1caa48e3a8f16615c2e22eb442f80cb1792dffc1530a79abb2,2026-03-18 15:04:33
523,523,Annac.523@example.com,b678f30a39738af9e89c8cf012076f862991ad6ed476da2789df61e9269eae7e,2026-03-12 09:16:41
524,524,Judyh.524@example.com,b5b6a019158aa537bf847a4f855b9d904176ff5c584a92cd38db3419d6102a65,2026-03-08 11:43:38
525,525,Christinah.525@example.com,1b977a696d91c5e4d7a103e118205753be2a999616cd83cd256c227d3c8c5db2,2026-03-10 12:26:49
526,526,Stever.526@example.com,d914d6c69ba7b53c93a37a1c615aeeee52ff8d5125e424463027f22204e635e9,2026-03-16 07:53:16
527,527,Arthurp.527@example.com,ad77a9273bf3e2e15e99e37ab36fb00b666462b958f7422b38b9cf48e372bfc0,2026-03-07 17:08:11
528,528,Shawnp.528@example.com,3f049a7952d2bd2d220ce8246c065880e6057379801b0b1f3b9e798404214b7e,2026-03-10 01:20:23
529,529,Aarone.529@example.com,ae1ac056d6b1fff505a26f6b2bac726f7486ed226491b4ef51881bbe74000300,2026-03-11 19:20:35
530,530,,7323aa306ec3cc5b4b2fc70d553b85c46437aa86daf08fb33c29467b32e4309b,2026-03-08 14:34:22
531,531,Francesf.531@example.com,d67cb74c4f07d9df5c68953f7776ee6b3106a37114d1feed757b19e803917fb0,2026-03-08 10:14:14
532,532,Sarao.532@example.com,defcccbbf31de9ed09a02141b28466cfc4080ff37fc5d4b9486e88814afdee16,2026-03-12 10:39:17
533,533,Haroldk.533@example.com,a9996b684cba27db3b1b02ef34b46d837c718d34da28887eb48314ab7a075698,2026-03-15 08:50:12
534,534,Christinah.534@example.com,975a9aee9168f67e44ec99252258a1f4fc915c1f82237d5f9887f6cff25c41b7,2026-03-15 01:20:23
535,535,Margaretc.535@example.com,7a87a984c465a1687d139756c34bc5ffc9744d17e73e565b39d776551d653e4a,2026-03-08 12:41:49
536,536,Marian.536@example.com,924b66a5e6ed8ac3b866579a0fae0a05d99a6f843d480ba08cd3c4f2d43189fe,2026-03-14 06:03:25
537,537,Jimmyl.537@example.com,fb78fbf6776d596d5e9333f4073cf6993387f10ed0fb297ec9be30c470068493,2026-03-22 16:46:22
538,538,Helent.538@example.com,c59b30d5c3fae4df364784524ac3fae3749826ef0924777f04e230302d454b7a,2026-03-07 09:33:30
539,539,Virginiag.539@example.com,9540e00201b3d81f6dbc23b59bb1f017c2aa863e6c5ab66eae627a904fc23175,2026-03-08 13:50:18
540,540,Lauraa.540@example.com,a71a46611c28ceac8ee33985a348c157aa824cd3b419f676dcf95d51decc3528,2026-03-07 09:29:38
541,541,Francese.541@example.com,848b6bc90511977077e19e434b4d976c909580a57701720635588b249b6e67fd,2026-03-13 11:22:31
542,542,Scottl.542@example.com,a1878a3a9b33bb6ddbe28e0774094205ecc46f6fd8d1ad3c11462834b816a9f3,2026-03-09 16:38:10
543,543,Howardc.543@example.com,eaa5827da22eafe5032d02e839b50ed358bb0f0dd2ef8ae4e0005b1692d1c4f9,2026-03-17 11:48:39
544,544,Joshuam.544@example.com,09b0727c7f1e3f333985d01ae99c7e7008bb14eb5b6f52944dffefce4a358feb,2026-03-09 17:55:24
545,545,Andreas.545@example.com,413c568093379049ab1e0aa286bac63312bb9fbe0ee3856aa1458e30a18e2be2,2026-03-17 03:06:28
546,546,Jackr.546@example.com,3411682f3f538e08a5b6856b2ee60e3bb69afa926144ad44b9aa3335a4a3cb45,2026-03-07 01:20:23
547,547,Brendat.547@example.com,b2a23120c88faec962fc761e62cc08b8465d5edc111b51de211db518cca021a6,2026-03-07 09:24:39
548,548,,addf1b79b9188c4eb823dcbd6e7f617bd66db75a5537f4b74e9e59214833a7e1,2026-03-18 11:31:33
549,549,Maryh.549@example.com,c564f17d798dd1fe7ccfe91d8425c48af0beae3e28e20b3966b42556e922224c,2026-03-14 19:47:58
550,550,Nicholash.550@example.com,68d0555ec8ca0d7a5c1e738d2b38a79aeeb549c0ee14681db23f747aa56cd3a0,2026-03-22 06:34:23
551,551,Jacquelinek.551@example.com,5e1e587e94bf3e39f1d66a87f859c662fb08d7b08a4c4ac7d0d1d3b1c225c7e6,2026-03-16 12:05:05
552,552,Louised.552@example.com,b8d5664ee83070e3e3d54dfc642fc913a1c36cf67778c2a47e2c8742f55e8815,2026-03-13 16:36:23
553,553,Geralda.553@example.com,0f25decbe786c4de995723242593eb9a21ed4bd9aff33ecb355f77268ee700c1,2026-03-15 03:15:07
554,554,Louisen.554@example.com,fc2fa4c7df0350b1996e6f73f999eca38746984ed1a6b822df8554aed38820c1,2026-03-10 19:45:51
555,555,Arthurl.555@example.com,ae8e6d746c96b4a3ecc546e4d4f3e4f9e47b8d2aa36856c3182ad0b1363233b3,2026-03-19 01:19:23
556,556,Alana.556@example.com,6a9b3edd66ceebd1e155c3b4caaa358064c6299eea9ecf4e4d2103fb6f59ff51,2026-03-12 07:28:33
557,557,Kimberlyg.557@example.com,0bf6d70f41daa23aa2c6cf4e0d045b476f6ab453a5a5b9193e55c158cdaf524d,2026-03-10 11:44:19
558,558,Frede.558@example.com,0489283809f4da2d3f35d05831db2c63df9ac0aaf635bbee7e8af8e5e0995569,2026-03-11 01:20:23
559,559,Brendaa.559@example.com,6947bb72ef02643b5a0ef626758e3db0c0df2dd42a062d3e9bf78690bea2538b,2026-03-10 15:53:27
560,560,Willier.560@example.com,3df0b9aaf19db417c9cbd3a4daf8e015e5947d295493d827fdb6067e072c9f95,2026-03-15 15:24:01
561,561,Benjamink.561@example.com,26086ef9b8eb3246a9dc51e60a92ec5d241d558f2c224ef197aeb291eb099f9d,2026-03-21 08:36:09
562,562,Katherined.562@example.com,5bb022892d82541f1c2c06caf0d938563646b6c0ff990e5165ac4f29cf231fc2,2026-03-11 13:42:15
563,563,Christinah.563@example.com,57738bef174f1a20d8a5b0a202cf9c5de79b391d00cd1f7ec06d0646f92eff6e,2026-03-14 07:37:52
564,564,Edwardm.564@example.com,13fcc714bed58f683524fbc01f1cfd8d9d769e583272b929c6235c7aeff1d22f,2026-03-10 00:27:59
565,565,Kathrynn.565@example.com,acca254a76f3f8b1245b37cf0659dc02ccd3b93a31c7447bbe4e63c5f71532e0,2026-03-09 08:22:41
566,566,Aaronp.566@example.com,7de5edf2cc58396ad26c779c6d74ca63c58c96a6835467b846f1e1d67dcd9aef,2026-03-07 01:20:23
567,567,Shirleyl.567@example.com,df16b593cf785fc5d01539884af7af74fab3e51290a64125c53368136a67eebd,2026-03-09 09:00:47
568,568,Michaelp.568@example.com,0d7f0e9c775881a45d3878cdca40a48900920bd54b3d06bf6d214d6217e6446d,2026-03-10 19:15:56
569,569,Howardr.569@example.com,7cfb6493c58506e80629b84878d2cc2caf294121dc20797f55f5357caf145699,2026-03-08 01:20:23
570,570,Glorial.570@example.com,0c5c664575097860a37402bb0c653705f97563a4ca205502c4831b0b5cd5ccda,2026-03-10 13:48:10
571,571,Sarat.571@example.com,39541e2902774ffc2021b6ffb3cce8ff8c4aa32f0f35653e50a5600b68fb191f,2026-03-07 11:00:31
572,572,Marief.572@example.com,232e9334b19a62f828691e722b8bdb6924acd34974588e42c0ba36a7ad92e826,2026-03-13 09:26:04
573,573,Judyn.573@example.com,178093bde1bd88859097f3e8a0e53b16cbdf2294b5e993ac7c3718dd8d44583f,2026-03-12 11:27:58
574,574,Fredb.574@example.com,109c82102344fa9bbcb23133ae4f91d534cb59ac34dfaa5276149d80c623a73b,2026-03-15 16:51:23
575,575,Normak.575@example.com,056e7cac1e3eb1827ca997a2ed87d2d2f0e71c49c6e640f702edac9c15905882,2026-03-25 04:43:56
576,576,Dennisb.576@example.com,5d989fb7a3743a43d24ddb7949fbbfdf1b809e0e38a4e2271720e75e76c8a275,2026-03-12 11:21:06
577,577,Nicoleh.577@example.com,62952fc0b1389aa1a240d8491e32235c08c4b0b0353c9bb389c1223adbca78bf,2026-03-07 11:08:52
578,578,Brendap.578@example.com,047466892e4780f58f5102b24806b83798dbf435ea3cdfe7f2f2fbe03d9db549,2026-03-11 01:20:23
579,579,Theresad.579@example.com,27d061c8fc5e2e0eec27997eba0b2a15f206fabc733478a75e38fb58d206a8e6,2026-03-12 21:41:28
580,580,Nicoler.580@example.com,f07eb5f4e2201740a3dc371eec0defdc850fa3da5a7233d27938d3577dab0fd0,2026-03-15 14:13:24
581,581,Elizabethc.581@example.com,d30a31f90295ac7b88552bd3e67d346beb17d39df9ce6c6fa8eb74af14504171,2026-03-15 08:04:47
582,582,Mildredb.582@example.com,ef5cd58b03d6b474cff75a185e0c94238fb3eeeabfe3a62c8775d921c1836fd0,2026-03-07 11:10:04
583,583,Dennisr.583@example.com,16e14b85d3ec2d11188db96d46aecd2f8fb148d9fb90fa323faa8967360d7776,2026-03-07 10:32:26
584,584,Adamw.584@example.com,e421ffdfd21c8702507e45673ea82b3109dee839a1aaa6423da959969cc52722,2026-03-11 17:06:10
585,585,Fredm.585@example.com,4a76a966fa1a8ac5d835db7ba7e771206e86ed08d3df4bd2fda81e05510eb591,2026-03-10 03:34:38
586,586,Louisej.586@example.com,22cd29218523d90dd4ff33b92ed4d7ec682227b64d16d0901015b30c1bbb82ce,2026-03-12 01:20:23
587,587,Phillipw.587@example.com,af2994bdd129f72ef482bde45a5c6829f9e982b7ad9333d44e30e2952ecf0c8f,2026-03-08 14:57:00
588,588,Elizabethf.588@example.com,63ee0aa836d9e422cdd3842ad4ff724ce5f2afe8ed727240f2277711717f9189,2026-03-08 14:59:21
589,589,Franke.589@example.com,6a299ae7ce9aebb2a7d9b91b90990f5a8b9c39d1553e2e0674417d1addd24b93,2026-03-09 19:59:09
590,590,Alanh.590@example.com,aab3ef83d145231a34de0ff47796dec9b10b064b6cc2d1af8a6334a5302cda8f,2026-03-16 19:14:17
591,591,Marieb.591@example.com,555c0d52cc42857712182dd5ddf919e933fd9302f6a8b597fd0c48e9f92ae99a,2026-03-17 20:18:08
592,592,Shawnw.592@example.com,883afa5cbd57c45277887f9504b73a2f6733f3a32b9182882fa21656350ffb0b,2026-03-07 22:16:10
593,593,Gloriap.593@example.com,7042d819293b3168c00b1beb3cb53df03ebff137e8115142377128451bfe87f8,2026-03-10 13:20:04
594,594,Jimmyo.594@example.com,c334e535d12b4e52c73b3e0abe410b9b873b96c851889fcae2bac0e6ce91f9d8,2026-03-13 13:17:44
595,595,Paulr.595@example.com,3483e3fb89bd73c8124947d8f3410f0ae0199855a1032a74659eba70df409c71,2026-03-11 11:05:26
596,596,Jacquelinee.596@example.com,861aafd02badc12435464b7fa4418f53d7aebe9816c1679d6482b70772401fad,2026-03-18 20:41:52
597,597,Shirleyf.597@example.com,e1363f3ddf56cb0ee82af411f482c49bb052af99b54728a43cd759edaf274420,2026-03-07 06:45:32
598,598,Janett.598@example.com,8b4094db0e531041baedf98d1e7c8bf03beb3df27abbd131b0682b0058fb125d,2026-03-19 09:45:54
599,599,Johnnyf.599@example.com,4ba6c68d4166f9364543e2596e582465506cb244a0984fa1e54c76094f966010,2026-03-08 00:16:41
600,600,Edwardb.600@example.com,7b0ab923f5488c605e5d0bf9206c246d41ece0a094927d2b08c416d4b392b9b2,2026-03-20 17:16:09
601,601,Christinab.601@example.com,a1639f5372c6e2f93d7bd75f9677de012ca7908e3fbd432c3ae88a604f88c5b8,2026-04-02 12:55:18
602,602,Joshuaf.602@example.com,37fdfee36ebb5134525f40681215129d0d33072b8eabebb84b6d882828701295,2026-03-11 18:13:05
603,603,Steveh.603@example.com,78e49d5965abf52d9850a9c9043be8d604833b5e2a4297910fa09ec82c280ef2,2026-03-08 07:07:08
604,604,Jackk.604@example.com,2445e9002f51eabced99509247c992998a7e2521b7e0d213b5e093a74570c5a8,2026-03-12 08:34:44
605,605,Alana.605@example.com,55e939d79d13bd1e7ab5fa97ba8c75b2136afc02e1b068193a6679e77aa07d95,2026-03-18 10:15:06
606,606,Laurar.606@example.com,58d478e34dc517c8cd91226f6a46bccdb032b75f166e0a5c9a04e0970dd7be20,2026-03-08 10:59:01
607,607,Franko.607@example.com,f8abd07467f25d823031d1367398a4a9b70ba7bbae3dc315d50a7e3f4fffab27,2026-03-09 11:41:09
608,608,Jackg.608@example.com,1d78cce97288436b622da0b9f8958556d24ffc3c75e51ab91dcd705605254f1d,2026-03-22 15:37:28
609,609,Thomasm.609@example.com,e019f3f1da4a610693edf8128e8914e1dc6985b7ea8c8314bb045c3d9f7f980c,2026-03-10 12:57:16
610,610,Brendas.610@example.com,805388afc00647ccdceb9a4219b929cfae6b01392dd046031b7ee966aef0da8c,2026-03-07 12:32:32
611,611,Steveg.611@example.com,bfc2a1da02de885f438563e5d715ff6c142a0b3f13bdd632f0f320313ec82fca,2026-03-12 12:04:34
612,612,Fredp.612@example.com,0e7d45a394951d35ff5b08ee0635ef6a0927a9165dbe55da1eae2d2e09f674a0,2026-03-11 19:04:02
613,613,Judyn.613@example.com,16e7825e75d285e8de8e20af13864f1d958fb7c4cc857102a20454a14a5ee23e,2026-03-07 12:24:22
614,614,Paulp.614@example.com,51fada9205b298c1c92005297254b88b0323b74fe115a1f48dae4c89eb934aaa,2026-03-07 12:25:05
615,615,Helenj.615@example.com,5a0dbf79dc5a443331855eddb968e23e6548b8a8dd28e80febb9272bafa2b3c9,2026-03-12 01:20:23
616,616,Mildredt.616@example.com,94f5c70e6db35fee40c5fe10e152216eee2cc7fed03ed20582de4d0ae2e72606,2026-03-08 10:15:25
617,617,Victora.617@example.com,b7199da8726be48c198c802547251c8b6756d8db75613e4b41af50c2c40b833d,2026-03-09 15:10:31
618,618,Brendao.618@example.com,837a218125bb2f07b037420e984d9769952eb6de64ea438e667d70a751bdce39,2026-03-09 16:30:40
619,619,Mariep.619@example.com,44e7bd45fe0fc730bbb660333013b2024c5e9a04bbfba5a8d6ded300c983c35a,2026-03-16 13:16:26
620,620,Louisem.620@example.com,6c3b2f4d87bfaa8917deea1d904b5e6d49108929fa41a249734b84bc4a869119,2026-03-16 01:20:23
621,621,Rosen.621@example.com,5443039a6747f3e6d4f56de0e23ccd97fa21e326a6ea9fcfc5d8411e754a9b82,2026-03-13 10:32:18
622,622,Annew.622@example.com,ec2625a3930bfce526842afe4a33aaf8b833cfa584cae4f8acbce0130e5dd005,2026-03-19 01:20:23
623,623,Henryf.623@example.com,662a6d6e6ea345e93b26b4b40d14d7227dc45c18f5d1d2eed1b3fcf4088d76bf,2026-03-08 01:20:23
624,624,Lillians.624@example.com,87c0c31bf2a3fa13944ea53d6a59b9ad95828e000ce21b25f0a29501700612b7,2026-03-13 11:03:29
625,625,Adamp.625@example.com,9b55f37edf336b13912b4b98c17b6d6c849c402f016bceb5a76f625f4b9ef785,2026-03-17 17:45:29
626,626,Lisam.626@example.com,94eb3c86036299b9c6afe5febcc261cfd08a2b512052834c563bfd8bc5118b38,2026-03-18 14:50:09
627,627,Theresak.627@example.com,88dc2c13b9e7ef97fdfe5bb136b8f6d38b190bf69a6ae1bfc8b4d8a82b309539,2026-03-09 01:20:23
628,628,Virginiab.628@example.com,16455dc93c058cb49a291c016ebe8b93af38e23fede164d2b2312bc1e732b212,2026-03-19 02:09:55
629,629,Arthurf.629@example.com,e5d6085f8f7f62d2ee919a5c3feea5d36581d11397cf9019183c81edee1aa20b,2026-03-09 15:14:56
630,630,Judyh.630@example.com,786fca1eb9533e5ac92df0ef45309fcbd5ab51e066cab110d703fc67537101d6,2026-03-23 14:27:35
631,631,Brendak.631@example.com,f5358cfa5a377405ffbcc46f2f335ccd790da45d2d1d73aef5be292cda268dc7,2026-03-09 16:24:17
632,632,Teresao.632@example.com,3995db1f07cf98f4358db45ecf5d6c8a8424e4f16c2fdbe1fca576539b6c1334,2026-03-07 14:58:44
633,633,Louisee.633@example.com,2edd55f9848c93e6d6931f314f0e368e2d4fd4fd9a73074e78f59d8284e25e78,2026-03-10 18:55:40
634,634,Gregoryt.634@example.com,5fe8d38eba6b5e42c9447c29875004f05a2deade6efa6646dab27e62df779dd2,2026-03-07 13:25:32
635,635,Harryw.635@example.com,5ccccf0fdeff2591a15f74f51e7994b4899b14ac9d4c6a055e0e37c2d3d16cdf,2026-03-08 09:02:08
636,636,Lillians.636@example.com,37126703d2a4ff4c60878226b7f5a1945de1b12fab0d362eb5d523b6964502cc,2026-03-07 11:47:22
637,637,Toddc.637@example.com,6a4605cf70383fe0c2aae1ce12489dbf132740699418a3b4183f4d0881dced04,2026-03-08 10:36:37
638,638,Shirleys.638@example.com,4381f8e3d9f8a196899d1c7e029383ba5e8646dcaa6287d0b9fe57cc7b42e516,2026-03-28 21:40:43
639,639,Harryg.639@example.com,fb52c657ca0317d9f065c894657c6d00d275ca6d099550f476cdd5e70b396685,2026-03-13 01:20:23
640,640,Andrear.640@example.com,c5103bad40908c11b3342354f4ca68aaf04d9d2bf17f8a413bdd2298a504fa5a,2026-03-10 01:29:44
641,641,Phillipd.641@example.com,5e5f8e6eb89c290158d9d30a35dc89efb76760095bd3bb19c1dca0982d497d19,2026-03-08 10:41:53
642,642,Shirleyt.642@example.com,95cc7d724b3427acdecf45f905856bb8aed8428e53a89980b4d63b4aacd30f78,2026-03-09 01:20:23
643,643,Joshuac.643@example.com,5364f1c452aa94468c391c68e803e22940ff961c1e9f953a7e2f1ba1626994c6,2026-03-15 06:19:12
644,644,Harryd.644@example.com,9e801bb118934843a328dc693995361bedfb9df27c398d7a744f612d4bff6f31,2026-03-12 13:45:06
645,645,Andreas.645@example.com,571bb30f3be2aabcca7ef8efd0d5a63327036701cd148c1df231344e0d2d3e64,2026-03-15 12:34:05
646,646,,6f1e7433e08d433ffc9906d2a66f92417f3c43a5d0cccb1aed6f88df8ae59161,2026-03-08 10:23:50
647,647,Rosem.647@example.com,771567ec3e2f38f6ab2d368ac7c5adc45504eaf2147974a82f412428317bb999,2026-03-08 14:30:40
648,648,Helenn.648@example.com,d3c7e2c6f1d4521ea88e70b1d0c20221b81b52a9c3d1735fd4495d92681365f4,2026-03-12 13:32:14
649,649,Nicholasg.649@example.com,8c96c42afbe78b1271e46e7b1a47a0cef4d29caaebd59b61517e35a3e79bb499,2026-03-13 14:59:02
650,650,Geralds.650@example.com,4d9e769b072cf4f2fc31a137d475bf214549e45537afad05eb41281fca5fb197,2026-03-13 01:20:23
651,651,Virginiad.651@example.com,c9832ec3fdca34a34606a2460423d6704140d7ac5d46d0f234a68152bec9780f,2026-03-14 12:23:56
652,652,Barbarao.652@example.com,96c033783b2c8160239df5c4513849ed16f3fc97024f385e614a488f20512328,2026-03-12 07:41:56
653,653,Amya.653@example.com,da4fcc6c120d6d6a8a7ea4b88c45e76d7890b8786147aae6f380fb49de13ed9c,2026-03-12 12:17:53
654,654,Paulm.654@example.com,207aa0a318d2dbc8ba19aca49d29c011e1f85ae6e416dfa3883016199e7c434a,2026-03-09 08:10:33
655,655,Alang.655@example.com,935330379fba013ff9a464754a3ead317480a53b93b46a5564b1c0859da7e9e1,2026-03-20 11:56:40
656,656,Gregoryp.656@example.com,dc4dba7e954c623669c446fb90b5323a0dfaa85f43da1bf079556d8a9732c385,2026-03-30 18:42:22
657,657,Helenh.657@example.com,9f082d9922312e4a471171eeb3dc0a2bc6099866b694e327ac60ab9959ca41e3,2026-03-14 12:52:27
658,658,Annet.658@example.com,291e1b7295d2e1cc73d1e9a0d55a1f2231dff705978f2107a85f99c276dad1c9,2026-03-07 18:57:06
659,659,Andreak.659@example.com,fa61984eceaee12ba7d734c0a4b566225f7563d06382d0f13c8ba102340b4766,2026-03-07 16:41:48
660,660,,700eaab6f1670cc0b2ea70a1c3a6dcf49444371ee532ab71ce852e2e4eeadfa3,2026-03-14 13:17:30
661,661,Aarono.661@example.com,349a8324ede45340fe144c020421100f8f5ee49efad82a7766ad275f38a835ff,2026-03-07 14:38:27
662,662,Kimberlyc.662@example.com,e5eb1490ae22ca4a8ef158ac9051ff272b52832600ce232fb1d015a0b970504e,2026-03-08 19:40:31
663,663,Mariaw.663@example.com,2d210000e6b854ca771b903a38121537d7120dba30dffd34d2db51ac3bcd1bc1,2026-03-12 01:20:23
664,664,Aaronp.664@example.com,33c021465b7c4e704e38caab732bdf108ac17ddaabba922d6ab07677b67f2b1b,2026-03-08 01:20:23
665,665,Annaa.665@example.com,42d9f2800fe06633f6f75242fd29915b20eb11edbccaf6246d8dd36406586145,2026-03-11 01:20:23
666,666,Gregoryk.666@example.com,cab805e20ac7fd6105585530914ad8b461d68bcb36e628e329f57cdba5409789,2026-03-09 20:24:24
667,667,Aaronp.667@example.com,4b74c94febd728007ae58a8050d1101b61f8792facf2fcaadd87cddfd4b2ded4,2026-03-12 10:33:54
668,668,Dennisn.668@example.com,4b134904da91ac02e01f05614d61a72c771ad7ad3ecbdbd882d7e876eff7d2e4,2026-03-09 15:42:18
669,669,Amyf.669@example.com,0102c20ce45059d18589dc09720b2be01d0a738c305a0ac05f3a5bb094799261,2026-03-24 23:32:23
670,670,,53caae99334bae04d6e4e4308221daa3fce649ac327dcf94cb15ea1cf3b7b634,2026-03-18 01:20:23
671,671,Kathleene.671@example.com,425d71f3d30ab9de0a82104ce51068a11a948b4b40a8e45254a6d1235d49f368,2026-03-25 12:21:35
672,672,Kathrynb.672@example.com,7f601e42f221793dad6d6eaea9f4d0892306eca7004895bd87aecfda0e8ac9d1,2026-03-07 20:11:12
673,673,Frankn.673@example.com,1a31efbf1bcb667ba8f18bea58a256ab6256d55c10791c15cdb6377e11036d8e,2026-03-10 15:10:55
674,674,Victorl.674@example.com,5ccdd1dc9f776ae0f54b6efa7c5e63ce2ca441838b868e9089c82810c36a86d2,2026-03-17 18:42:08
675,675,Shawnb.675@example.com,2b7fdd7ac136c534494937ce7127816b9d0a454d8c4ad02fff7d036d00e1dd13,2026-03-08 15:42:47
676,676,Joshuag.676@example.com,0d3fde94b98cc629ab3156214419b131e4ca3d9c54e05965b098cc365857242f,2026-03-11 13:01:13
677,677,Janete.677@example.com,d17b1dee1d4ef4de64b0c3265d59358c74d78c1cecec149199ed86d1afb78ceb,2026-03-10 08:18:20
678,678,Timothyh.678@example.com,cc600c33d8493e0b672eb5964b46b0ce83ed398cc0fc8acf909c9f921cac1c14,2026-03-16 09:36:15
679,679,Mildrede.679@example.com,e1d127427dc2bc278562eaab1bd4e4dff8a953d2744a9563c7dbf630fb81f587,2026-03-08 13:26:06
680,680,Williel.680@example.com,21e572a4871b2048efa1239d7295e21866c71cd747324faf1cf7412eb0e0d2c1,2026-03-16 12:29:05
681,681,Katherined.681@example.com,57fd74f48ce631d5e374dd0f6ceec7858456c854402e4e4ad932ffcb54148a74,2026-03-07 13:41:32
682,682,Mariam.682@example.com,4436a36a35f2ea41f6acbb6cd67c019fb708b7ad4cda1b90e8966bc78786d713,2026-03-07 20:53:48
683,683,Amyp.683@example.com,463e1fca48314b2fcd55a53da3a6b9be5831aa135647c901dfc36a58e6747ccc,2026-03-29 08:24:29
684,684,Billyl.684@example.com,94af20da7259ff9bbe5f383b0b84cebdc53f6571115339f65e0c38d02081ff3e,2026-03-27 14:11:44
685,685,Davidr.685@example.com,6015109e74988273ae8c1d8aed670c5ccfed60697fae0124969ef43e436ae65e,2026-03-13 10:53:01
686,686,Nicolep.686@example.com,3cba6a71dbbe52830a0636299f7799dcb6e4f7123ed033f904783f4cd6e6d0eb,2026-03-14 13:58:00
687,687,Henryk.687@example.com,78aa87b5b91036a2203a14b1889ee9c86d108f3c3769557f8ad51b2f992ffb18,2026-03-13 00:41:32
688,688,Jackh.688@example.com,09453f6a15394ee6b707966679867212e926c30f5b7a132f88ac1537452be34a,2026-03-07 14:19:08
689,689,Frede.689@example.com,38460e41936f05325dce3bb77b585a50d8ea32203a18ecc6894c8fc68c8f13f2,2026-03-13 08:02:57
690,690,Sarahw.690@example.com,d9444eeda03c4a5727961bda30571364cf50a950c905d39df2b4409fe374e3f2,2026-03-09 01:20:23
691,691,Frankg.691@example.com,f54976324ca2272c294dc3b45d2a5c6c3f2533e2de880253fbc2887c99ee52fa,2026-03-24 05:52:15
692,692,Kathrynj.692@example.com,8af996c05c9305967933c2ae2b5f23d3b52aaba67716b314c0dfa95353ed7c12,2026-03-12 13:08:06
693,693,Jeano.693@example.com,724b819119481b35084605d5bb34da56a9146286ac5017c4a2ed8810e83c2ff2,2026-03-18 11:28:35
694,694,Theresap.694@example.com,4a301590ade852481df4039902ffd0ce6b4d28d7872a4a4c765586a3e4136382,2026-03-08 01:20:23
695,695,Teresab.695@example.com,426bd6f6c5f6435b57c048990fada8b6d7400c2624f7ff95afeac83f2b2b9e6a,2026-03-09 14:45:49
696,696,Willien.696@example.com,c33c7ad5e7a36755768428540dc600ac2b118bb0657e3a8b5bfb7ac51e0fc839,2026-03-22 10:16:23
697,697,Aaronm.697@example.com,0bc8457bda3fa067856ed510226390cc886f9cc4564d6ab6000ad8669c0644cc,2026-03-15 17:03:09
698,698,Kathrynw.698@example.com,2e25d541ef549b13eeff9948533d02f29808ffefbb16a391bc1dc9ccfbb34572,2026-03-18 06:44:41
699,699,Janetl.699@example.com,9ffdd565f2b0942375271d5a96731f0efb6867ac34ae4e7db3603badd7d3e92a,2026-03-21 09:14:14
700,700,Adamd.700@example.com,e1b0900c7d925ea76058ffa1611395ecd5724e04c9cfb9e4cebbc1a50fa25bf8,2026-03-12 20:10:19
701,701,Rosep.701@example.com,db3edb33de6be94df0133137dd476262c0521f2a44824882de55ddb79a38b251,2026-03-07 17:36:22
702,702,Harryo.702@example.com,4404dd181794d8e4b1d97a9d94f1d12f52e88b099e348cb5e303e5d580e40e9b,2026-03-07 01:20:23
703,703,Adamp.703@example.com,2283e871b8f68e1300d73d2517916ce2ba4cfd2807cdf5333ea9043efa8fd829,2026-03-16 01:20:23
704,704,,4833005729a266e891e2875582edbf7b7c3be86174a44ee9f2db7b05577c1eb9,2026-03-22 10:54:57
705,705,Sarahk.705@example.com,eb6b06465145fec12878cbc7db028f117878405e2fdb0368e742ebdb50b024d6,2026-03-13 12:16:26
706,706,Gloriab.706@example.com,b36792fc05a151e0190aaaeeb4d90e4b4ef6ae7c950d8644ebd602296ab6d2ec,2026-03-10 03:11:46
707,707,Fredb.707@example.com,cc63c02955d4543498a1549943800771dff16f40c6777886ca7c00e445040acd,2026-03-31 01:20:23
708,708,Sarag.708@example.com,aa0957f0e2b12dcee0640ca6fd5931ad708776492dd655fa7b4d68c69d3dff9f,2026-03-07 19:31:49
709,709,Martina.709@example.com,85a570803d78c2d64e8bfcb1d57c44ec110a74c732c0e7e3e9787ff577227118,2026-03-07 01:20:23
710,710,Lisae.710@example.com,f5117f4cb44087a3c98dde29f72bdaae0971ae8942de54b7222f428e9a6b05bd,2026-03-09 00:55:00
711,711,Teresas.711@example.com,a7c87794cd794f6c79ba81931dc53243ada22c88e670379a258d2bb28e06d15c,2026-03-08 13:17:29
712,712,Annar.712@example.com,ef43a422e74b7d577e0d6303e462adb77f30e958b910532f9542739d0078f4c5,2026-03-13 12:09:16
713,713,Victora.713@example.com,3f4a70e0102a508c500b32c2ffc0e6c8669919f9d3840f320eb2f6d9735520bf,2026-03-10 07:36:47
714,714,Marye.714@example.com,153c1809ac5b07a043d8d0bb42bbab9b73206f1dd59860245c45a680ddbe2979,2026-03-10 09:16:59
715,715,Rosew.715@example.com,a52503a6a8c352ce5b90937ba4d550a3203c82ee0daa16300e46b8f81282a204,2026-03-17 10:03:08
716,716,Brendaa.716@example.com,d1f5f60ea4e13960281846a5e91c8bb3f40052d24c3f6bde8072fbbbf93b2df5,2026-03-12 10:14:32
717,717,Amyo.717@example.com,645df9c5d094313a7fbae7f9e3521ec30043bcc2d04088a49f8d6dd0df53d769,2026-03-14 04:58:23
718,718,Martins.718@example.com,d13668db2b1ae62aa7f362ea442a94c90de0826cfa0407345fcef0e5ba0a243c,2026-04-15 13:39:54
719,719,Sarahd.719@example.com,f6785d8262f8e39d135845a5c4b4ad48225116590b30fe100bd2334d2bdad046,2026-03-08 12:25:30
720,720,,b251c149d6da5c8041a9e91c8c339f26af4efac9a9dcbaf12048da025a601322,2026-03-10 14:04:19
721,721,Margareto.721@example.com,cffc4ca66a55d016d75f33d8296f899055efed7cdb5948324ef097279bd08c2e,2026-03-20 15:03:44
722,722,Haroldt.722@example.com,9dd5d86ca85bdc20994ecd679b4aef691a3de15b1415f50c0d1a7b4d83160532,2026-03-28 01:20:23
723,723,Christinae.723@example.com,bb362fc4ed9b38149cd6cf8abda105f7edd55856b8bdcdd6078dd4e4c0198365,2026-03-27 01:20:23
724,724,Johnnyh.724@example.com,614d7ec5aff9bdec9d176ef86509f70bd6c3f93c80612676d0b994a99fbfb2bb,2026-03-08 14:34:54
725,725,Paulo.725@example.com,454abfc447ecc7f1d03e9886b6c0b639f72a9d8733dc7c7124bb4e36aa63ff65,2026-03-07 02:49:04
726,726,Gloriaj.726@example.com,9be1d5ba2679edf067772206d5908f008501f8849afc3f4c61418374779723f6,2026-03-07 04:23:53
727,727,Janeta.727@example.com,a3b0af2614e617a590aac741bc8c33882de5e36ece2b7841a6bac62ebbfda147,2026-03-10 18:34:29
728,728,Marial.728@example.com,bf17499b0b4c6f05296dcbfbcc2f703fb80d71d1f5d00109e0a3f6d043b86344,2026-03-08 08:03:36
729,729,Henryl.729@example.com,d91e4ffb83c33a855596525fadb0062eaf315515d73d7d1c32c99c962e7057e7,2026-04-04 15:12:16
730,730,Rosec.730@example.com,3e1fd3fd1a67b09cf89e9c9396c185c2bbfd5103b666d2928e4f3b6874e723db,2026-03-09 16:03:22
731,731,Jimmym.731@example.com,d720ba6fdbc0d2a2bb0b5314bedb7b96440faa61d96d664e6fe7e5a1edbff9c1,2026-03-08 01:20:23
732,732,Jeann.732@example.com,7bbb699016cda9e1a354f66c390360cb2c26831807b1cb30a982a2bbd9aad642,2026-03-16 12:46:54
733,733,Mariab.733@example.com,0f6e54c17524f7446bd635febb1a64eac3888f741b2e3401e559a437f462648a,2026-03-12 16:53:39
734,734,Paule.734@example.com,3688d9c758c9ce590dbaa9214ce561be3d96ce22cf7234e73b592b2b33b8f9ff,2026-03-12 14:24:29
735,735,Jimmya.735@example.com,445ba487a3f20b07ccb8deead96f89336ffd9ff6f36945699754edba2128d4a1,2026-03-12 13:39:12
736,736,Nicolee.736@example.com,d8c72236353a9570929c11dcacc0913a6d2979a9811a9ec3c418b9e4dded15ae,2026-03-08 16:55:37
737,737,,389db0d5a051b57ba411904cc241d1d6715c297af83189fb5b7ad242ee5e733b,2026-03-08 15:15:38
738,738,Gloriah.738@example.com,e83b9be5d203d96e74f2fddaac92975c03a08b04bee6017fe3f8fb2ab6d2a0ae,2026-03-09 15:41:51
739,739,Francesw.739@example.com,4cfc8ab38812dc05f9009b7ca1a365c6d6ca483e9e7b401a8cb39de2e14a1b50,2026-03-13 08:50:28
740,740,Janetr.740@example.com,6c0d2234138a2d3378029d40cdf04c453ded9b2edf0293953b0e4743c0befeaa,2026-03-13 13:51:35
741,741,Adamt.741@example.com,5b65b11bc73d81b6b4fdfdcf90f4cbb93ee8517de345e964a3c00f79a0ab8f30,2026-03-07 01:20:23
742,742,Shawnn.742@example.com,b71dff63bf1b704d2860bb7581a3cde9357c52d85873f8be1eed4cf269886394,2026-03-09 20:42:47
743,743,Roset.743@example.com,bca9db51035e49e8daec86ae59b3bb109a38625d37453c20df942504f695de06,2026-03-13 10:12:09
744,744,Teresae.744@example.com,994e4450ad823324135b186ab6a84a81d55dd5491843529fe23434c17765b037,2026-03-21 09:30:35
745,745,Virginiac.745@example.com,bbbaa7ccdb12fccc4d7565120dfadf25d19dedd583c997bb977bdbab25398632,2026-03-17 05:26:53
746,746,Maryl.746@example.com,bfcb347810be04f4d75cfdb2e184b0cba91cc4c150f3180ae304122c1bc6c1a8,2026-03-11 10:26:41
747,747,,376d0e9633fe2282ec3c24869caf62b655ab322e73763618dec77a8bbc61ae3b,2026-03-12 01:20:23
748,748,Francesn.748@example.com,c4c36cff20b5a123c5b6a57633f66186fb20db912eb658dd94d6b36f529073ae,2026-03-07 07:26:17
749,749,Barbaras.749@example.com,79c3e883c49c63fe3679ee24fe047698d1edac88f01d39066192bc19ef1824bd,2026-03-08 18:56:57
750,750,Theresam.750@example.com,b500d030c547083d8cd4babb7bd321accf8af791252deb35bcc6ce3a76624b32,2026-03-10 19:24:47
751,751,Kimberlyo.751@example.com,c884bb48c7925fbb33c4f70afaa2323bb3856e815bcda47ba99da9e7b8c84e1e,2026-03-08 01:20:23
752,752,Sarahc.752@example.com,d32f300dad787918687995eebc0d89e57f3a7897716a7cd3481c52fc1993a1b1,2026-03-10 13:07:23
753,753,Judyw.753@example.com,e02ebc8221b0b467dbcdb059176155e947942c675c6c644e2b866ea721f6e6df,2026-03-16 06:44:01
754,754,Janel.754@example.com,46918d8697abdd6a0a4b173dbdc55eadf921e944893b530902d3ef1482f45b65,2026-03-12 11:04:23
755,755,Jackm.755@example.com,3fcad34720a125b84327524966bba5c99bcbd70fa8dae7bd0c7bb3ff40990b9e,2026-03-17 20:32:53
756,756,Amandan.756@example.com,77a1e4d90493589100052bbcd493bf4c1a55523837d644e9f8016ba7567fade4,2026-03-07 22:31:52
757,757,Alant.757@example.com,0abbc0586e26c03d31b399cda1bb99158ce23d81c695d552b2763da64fc8d71d,2026-03-07 11:28:26
758,758,Davida.758@example.com,a8c46244835bce5ed870060864762d6aa1a266825aba7c5cbf1d55db94daac35,2026-03-11 06:41:09
759,759,Martinh.759@example.com,353611413f16c8f407f0b4b32d20885fce0051bad287a59a084f7eaffc8decd4,2026-03-13 01:20:23
760,760,Sarahw.690@example.com,89913f529d416e38d4ebe29c72fc6851ad6b0886d1f0329bdaff2025218f16ad,2026-03-07 16:20:49
761,761,,170aab97c4addd8d90875befe968b269d2414fa0e97c49d2bf35c8dda0eecfd4,2026-03-18 06:19:39
762,762,Jasono.762@example.com,81ab210d0c92ee5a41413f84fbe81c2666ae15cf1bbda75fc7646414afcb392f,2026-03-10 11:14:40
763,763,Nicholasd.763@example.com,0dbadaf801e1b8d25450a5e870a01bafbc55bec5a588f30aaf1522e01c14e221,2026-03-10 11:45:14
764,764,Jacquelinet.764@example.com,3e9e03bd63eee5f1bcab64fe3708aa799599f04b190f24152872b23d92007e0e,2026-03-07 13:00:18
765,765,Dennist.765@example.com,0c9813a6ed8bb2d37461d01a0955f702c72606b13f4434c9dda98fadbfc16ce8,2026-03-11 11:47:27
766,766,Michaelm.766@example.com,a39646f3538d42801cfdd6a7bb44da93e85423a528564621916676cb89b8afd8,2026-03-11 21:29:49
767,767,Jesset.767@example.com,a8101168acab4995ba246da84874602671a0f30ac1b513e692af5bddf6f4cb0d,2026-03-14 03:31:49
768,768,Gregoryo.768@example.com,1eabbbe96d84d7015b7f9836f1c396f304f1e41d8edaf01da40be23643b9f906,2026-03-15 01:20:23
769,769,Barbaraf.769@example.com,43c79f8550b2ee1122aaa6f8eff04a13d7d6f063915d3e24f4900858a37b695e,2026-03-08 06:09:48
770,770,,6b755c636897b2ff8a541984d83ffdfd84a491859db9b8f9b2d29fc6c78c83bc,2026-03-11 15:05:52
771,771,Scotte.771@example.com,d775fb73acc20b6c30de48a6174fbc08753ac2e3d44bf135ea6d9fcb4bb4309d,2026-03-17 14:10:24
772,772,Dennisf.772@example.com,67332eca131948a18f371da6b162c54e9573106e5a4feb4b2b2841400318d05f,2026-03-07 12:46:41
773,773,Toddc.773@example.com,4faff274fb0fa59cd750ea5f12e5df6950e6c442cbc817e3dcdacaf9bf29bc4b,2026-03-18 02:06:14
774,774,,f4db788ac59573c72013bb22c307ad788f8132db1392317775baef34fbcc2df3,2026-03-10 10:00:02
775,775,Kathleenc.775@example.com,8f3baf52e7d51d4d94bd4869afa5e716d051526bf68894b9e96173082f543896,2026-03-15 01:20:23
776,776,Gregoryl.776@example.com,f65ebd183b038b0123ad6a9fa32571ecf9ee935d146b9061c7a3e01e8e2b2a06,2026-03-07 10:59:37
777,777,Davidl.777@example.com,1a33542e1e0c9951065b3e6e8a98159cc0be8f90c7eb41c99dd1d85d5f61b413,2026-03-09 11:23:37
778,778,Martins.778@example.com,ce88f59322071531de9319df7cab446ae5f8fde28eb301b9cdbe63c99530ad12,2026-03-07 08:06:39
779,779,Nicholasj.779@example.com,60af9f5b122682302c7d767e238f926b39a8fb40b5f8d71cca3d63ad7c8baf99,2026-03-12 17:37:58
780,780,Jenniferp.780@example.com,9acc4593047a7555c4c928d9ff20289b900c37910a0198cfac8a87830d610dc6,2026-03-14 08:51:21
781,781,Nicolem.781@example.com,c622a59d2f695a1978eb3127b48996266c12b620a068e6c908ce94330578a85d,2026-03-11 17:23:33
782,782,Brendal.782@example.com,a2ac1b016dca713961c10301f73db9b43ad77f13fcd46b40a45596694782cc6d,2026-03-13 12:35:35
783,783,Seand.783@example.com,ae418745538b6d95261eb39f50850eb6b2f321aeda0bf93e0c65d105eb9fcd2c,2026-03-07 08:42:24
784,784,Dennisp.784@example.com,eeeeb51623f1e59a1a172f23643230e92ec52c2d4f3d03ee3eac11416bcc43fd,2026-03-24 01:20:23
785,785,Harryw.785@example.com,75965e5fb76726c08b79d52782b7d3b038812c6ef3fc2e4aef673bdaadd6acf4,2026-03-09 11:34:46
786,786,Geraldf.786@example.com,2c98988614b0d16dd4d68ebb34dd6ac83b140366d5a42b5a48856075379cc692,2026-03-07 06:15:44
787,787,Lillianh.787@example.com,711e993f24f7ffa7d2ec463401465549d58082d5a2e806eb8b67da2c150a3ca7,2026-03-08 01:20:23
788,788,Fredb.788@example.com,f0c0f4c5a93120fcf0e6c1d4f0a2ac48005d35cbda15a66bee366220960606cf,2026-03-23 00:21:19
789,789,Annen.357@example.com,2556fefb5c9286e01607a6b7e9dd90c9e58a1e805314dd07bb7e8ae36f1aeea4,2026-03-19 05:55:31
790,790,,dcf413f9757f78f994deb3a6a7390507f51e4a380076430ea48693720d5b374a,2026-03-08 15:12:33
791,791,Lauran.791@example.com,9ff76b0b5b7953229d208be975719d52fcf2933be131fc1459ea38f2c85c1bf9,2026-03-10 13:18:04
792,792,Gregoryo.792@example.com,362f58cbfc86eaeaf6c500e465413e2191a9605731a20689a87fcf628ba7121e,2026-03-25 14:59:34
793,793,Jessee.793@example.com,89b236b2ba3837e8c4bdcd1141c15488c74c8cf8b8a21d652fe49f4d304eb3b6,2026-03-14 12:09:30
794,794,Geraldp.794@example.com,d0123defe95ba9224400ea816910fa950c9748f992f1f69d74ff97cd0b48b6a5,2026-03-11 12:24:11
795,795,Arthurk.795@example.com,f5ebe858bbf6de38a3c007efb8eca70ee1828ae10aea651500633bdcdb7b767d,2026-03-10 12:56:59
796,796,Mildredg.796@example.com,869a73e7077446f757267543a1d5211ac6ed598f94a2f90ca9b4329cbb554c12,2026-03-14 11:48:24
797,797,Elizabethf.797@example.com,9d58a19edf3b8af5de9ebe5b9fc4eb1c082501a2d4b6139a621b603d025ffc44,2026-03-10 07:19:32
798,798,Amandaa.798@example.com,1973ee745d278e9281918a2f83a35871758c5f269e5e3e832da73024a5e007c7,2026-03-16 20:37:29
799,799,Frankc.799@example.com,4dde27f24ac989c7a22bb1a7f02371538e650bda990094a0ac04b7f89b5ac150,2026-03-25 15:00:49
800,800,Shirleyt.800@example.com,ac8f76b65076e4af2bb1c3374f288adbaed4eabea606bf6b1bb0e8169ed5ba51,2026-03-20 01:20:23
801,801,Arthurr.801@example.com,0636fb5777dafcc3e13c71029cd398b6dc883562f96048bafd2bcad4ffad62c6,2026-03-13 01:20:23
802,802,Shirleyo.802@example.com,66fbb86979a8bc06d21f4f2611c16f532d4c808b17518b1095937d66d2e3536b,2026-03-21 13:16:26
803,803,Marier.803@example.com,cdb7fc8c444ee70b4e3ec949376a9fdda445492f57f23d9ff8c5414fa9d04d7e,2026-03-12 14:18:27
804,804,Mariek.804@example.com,15e20d434113c2694c9bbbbdc2a7bae2006d209addcb7271a1469fcda76fa55c,2026-03-16 14:44:13
805,805,Jenniferw.805@example.com,7a5ac628b40357e19da16484d699fbe0ed577a822c757b99799d9a2b41222f23,2026-03-09 12:07:23
806,806,Janep.806@example.com,1b22e7599f36af30fc7322c4fd1ba2629b4dcd36db43ff27e439ce275375da89,2026-03-16 09:35:05
807,807,Shirleya.807@example.com,6f2face930e5bc98d38c17ca016e3d767ab79d5fe49311fb62e3c86931f0ccd2,2026-03-10 08:27:34
808,808,Louisej.808@example.com,bc6789e8a3a6f082240a06b67bde6cbb780911b8b354ab18605dbc74a93f4b81,2026-03-11 11:31:52
809,809,Joshuar.809@example.com,44cb4e96507d1bb1a3f5d2e37be2dbe5afd61cd3bfeec1da618f96ea0c62077a,2026-03-08 20:08:55
810,810,Teresar.810@example.com,03add68524cafae1a2f464f801a360873efe1329dc00ab0dc1ea153c198f528a,2026-03-16 12:17:27
811,811,Jeanf.811@example.com,d456bcdbb7a861a60b98ef4c60101bacb109758ed51b071f355c1de4e3355df2,2026-03-13 10:03:34
812,812,Henryb.812@example.com,61eb2bb9fdbe667ad25bb7843e8243a7e3dcf233b5c71842dbd728ec4bf8ee92,2026-04-21 11:38:51
813,813,Thomasm.813@example.com,497ec414dbf9a8fd8b8156e563900b23175ae7ee916d6f433d59537ba3863a2e,2026-03-07 13:12:10
814,814,Annef.814@example.com,50768d13d62b2791834c3c59323ccfaf2c6678f6779211242342e1487d550a00,2026-03-10 12:14:26
815,815,Janeg.815@example.com,212436d785c77f5f19d3ea88333881e45fb83311a004715cc0e6715d893f110f,2026-03-14 12:03:56
816,816,Martinc.816@example.com,153f4eae23c7714397e5004882f1b3e81da7130157397693ff39fe2c29abb957,2026-03-13 01:20:23
817,817,Barbarad.817@example.com,7ec8abc097eae9a1545dacc2bb29bb17f2874dcb1b37e024b98a05464dca0876,2026-03-15 15:48:48
818,818,Phillipk.818@example.com,8ca600d0d28de5e690930db30d350cbd2e4e8f1237c96b6e87afd0b19a34cd56,2026-03-13 22:46:11
819,819,Virginiao.819@example.com,6838695a27e01749fb578b5d6fd9b92322f842e635e8f41877e99324582957e8,2026-03-23 20:10:25
820,820,Adamm.820@example.com,9f6d30c4b8dba2e310662bce348c21cf7afceb14615680a3ebdda475497df5df,2026-03-10 01:20:23
821,821,Laurao.821@example.com,216a5ff486ea20b9a205c2b1c1105a43b2e4572611c9a4444d5a1af5fc6c8c0b,2026-03-07 12:39:56
822,822,Amandam.822@example.com,ac8c13a391115ede036afac55548f00bd81f303d02a3704f99a22a61007bb553,2026-03-16 10:26:19
823,823,Laurac.823@example.com,a92db5aee947f128af93bbe2538996b5fb1e221759812af8a160305ef59c6034,2026-03-14 13:46:54
824,824,Annad.824@example.com,f2bf53c4c112ddb74bcd11205a8b963840a360e9c3b7f482c01659256a8f0dc1,2026-03-10 14:40:46
825,825,Freda.825@example.com,1f8888c78470256f073dc638b00bf62bfa799fe80fd0741ef6e83372f28fca7a,2026-03-16 09:01:16
826,826,Edwardb.826@example.com,85e0168250400ee12a805c5f91ad4036908853f3e51b390aa9ab0a9622da3808,2026-03-13 14:53:12
827,827,Dianao.827@example.com,8db2703e8230fa11e079db0249a6c19e769c2f7c5f8d2bac0360d86a4e943080,2026-03-09 12:15:40
828,828,Kathrynk.828@example.com,b23fa6bd91749cd1c6d7002495576e42fb93073343205eb6ee6428e094e9e3f3,2026-03-11 07:52:17
829,829,Virginiab.829@example.com,1eafccad57ad31ebb601fd92aaf5fe50da5c9b9d16aa74b5781a66d10ceabea0,2026-03-08 12:51:42
830,830,Harryf.830@example.com,6a7206576ee452bbd9119d7cd4d88245be91f2cc8a1fe0674497840a49fecd7e,2026-03-08 01:20:23
831,831,Judyn.831@example.com,e1ea89436eb0166a373378ec68bddd2c9b5f212801b5a38925ecb48d5d672642,2026-03-10 18:00:25
832,832,Adamc.832@example.com,9aed92c133427b83c07c92fc92fd635329251eaf65c85a1271de68cdcb6cb5f5,2026-03-07 09:46:53
833,833,Kellyo.833@example.com,a4acf1400dadbaaba6a0dd0f9dfdc1adbb8d36661a69d74e21c5e64dfdac4b23,2026-03-15 18:29:27
834,834,Paulp.834@example.com,37e3b62354a6dcd5320ad81af552d97e9b55881da4f579f9057361527da3fd70,2026-03-20 01:45:11
835,835,Gloriab.835@example.com,8746a5be34e61fb5b88283e7c0727aea8e68e79f7786c17a9d8b7f9689764964,2026-03-10 16:35:36
836,836,Louisen.836@example.com,b4a9f5d54806c12f0f5b0d69f2de0ccfeb9be7c7ac80671c835ca775e4380267,2026-03-12 23:19:05
837,837,Fredj.837@example.com,86b7ac1c85be4faef4ea8af2803ab66af545460440ad4547ddfbbc788efff573,2026-03-12 12:48:02
838,838,Kellyd.838@example.com,4c4834b0172d39c3ef69a1670da4efe86791b86ef32275613e2469d62b5629aa,2026-03-13 16:12:49
839,839,Franke.839@example.com,d08da7bcee4b5625911a514f2de4ac8370b22dc83f1f5898b65148b0e798d8da,2026-03-28 08:24:08
840,840,Mariem.840@example.com,4f6ac2db4d6842a304f04df22ee8201f83c41cfe8b1b38ef8e4580b834526ee4,2026-03-10 01:20:23
841,841,Margaretl.841@example.com,244b5fda7d25770c3c0ca06e4ce08af57705874f368daf867b1c22c4adb66f34,2026-03-14 01:20:23
842,842,Dianas.842@example.com,d769abd4bde64e03a6de424b83c70529a8aa501fe9950af3f821799f13e03cc9,2026-03-10 01:20:23
843,843,Jennifern.843@example.com,6bcc0273a1e19589b087f6a070d3c6f53d5ee016da048ee8b841438f03612583,2026-03-07 11:29:10
844,844,Mariak.844@example.com,b15b57061d7f510a3b940a816008f4b10a116d0bf512ffee3453197fff8ae841,2026-03-07 01:20:23
845,845,Michaeld.845@example.com,1bfc4ae62c1666a25a0d6a90c08af1dc2ac4dd8489a619323efb3b5605769adf,2026-03-14 13:35:26
846,846,Theresas.846@example.com,42f126571b86b196db42e930a2b435eb36f9cebb1fe0b00e9d9c967710e0fa28,2026-03-31 06:44:02
847,847,Margaretw.847@example.com,21a02f69391e8fb299324e48d44a3606b9d1750c6097a55d29fc9e63e5480e0d,2026-03-10 17:22:50
848,848,Joshuar.809@example.com,a99a05adfd4d7bcdcbab9d99875a629c98cfe6d516eedb1090f20a9eb0db0d17,2026-03-22 14:42:17
849,849,Adamo.849@example.com,a5b91e826d1d42e13f0856cb3222198e22f23a13fd464e0117f3d7e643141e89,2026-03-07 01:20:23
850,850,Henryl.850@example.com,3a2c8b525a44fffa2a70182c9baf4e0726dcff1c23f62281b1dba930ee634ce9,2026-03-09 14:49:40
851,851,Williec.851@example.com,030067018e6836bfe8ba11b63a83193af0f9f674497411b912ec16914169244b,2026-03-07 01:20:23
852,852,Roset.852@example.com,c8a46a530c45e4cc0658e2157b4baf89af5b365418e7dc56b15f815e7674a619,2026-03-07 12:16:38
853,853,Jeanm.853@example.com,2158330c111c219fdeb58d21fe4021a7690d48741ac985710e1e7bece9b8edf1,2026-03-20 17:48:20
854,854,Amandah.854@example.com,6cb5c4b3151694de9e8d58fcf0d5d688e926fa366457adbddb01f40fb4e29907,2026-03-20 14:48:19
855,855,Jacquelinep.855@example.com,5e4c0edb6555dcd40de13743f74ee68b3e89e1b36edcd91bbaafd12b63283ddd,2026-03-20 07:36:59
856,856,Henryp.856@example.com,e52a8bc25b09bb5510915aba4739b1a0a224be420ef9028473600014715ca90e,2026-03-07 09:16:07
857,857,Normab.857@example.com,03e73e9fd1b3e82fb3fa7555ca6c806cb7e85665bff207bcb2df4baf86900739,2026-03-28 10:48:14
858,858,,f58682687571d59ae5524ab8ae4ab5409291f88368fd688a4019a180f5021b56,2026-03-14 13:50:18
859,859,Normaw.859@example.com,af3b768571c10ff5b387d5d2444941e9c61f31251e944265eccbb436cad39eb0,2026-03-14 10:53:19
860,860,Thomasn.860@example.com,3ef3dff5840b7f2b4d08ba7e37d9f09bac8e87d4e775aab7984f54030eebdaad,2026-03-15 15:55:31
861,861,Lisad.861@example.com,72f394942a16d0cfec38924047c173f799c5bdc9a864478f07f4cb098bfae646,2026-03-10 15:04:05
862,862,Christinae.862@example.com,85eb9ca999dc8894b17ee973456a9e8a4c0afb90463414fcd6fc59f81fb47d70,2026-03-11 13:09:39
863,863,Jennifern.863@example.com,e7b87198d6cfbf610379fe247ccf43a6848fda14252de5e2e4b4de78496562c4,2026-03-08 10:41:48
864,864,Stevek.864@example.com,093a2cb2d0482a79956c50dfa074f35228980cc28058520e6b0bb81bd7e6f7ca,2026-03-18 13:29:27
865,865,Louisef.865@example.com,c02ec46b5768722cd89f3d4c544fa5d305cbb826a2e8ab513f5eb2bfda7b02c6,2026-03-21 08:41:33
866,866,Dianaf.866@example.com,58e35a31fd348a2a16537597f9a1eac4ec558e167199e08753a3c57532ff7925,2026-03-09 01:20:23
867,867,Kathleene.867@example.com,89967c0d4f3e42ac22a7218c3b62dcd72da567ae13c8c6056d6657df107d33a7,2026-03-08 01:20:23
868,868,Henryo.868@example.com,12a6af2866735c94084c5d38fb9c8f4234dbf81e77eae760567b76356af7769d,2026-03-10 12:17:25
869,869,Amyl.869@example.com,134d915c8e2c264bf4562b4e4abefdb97b48e0ad2272e1196f2d4538bea4f20b,2026-03-13 14:48:08
870,870,Dianag.870@example.com,f3bcf5641f1a82a6854c85518f0596b33167a95407424e381a6bc3acbb4c7b89,2026-03-12 09:41:41
871,871,Henryl.871@example.com,87e735b92fd0a5a898caabf7843fc51fa98280a4683ddf41c6e3a59269cbf5f0,2026-03-08 05:50:46
872,872,Shawns.872@example.com,8ac1019848db79b0db5ac3a64e6c2230a2acec808b9e877f48a484f8c38e69d8,2026-03-07 13:35:58
873,873,Margarete.873@example.com,09afc34208a0cda96808413f4328a64144dbd01c298279af623e6948a7e5ce45,2026-03-12 00:51:34
874,874,Timothye.874@example.com,d8cf2ddaa667031c378cf18723f224f966bbf4560cf7e8a25212dcd30276e79c,2026-03-17 05:31:48
875,875,Sarahm.875@example.com,1cb747eb69f38bdeae95dbc5f0cbd2a9a5fa9a65bdac10740be4766db3b1021c,2026-03-09 12:51:32
876,876,Lisar.876@example.com,4b5aa07160f7367be9d10367759102cf6c0a256b8c439b3e0b486718414a401e,2026-03-07 10:07:29
877,877,Mildredn.877@example.com,32100d972316737a2cd17851ca4d3c01a59c9eb38f6df4d605ddccbf9b7f998b,2026-03-12 07:43:03
878,878,Seanh.878@example.com,0d5f25f15016a3e6b67f1cd61241f2d0a3f6fa3eb6a7065c0625a72f71f4f404,2026-03-08 03:34:21
879,879,Gloriat.879@example.com,b6212b45bb03c497ecea910971d7a13e0208929dc7ca280baaf5ba2568040289,2026-03-08 11:09:00
880,880,Benjaminc.880@example.com,72fe5dcd6332ae846b1d07c96c9e353e60bd32c17a1da47eceda89e2274410f1,2026-03-11 09:52:31
881,881,Willien.881@example.com,8b5448fb5e253f4e1ad55ea01c2e56d4e17612db0e6935c1056c086f39262cc3,2026-03-14 11:57:29
882,882,Gloriaf.882@example.com,2c4f288149fa792c3a1ce4aecbebf75b3c424c0640d4d462666fa4a2710d042f,2026-03-08 18:34:15
883,883,Lisab.883@example.com,c5e104542f4460732fcdf806695216c82ead87cafc93fa736efd83db7a83cb16,2026-03-25 18:58:42
884,884,Lisab.884@example.com,85187361e36e6e4d7b12f86755cd9045184cfbe0cd0f1ee30eacf49997e2f272,2026-03-10 07:31:24
885,885,Francesp.885@example.com,7f990c2b5fa3b43f8c0cefdd4e14f354a82e60240d2f93dff3a55ad5bbeb1b55,2026-03-08 11:01:30
886,886,Jennifern.886@example.com,0d3d33dadaf82f50e43e4abcea8ce38d75aad1b8e290dfb64474bcf99431c3c2,2026-03-07 11:06:56
887,887,Jackk.887@example.com,7377a1ff1d9908d4ac4140acb6a9578560eaa0562acf252c39703aaf270902db,2026-03-08 13:51:43
888,888,Andreak.888@example.com,b7aad918bdafff6472c77daf4f5e7323f79daa63fe53c30500ca2ee9325f7271,2026-03-09 13:27:18
889,889,,fe19640f571f764911d6c9aead7a4a78ff402bec7aeddb3d039d4b2c60278622,2026-03-07 11:25:23
890,890,Jenniferg.890@example.com,d21f3f16a12e16a569035f99351ccee1b3d5d2c5d46101aa8bcf79d7f2945b12,2026-03-07 17:53:41
891,891,Edwardg.891@example.com,d883383e1ce27f955d773155fade0153753b0c3756383d3b2d970fb9d8e45f7d,2026-03-26 08:56:51
892,892,Timothym.892@example.com,5e00b77e6a27cf2397b4b5a87ced96fb52e9d118f9adaef03cfe3bcde2d1ef5a,2026-03-20 00:00:51
893,893,Phillipg.893@example.com,5e19beed97e4ebc603bfa627716cad8a1239c4e5a3d327401db7c7961f11f5a1,2026-03-07 16:53:48
894,894,Sarahl.894@example.com,000f09a8633dc3e9b6a48670c116c8953fd148dc46d1030cc8f564c70fbc8917,2026-03-07 12:52:24
895,895,Heleng.895@example.com,f205430401905e3408885fe2c62762eca5e594fbe5e3f4d5580300b55cb3c599,2026-03-13 12:20:50
896,896,Amandar.896@example.com,d8c0c5bcfca78eea82d858b135e06a0aa7ef2dbba21e3ba1b438ad2697eea6f0,2026-03-13 01:20:23
897,897,Kellyr.897@example.com,6974f661b5afc38a2703799820cf6c6c15f93f5e5fb552c65f119d58aad92890,2026-03-07 14:33:57
898,898,Dianaa.898@example.com,8c42f45a74df001656bab254d10c9c72fe17f57df11fd71192771883db15c647,2026-03-13 06:42:52
899,899,Christinak.899@example.com,df290a8222bf70a8cb0d70a87830dc2548a8986ed798bcc8f6575b0de127c874,2026-03-07 07:55:31
900,900,Adamn.900@example.com,f8d5aa06f2f72c0a284f586fb4ef2c8dfd73d8c2dbb435fa4509e42ff81620e2,2026-03-12 08:28:19
901,901,Martinc.901@example.com,50f6ecfde07ce25b079d6e61c52e8b3b0d26d2d1ddcb35b09c1ee24c45ba6585,2026-03-21 15:41:43
902,902,Kimberlyh.902@example.com,7bd34f29e0e96c86686cad6df8c39ed75a85f136347b13226818abb7d6453834,2026-03-16 11:56:13
903,903,Maryr.903@example.com,43ba02522de69c7f544886f36f054176aa39a566be973c5347d9e757b650a552,2026-03-10 01:20:23
904,904,Howarda.904@example.com,566329122acb61800a44339534333754ff66bbe827f43d264e52a9ca39bdd21e,2026-03-17 10:16:22
905,905,Andreag.905@example.com,f57ee4acfc02fc288f2d6b034a8c995bc625ceff5ba39340ee5ffa5a333b5cd2,2026-03-12 09:20:13
906,906,Amandad.906@example.com,56b87f175a920d1d980409b4b9874b543c94c696d0c54936a55a3ecf0fd17453,2026-03-07 01:20:23
907,907,Billym.907@example.com,9d716d1ef26c85d5771252f56f3300787e04ad1a5218f14145dc56609f6bc855,2026-03-16 11:24:46
908,908,Virginiad.908@example.com,2dd99205a5efd95db4d3c130872c491bb9151a86c060ce7c6193fa116e88d06c,2026-03-07 07:58:48
909,909,Aaronw.909@example.com,fa6f7de40b5b4c4700401529931abfe740f680e5aecf481b7975c180ac7e0e2e,2026-03-08 01:20:23
910,910,Joshuao.910@example.com,71606e9c0374cd2af1be527706645eade9b99e02f7293c238c6a72d158bdb2e1,2026-03-10 03:25:57
911,911,Kathrynl.911@example.com,da034e49595b74b12acfb87fd1d4b64b474875a19ba4cecc980297f246555b10,2026-03-15 12:40:55
912,912,Gloriar.912@example.com,1f0ff8fb2adc9533b9d7acc7378faf174b73a3cad1c8b23a273e06a3726332a7,2026-03-07 01:20:23
913,913,Amyg.913@example.com,1d9abe1ed7f12e937bc110020e6531ce9ec9717e49b2e3085ab16cd3477e5c1c,2026-03-11 22:30:39
914,914,Saram.914@example.com,789f369bcdc41ed44991d40c22bdab5f90ecf57eeb83f8f95c06212c11622068,2026-03-18 13:43:09
915,915,Christinao.915@example.com,a1de80c022462ccdb90436e71e7a0950dc7938dcccb550cfa8bd7db1144017d6,2026-03-08 07:34:55
916,916,Normaj.916@example.com,b456fe0e2e1ce38b950dee78ca2a628aa32e860515e7b172592b957422929457,2026-03-12 17:12:18
917,917,Michaelp.917@example.com,439bace59d95c6d3e6381e514c3ce9f8006ddaff0f9be389ea80d89bf0ba9057,2026-03-10 08:34:12
918,918,Alant.918@example.com,57a7fe3fa4874135c9657427f44d7095f13977e5cffe1ad97edf1d5d41215ee1,2026-03-09 07:47:49
919,919,Virginian.919@example.com,fca4b559c11a9d6890ca2431de5798686bcd3678341c4088e0e6c787698e3eac,2026-03-08 11:52:44
920,920,Davidw.920@example.com,80e5f878d8c43a97ef3824fe422317cef2fe1ad5e47ea8cd65db808480eea0ed,2026-03-19 10:25:45
921,921,Harryf.921@example.com,559615a7205fc306d72b029e969e42e7e76463953b135df1130ddaf57bd85fc1,2026-03-07 14:59:51
922,922,Gloriaj.922@example.com,267cedbd7ca43b54c60a619f4265dbeee47939765ebe2084ff41044e2649a933,2026-03-08 23:20:52
923,923,Saraw.923@example.com,de15ce48b8d7b3313d9a373d3bcb95f9da348177762e9b2da560f3b5168dea34,2026-03-10 18:50:54
924,924,Nicholass.924@example.com,d3dfe4ab26ffe14319aebd77b3d2fe656ac80e58e92243c6c0e7c0d385753d88,2026-03-12 12:28:29
925,925,Seanj.925@example.com,799bfd0a8458d871426ebbc4a89dcaa184f64729117310e669a24759c6408002,2026-03-10 13:26:47
926,926,Adamo.926@example.com,96d9c88adc22dff347b982c7928b5335b07de2eb7b1c070fea4af10dc008a073,2026-03-14 11:23:29
927,927,Phillipp.927@example.com,b1ac9994f87d7af3c7d013549e12c8617aca9202c8df4973538a29a04ef17bce,2026-03-10 16:38:54
928,928,Brendam.928@example.com,b5449f99c1ae4aa9275ed2277245132badb1f5d5d1a0d2213ff097683f6d44be,2026-03-13 12:29:53
929,929,Annee.929@example.com,0d87e392ddb2d6a2cba765491005f6fd13cd9fd4619a67d528e6cab6ac8bc072,2026-03-18 07:42:41
930,930,Amandag.930@example.com,12123a50493198a395ce121cc3ebf0b9865603bf1017ea7aead1e8d86ff5b9c6,2026-03-07 12:30:56
931,931,Gloriaa.931@example.com,86adaa5fb78d8c3d40c1a274ffd03b03c49c0a8c6c44ffd3e9cf01af899db867,2026-03-14 09:20:46
932,932,Anneg.932@example.com,ab6a386befee61c88b8cc77e710fc4d41966fcbdaaa53f765956fae0ded9bd2b,2026-03-09 16:34:10
933,933,Virginiab.933@example.com,13e00bd8f6662e20644bb41a3e313b5ed118bd93aa224437a3000962680f58fe,2026-03-15 16:01:18
934,934,Teresat.934@example.com,f6d5097201d2c2ff4d2925e1182cc7a35c3fd88180ff4931293938b93c5b9579,2026-03-13 13:29:53
935,935,Nicoleo.935@example.com,bbcc6e5c6c0046269462aae76786f86e64ace9babb7c6f67e16542fb1663d982,2026-03-27 07:50:24
936,936,Kimberlyg.936@example.com,6e8f3561bc29b89d99266551e6b894b8957c23d88c632c7a832d467b75030bc5,2026-03-16 11:32:49
937,937,Aaronp.937@example.com,8f9044d61f0ea2a01e9e5e015f1d147b0fbb4f31fcf58f4488c90708341e9a81,2026-03-16 12:49:02
938,938,Williee.938@example.com,fc21c0a7c96a1e258cbd5edbaa948d4e9889482867bcf43aa96d608f84f87752,2026-03-07 11:24:59
939,939,Laurar.606@example.com,bd627723e5ed9591a5ceacab7aff9a38292f653edcc8564fde37f46fdb8f0828,2026-03-25 11:14:50
940,940,Victorh.940@example.com,6bac07a2d155f63ffff13e139cfcd04d7cbf894f59e31f4d089dc202ecbd02fe,2026-03-07 18:46:14
941,941,Lauraa.941@example.com,e617bd59f99449fdfce8ee58a3c3c8f509043dcea83ee1d5c3b6b1a559d6f10d,2026-03-20 01:20:23
942,942,Dianap.942@example.com,d0599a9312b89ab0277182f1508af1b48615a5ac3754fa5af77a25ebd2d9f28e,2026-03-20 06:16:11
943,943,Katherinej.943@example.com,364a80cefcd84caa12e6d0bf2f90b4b66f1bf3cbc31b98ce5ece92e9e0806fc0,2026-03-07 10:59:34
944,944,Mariea.944@example.com,f9dd955e17322baf7f01f7c76cb0e66761fa8cf8e285d02c2f34b786cc956b1e,2026-03-07 09:50:44
945,945,Davidm.945@example.com,0c57f4b3fd487b4397fe8be431a1803c5ce1e08903d455d3dd7c4ae1ea3732b4,2026-03-20 15:26:00
946,946,Amyp.946@example.com,0b8d506769a75f2f2b3b27756f1f87cfb81495180587ecc896b391977c1bed02,2026-03-27 01:20:23
947,947,Toddj.947@example.com,be81b16e71c39f51c4c052683812392c2d2be89b7fcd9d624539693e6fc96b42,2026-03-15 13:50:05
948,948,Francesk.948@example.com,c933e4c9e9e46eac109622e899f0f13d861543ecf6edba805a0db259b30b890a,2026-03-07 01:20:23
949,949,Joshuac.949@example.com,98657f2a8798759f231de359c072f0f84c33bfe5bdbde520fbfc5effb344e34e,2026-03-10 12:48:49
950,950,Franke.950@example.com,ee26129ed6a348aeceb66c691840f313878b9cc52720d3190658592123b36448,2026-03-08 13:24:21
951,951,,1cb39f5f9396cffb9219ef0227bacea84c530ed799f3411ee0ea83ac978a07b6,2026-03-13 14:24:51
952,952,Howardo.952@example.com,1d275541131e39fae3d87b3899e5c31b764d5b8982a3642ed769dfcfa1ec3b12,2026-03-08 16:52:22
953,953,Virginiad.953@example.com,b6bba4682b4826f3c913000d537a4758faa1d3c15b6f3793c0e1a9c1d0f3803b,2026-03-16 13:59:17
954,954,Margareth.954@example.com,a8b4ce4c2d58f9eef55e7fbfcb1838247fae7ab2e64030239a742774dbf9cfe9,2026-03-14 08:12:16
955,955,Dianaa.955@example.com,7ea2f9c2737801deb854a63c797ed98249ff1f3663858f1aeffc4986abe5c02b,2026-03-30 23:50:36
956,956,Freds.956@example.com,0d176d85d93a384ec38af44818e34a3707097e5bc1b74821205d6d4026bacf1b,2026-03-18 06:11:46
957,957,Seanr.957@example.com,3da3353a8defaaef709fcfce2b7080056ac3ff204977d40d9bd5c3c752bc3c8d,2026-03-20 10:39:09
958,958,,b22613884c072c50f6e8ac392ccc3f081cf2310e963046ebd671b2ef5ac4ad2e,2026-03-11 11:39:59
959,959,Seanj.959@example.com,07c09ce8c662d824bb52e344ba8b0340e6ddf1fb5f7be2f29a690fa5d6b2cd93,2026-03-10 01:20:23
960,960,Johnnyd.960@example.com,ff13efaeefeb0c8f908c00896c4132750afeb5836650969804e5cd06cc6939f4,2026-03-13 03:37:53
961,961,Annek.961@example.com,4712321fc7f51dbf026a5f140515886f546071080360b7ae1b39ddbf6e001cf3,2026-03-07 06:30:50
962,962,Gregoryf.962@example.com,0ff449bce464f6c9ec87281f25817951a1386f7109e2b28859b9e39494e9722c,2026-03-18 01:20:23
963,963,Barbarar.963@example.com,681e47d91bb021be7f2cefebb0c3339f7f50a5baba9d37148ab4c73ffaf57a47,2026-03-13 01:20:23
964,964,,4cc2a940a0dc0438fec9417b7bd2b98fb6db7440f8df24d6626875078a401b74,2026-03-13 16:40:08
965,965,Harryt.965@example.com,c90f8938ceb0e552a72ba31b6df2bca0d48ef220a13261dc50a2e1255a79e2c5,2026-03-08 01:20:23
966,966,Nicolen.966@example.com,10c832b65d9d3b3d73789e49393f728378292cb3542f75408da39a1847b82e93,2026-03-12 14:59:05
967,967,Normam.967@example.com,13680d012724638693164c99c9cad77160545bc9c561fc48f7cf3f8f754b24fc,2026-03-10 11:10:43
968,968,Michaelh.968@example.com,8c022632f4181501d01bb0e5a43ba4431b4449e09f5158bbc64e3f6ec72cd4f3,2026-03-10 14:27:30
969,969,Henryb.969@example.com,ec99c0f07fa29469c3a0e67b548ecbaaf1179696e7506ffdd509f94037494dbd,2026-03-13 13:28:38
970,970,Davidn.970@example.com,25bce5f735a71c61f7d63f0a93890477854afc411eabb045f4b3f05e4e9d56a3,2026-03-16 10:49:06
971,971,Louisek.971@example.com,7fa3f39dba8cc99906e4513299f89fd7907495e40ce503c4edf0f6e98d47e32b,2026-03-07 11:15:26
972,972,Jasong.972@example.com,ca7fccff50014de8198259471bed650de2390cd01b862284c37a5f1a8b13898d,2026-03-16 03:09:53
973,973,Michaelf.973@example.com,06c1b3d5bab428dc6093ebc8c5cfb34096b8d4b28f4f170ef25c18d57b84f2e4,2026-03-09 01:20:23
974,974,Haroldh.974@example.com,c09fcaaa749eb5e885374641ee60e988e18cbba39ddf592bcfcfd2650c9deb51,2026-03-07 16:22:17
975,975,Maryf.975@example.com,9332695e8ef680ad16fd95a35a979ec0d1c8391a76d9f18e63204ce9bd4ad2c1,2026-03-20 08:56:05
976,976,Billyg.976@example.com,6430cfa31855517cc56cc81be0ca088b2b60711fbc8c6032b6d7caea473b6393,2026-03-10 06:34:49
977,977,Shirleye.977@example.com,ef642e1a9a289e1a0aee8aa0eab7a658e934c43efed93b348268343d330cfeb5,2026-03-18 12:51:53
978,978,Johnnyc.978@example.com,467b85ad440ba18da8750c5db5517f19da068c7a5162187b5d28e04b3220d993,2026-03-11 14:01:27
979,979,Phillipj.979@example.com,14dc141f23d4e47075f89f9c61e34c09fe086c6f670564be3931016e37d4ca7b,2026-03-11 12:39:19
980,980,Jackn.980@example.com,4f2a10538e144fee3853e499880e8b461532835ce74a62944fd2595f1b5ac539,2026-03-09 14:17:32
981,981,Jeanw.981@example.com,ac269ad620e9f5eef7746d248aba257dab1c8e4e561be2a8be30af9588ea87a0,2026-03-12 01:20:23
982,982,Harryp.982@example.com,ce946ab2caa45fe696c6657cbc1e7fb2f1ecfeeb571c00047588639c4f75c212,2026-03-09 18:19:50
983,983,Brendaa.983@example.com,ac0bb2c9611336a53f7490e21cd900174a5fc89d283b08b1e25f854b4c3db7ae,2026-03-07 16:16:27
984,984,Kimberlyd.984@example.com,d69adbd70bb6cd77edeed4a37952979aeb46141f95ae79b5da578113eeafaf45,2026-03-24 01:20:23
985,985,Dianag.985@example.com,7feaa5fcd9a54e4d7e6a7b9e2f4757de77cea07fb7eb8174d237e018440ba2fe,2026-03-13 08:59:50
986,986,Kellyt.986@example.com,827440b02b701b5fedb01b3d255f0bdeed0911872c245e4168c1cd04b4395b50,2026-03-25 01:20:23
987,987,Steves.987@example.com,c2720f828474f63e3bd3c70aa735c9ef66fcff5e16029978f4a0f1c6e99a0cd6,2026-03-07 07:31:33
988,988,Nicolep.988@example.com,4abc21e8c061369ee6dc52af6f3d159134a1724fba49ae3ddb3b76d39824f28f,2026-03-13 20:29:49
989,989,Dennisd.989@example.com,7300fcb4ff2dfe8948eec4abe4fd7b9bf67368549200b0838f6df7584a699f90,2026-03-18 11:35:45
990,990,Billyr.990@example.com,dbf50a64d73180a376dba51e6926e5b0d4804f4fca2394b818c7dd9b713fd240,2026-03-10 02:06:09
991,991,Mildredl.991@example.com,57e23ed700524e56b67e90254e99e98b9a8ad770063284fdbb509e1fdfcf4ce5,2026-03-12 14:36:00
992,992,Normae.992@example.com,fd17e4b14b78a5fdd3c5bb88c65e711ac5e1f27dfe1090b3966ad874111de02b,2026-03-11 01:20:23
993,993,Edwardo.993@example.com,6be337720dc75339c77b17fd189efd1b671c695b7abad9cb5396cabf7c5f28b4,2026-03-16 08:38:59
994,994,Pauld.994@example.com,52cbcf90bccbb3df3111a0249f95cff5ab2d4531cc4f3a9a8d9d96f96922b185,2026-03-07 14:44:44
995,995,Amandam.995@example.com,a92b284a50a26cdaa700bfc5687c7eb9007caf5b86a5b0e88f8f754d2f49b387,2026-03-08 08:28:41
996,996,Howarda.996@example.com,0d6c4e3ad28a1af6b2c443c191e9e5ce362b59c67e72f93a91106d0cdc5e051a,2026-03-08 13:05:21
997,997,Timothyc.997@example.com,db31161d4a17ac6ca0917cd5542ae3549132ca4a34f1276e050b94f11cf2982d,2026-03-08 09:46:36
998,998,Benjamint.998@example.com,dac7ae6a1f9994e5494d51f707a65b4eca265daa0d68a9474b5078d8ef398953,2026-03-07 04:49:42
999,999,Adamk.999@example.com,5ea09c175b91c2def5e0744bf5a7de2989b3838db994e70ded5fc5f445ff96ba,2026-03-10 12:27:01
1000,1000,Jackw.1000@example.com,a96689baf7a216fd94c67eccedb22ef5a5a0db29dffe784fc521cfae110b087f,2026-03-12 14:53:38
1001,1001,Paulj.1001@example.com,e578bca98f0b7b75a7d685500d6207b2b247f7e0c1089d85bc2280ebf1d8e527,2026-03-15 20:54:20
1002,1002,Harryg.1002@example.com,e526d90c560fb76f284f1d85e5e3aaa0596e9c714ae7c859c309f46148e3d11c,2026-03-12 01:20:23
1003,1003,Judyp.1003@example.com,1a55fd2cb716687b897c8300622cd6b4eb8eb80e24a5cc4b0cdbc464e6752ace,2026-03-14 19:47:13
1004,1004,Katherinek.1004@example.com,eee8b07ab10537696ac7006a606417fc2645ae58851051f2e1e1165c7f990108,2026-03-08 16:46:12
1005,1005,Frankf.1005@example.com,bb9db96bfebc88c3b94a2d9d01fa82fedf7c2a0ae03b5c2620ece399234720b0,2026-03-12 14:40:43
1006,1006,Mariak.1006@example.com,a105978a260a6c30adcf24cc6e926c0483f24aa07aaf9db8a1a600a8d84fa84c,2026-03-10 09:53:17
1007,1007,Adamb.1007@example.com,73da2cc34ded55c4d8c6aa7e79d2f5e7dca2002d3b8b11705d9cb603b0524b34,2026-03-22 15:31:38
1008,1008,Howardh.1008@example.com,4604f72db0ca411f9c73fbf93aeb8d50ed1ee3d6b354b9f2c92926fbb5d95f98,2026-03-20 16:39:14
1009,1009,Judyf.1009@example.com,26ff06c829e08e6693097f63e9e9e3f0c7d564471f8d99c8e2c1ba4460552e28,2026-03-15 17:25:21
1010,1010,Martind.1010@example.com,d5060d71678813e6c7998ebabb69aa1f1f265f789efb47714b9b7af6b17bf477,2026-03-08 08:01:49
1011,1011,Normaa.1011@example.com,1b9ee956fd6deaf80fe6c886279177ebdb5e37ecd02f5b2743d8684f3eab963a,2026-03-15 19:25:36
1012,1012,Aarona.1012@example.com,df59101bb0b66921e50d755573b9e87672d9dd2cd6aadd19008cd8eaa9ab5c36,2026-03-23 13:32:54
1013,1013,Normat.1013@example.com,1249afa098979c82d9fecfe32adbe26c2a7aceef4b89804d959a7b8fd6de95b8,2026-03-08 08:20:43
1014,1014,Margareta.1014@example.com,ad73ff8fa7ea8abdc3726dfff39325de032a3ffde05481039a1840e490c4c201,2026-03-07 09:06:36
1015,1015,Janec.1015@example.com,63e17d5999d307c05b085043dfae75b15a503f22f0237874a30a3953a0d18913,2026-03-07 07:31:23
1016,1016,Johnnyt.1016@example.com,0ba04d5c0f83fbdc0434b8f2e5f8b880e15f3f3ff598d3bf097b393a29334686,2026-03-09 08:53:53
1017,1017,Thomasd.1017@example.com,5643e1ef5e58da48baf135dc35e52084e5b49984858b015bb297f9a3c54d6f63,2026-03-13 12:45:38
1018,1018,Mariak.1018@example.com,800d6299260a4cef617d29a23f5494f8875064f8f3da9399d116113c113c043f,2026-03-09 00:45:32
1019,1019,Jeans.1019@example.com,1b33d91c3055f391b9d8f556839308a20e9688319209760eaa00b31cdd3b58e2,2026-03-26 01:20:23
1020,1020,Gregoryb.1020@example.com,27bbbbf7f867dd7406887b4c72c5fce929d1af69181d5bbef9e3051b2855e91a,2026-03-09 18:23:17
1021,1021,Katherinej.1021@example.com,cf775ee3ad5324e0859b347c7ba152dcced0089ef5a2c338513025b2170b63e9,2026-03-08 14:07:30
1022,1022,Lillianw.1022@example.com,0f592b6ba03c6f4801319d2ecb4f7f2c578c4a1d755ecd1c5af8cf093de850c6,2026-03-08 12:47:11
1023,1023,Elizabethw.1023@example.com,b541e6ba2b18a449e1f6c27d4436376e03e2bec481c96a2c450e43ab796a72f8,2026-03-09 15:41:26
1024,1024,Geraldb.1024@example.com,4e23aecfd987d54ca5104348bd71a431f6da566db574e33f2c986fd61ed9cc8e,2026-03-16 07:05:34
1025,1025,Janer.1025@example.com,b6ff4a12de2c6d35b7dd64c3628a353f693b15bb90fdcf2d4bd8d78685fd625e,2026-03-11 11:19:58
1026,1026,Harryp.1026@example.com,386d75e923a9a06c75031217e11d3926e3154c12dd8a0496a2d14a3b22f462e3,2026-03-14 12:07:40
1027,1027,Mariew.1027@example.com,ffe3305a0093edfb28ae3600d7ee217f74d8578b271a9e6bed343f0111c9afd0,2026-03-08 11:02:48
1028,1028,Jasonn.1028@example.com,5e8cf7021d19fe0ae241fe752b97b88a31f528e4b489a77b7f6c5d89cbd86cbd,2026-03-19 00:58:09
1029,1029,Shirleyf.1029@example.com,95a85c33bbf4d60d83cfc3c664542dd47b26dd4975432b36ba9d3b4a78faa846,2026-03-08 05:31:11
1030,1030,Michaelp.1030@example.com,9cb93f5d8a56db3ff2932eda109943b2a9c7fab06e8416539fc1260fbf7dbd8a,2026-03-11 07:53:28
1031,1031,Scottf.1031@example.com,094be174eb367fccc9f2f87b79db0caf03e7c4f82c3d752edf3f88ff4a09f278,2026-03-12 09:24:27
1032,1032,Nicolet.1032@example.com,729f82475a17e97c49d2cda39207a15b91a6790e30983ab0d3d4f6e30f614d8a,2026-03-14 12:38:24
1033,1033,Elizabethh.1033@example.com,1fcbba456579b3cf0bfbac524a249e90ed0ad43b8aaafeeedd356fe1348ab181,2026-03-20 01:20:23
1034,1034,Frankt.1034@example.com,973f357c1d162f93244a1004509a5dd179ed1501bb09fafba5a2d2b4365272f9,2026-03-09 14:35:06
1035,1035,Davidm.945@example.com,2199042da308ef8da71ad423568926d7ac783eb6007710d688f030ab3952b7c4,2026-03-11 11:10:07
1036,1036,Scottc.1036@example.com,a84f1cf98c7eeddb2a43f6bbb9c60b7dcb6a74a36b24fd857225f5b568d6cb99,2026-03-08 11:03:27
1037,1037,Jimmyo.1037@example.com,70067701532e458bebf52cd7ccdee527540e9d271e7a14346b2c6b3a3f2ea727,2026-03-07 13:20:38
1038,1038,Toddm.1038@example.com,4ee478b38ab9aa835eb978d053d4f578d4cae0f7844ee8df4c9568aae2f9c93a,2026-03-15 11:54:22
1039,1039,Gloriat.1039@example.com,2346f49b345e89ba904b3cf19f8a4a47dd32c0cbbbbc91423a0add64f50f5eed,2026-03-09 15:10:25
1040,1040,Jimmyw.1040@example.com,9efaff757ae5495d3dd213ee16ff68a837573256cbb4e3e0985f952437d37673,2026-03-17 08:43:58
1041,1041,Jenniferh.1041@example.com,2d4281c21bc75e99c3104771cc4fb8c8ed46dd66b8e3b9d4f912036b6c5e2555,2026-03-09 12:57:37
1042,1042,Elizabethe.1042@example.com,dd69a6fdb7d135ff62d1aa6c08a176e1bc85f1dad4f24b831691b2eb59bd7f2d,2026-03-07 01:46:34
1043,1043,Laurac.1043@example.com,e45f3c0ab54d51b060ab96a50466953e88a0cfad417220dc02f4bd0eefcaad83,2026-03-17 11:10:14
1044,1044,Janed.1044@example.com,eda20b8678e3a12a13286c388832a11b7d923dc04463cb0aad502cdec19c7061,2026-03-17 12:50:34
1045,1045,Jacquelineo.1045@example.com,ecfdada935d611daf9a044db5c2e3a33a9a3e8f1efb4b85be833a4b1d592c893,2026-03-11 06:10:56
1046,1046,Marieg.1046@example.com,e19af03b79277da0c8a5ce5ef28ffb05d3ad83faff61bff3a938d5b6865bd23d,2026-03-10 01:20:23
1047,1047,Martinl.1047@example.com,77738e4b344f2931ffa0e0b83c3c6b4db631b110248eece3487010dd960a2ac4,2026-03-09 13:50:26
1048,1048,Frankp.1048@example.com,1d6d0b74856ee491795ae397865e3fbfb624b190388584c13cb646eb94ae0393,2026-03-21 18:19:17
1049,1049,Gregoryt.1049@example.com,2a1bb660dd4e55836d6a7887f1a274c24949321f55a4afff2a197c6f1332d1f3,2026-03-16 03:47:04
1050,1050,Shawnj.1050@example.com,2e1c70fef84c4c87d27550290c619e52ad51586044ecfc3e275947687b26840f,2026-03-16 01:20:23
1051,1051,Annen.1051@example.com,8798987eaf046ec2efd0d19a21740e6e102caefeca541a5a7f7c3135f7490a99,2026-03-13 10:58:28
1052,1052,Andreao.1052@example.com,d2cbcad9590e2951c580b45cf516007db142e25011e9879edc81be4281f18120,2026-03-17 15:11:51
1053,1053,Brendac.1053@example.com,9167c55fa6dea314d945b1f7ba65601ca4b1fd1ea3376f2bf56ca337bae7a735,2026-03-10 16:21:43
1054,1054,,bf996ee05f3310f24b04b4dd3657a76f5c29cdd88f94f9e3a2aff05d5ff69a32,2026-03-16 07:43:58
1055,1055,Howardm.1055@example.com,40f4222ebd2f2fa6b8fa5a7023e71034d9b027a2e3dca57b67a7aee77cf32b33,2026-03-22 07:21:11
1056,1056,Harryn.1056@example.com,2f635c304f34b7e8c95f0279498d0221ec815c996364422e5a70157c92e5f608,2026-03-16 13:02:58
1057,1057,Toddf.1057@example.com,4315b6ac2428c6de6a057a19c984660499d3efddbc355d97196763a280eede1c,2026-03-09 10:55:08
1058,1058,Kathrynb.1058@example.com,e786f446fd677bb5ba1dceb070c299a67f9eeb1ab8093e794914b74179cc92d6,2026-03-20 16:44:55
1059,1059,Teresaj.1059@example.com,98d0d6322d42d17bd982ab991b677f63c57c9c2d11d1358d9f34d302efad02cd,2026-03-31 11:53:53
1060,1060,Paula.1060@example.com,105e8677e0680e472b80c7707d67780217934884283ecc1a8a1b38beeb1b592c,2026-03-09 13:11:20
1061,1061,Kathrynp.1061@example.com,c0d34bff9c91cc9bfe19961125072bfba8cb3a48d4ecf22937fc609b43d64ff5,2026-03-08 16:20:34
1062,1062,Davidk.1062@example.com,c7afca00a4fbef5102be84b600cc4b5b5e9655055cf052244dc67fb953f77fa0,2026-03-07 16:33:36
1063,1063,Paulc.1063@example.com,4c9995b8225c17c15de09b46051db280f7c77289f75cbd94d5a7b96bfbcabd1f,2026-03-23 14:17:49
1064,1064,Harryr.1064@example.com,08a2b055e729bdfd5ded34caff88fdb678cab84d6414ad1ac1a3b5a1c75af65f,2026-03-21 18:58:20
1065,1065,Annef.1065@example.com,f370b117861d6961e3ed98e675ea3e70fe1a91e78aadf2637f3fbcc2c390655a,2026-03-14 13:53:44
1066,1066,,8a95850d8550864a90e8054b71e16403dec2a902a04f3e7d3be341aec9022a02,2026-03-17 11:13:54
1067,1067,Virginiac.1067@example.com,c96815c0811645de63d90d9ffa127e47fbab665b607361424168bcf3e5fb444f,2026-03-08 18:36:50
1068,1068,Gregoryc.1068@example.com,41dd51dc9ab57a0444e75bdf575312d01ee07c197f39399ab268c14b7425b0be,2026-03-22 00:54:18
1069,1069,Jessec.1069@example.com,984a35fae97ecabe136d259b4a2a249044f98c7aa17c6af5eca85a5bf3c9f209,2026-03-19 20:16:44
1070,1070,Teresan.1070@example.com,6a773c49dbaf35137b4ef65d8c916f3dde1c7fb8cc98b69cbb8084165b41c928,2026-03-28 09:06:26
1071,1071,Elizabetht.1071@example.com,015d137074d603c01de9d1fa91c70a279a20be6b0183eda90af96fdb0928d77f,2026-03-08 12:55:45
1072,1072,Michaelg.1072@example.com,a6c8a34b4a8f4b9b56d9a8a97a8c8073cd1c3d4c953eb9c16b70dc57cdf534b9,2026-03-08 16:00:55
1073,1073,Billyh.1073@example.com,f789d9f4c55c2640848789d3ffe6a74cb8e823b4e99dd71c67c8b11504de6155,2026-03-07 13:05:33
1074,1074,Judyg.1074@example.com,34632818c7c4d8cd1401ffe397fcca1a73db4baa063701e6e0530f6b62bffdf0,2026-03-12 15:03:13
1075,1075,Jasona.1075@example.com,286326a3dc7734bdab75dda479e6361ef02bf782a1674c3168a7734512293728,2026-03-08 07:06:43
1076,1076,Pault.1076@example.com,04e5797026cbbb8e2ffafbf5481f29467f454de71c62e28af79d12d87416b2fe,2026-03-11 12:20:08
1077,1077,Theresat.1077@example.com,cac1d032b1c7ed944b6a25aaa935cbe9cfdd8a5a05f8e4f1c3b6b85b75dc04ed,2026-03-17 12:33:51
1078,1078,Mariaa.1078@example.com,9411fe9294e9f51041c422416d58acef548ac52ff6aa531b78a9807a134af09e,2026-03-07 15:11:59
1079,1079,Margaretp.1079@example.com,3d11f18a808cb24284c61554807680de6bb82873a56db56d8df74fcbf89f4afd,2026-03-07 08:02:18
1080,1080,Mildredj.1080@example.com,b3dbe4e6930cc5d842a84b99959f2629003ef465a1e08fbebdce6204e6adcdf9,2026-03-11 11:59:18
1081,1081,Amya.1081@example.com,8bfe0a7bf95d5d4a8aa20b404e40c49ce8b2cee3a2f8dde4b98fb3c58cdcf501,2026-03-10 12:00:51
1082,1082,Kathrynj.1082@example.com,7163fff9e008a50bdb458b4a9de1ea97695955a9f3a708cf17fdea9058d186eb,2026-03-07 17:58:48
1083,1083,Williep.1083@example.com,2cf85612892c17378aea55f4106b0605308b99236f92ce36080a259d05b44277,2026-03-13 16:53:06
1084,1084,Laurae.1084@example.com,f270bc22e35f7f7ef28e3671cc40415e073be13da3fcd49891f5cf99bff7bdbf,2026-03-08 16:58:38
1085,1085,Kathrynr.1085@example.com,42281ed855c978b387f20db1677974a9c5605956e9690fa62f09b007c7bccfc4,2026-03-19 19:44:30
1086,1086,,bb23c3fb92baf470d2b17bfc12a65f339d6ebd7ef371663b428e7c4e21a441d2,2026-03-12 07:50:48
1087,1087,Nicholash.1087@example.com,e98473483bfe940bd23bfcec6d038d067f15e8f4111df23e50a21fb5107c8ccb,2026-03-10 07:10:35
1088,1088,Thomass.1088@example.com,117f54729c8c3681c30d41a109169f4bdbe3f54108726546ddea4283dbaadd41,2026-03-15 12:31:55
1089,1089,Theresat.1089@example.com,8f4b952edc7568cd1d92788cb1f1e8a48088dd9f7fae00ca7bcbeb21da99b401,2026-03-12 18:38:33
1090,1090,Paulr.1090@example.com,ec0df42894d39532b741670b65a1cadbda9e469b97690de089d365b662f04b93,2026-03-16 08:28:06
1091,1091,Toddb.1091@example.com,4f0a4e3d288898a216adf022960036a2fccf9e02a6e10cda7788fb56a7cc27a8,2026-03-25 08:50:26
1092,1092,Sarak.1092@example.com,2a12a75465563fa6733a621a3e7066020d57f4abf96d722d5e657a33fdc13163,2026-03-12 01:20:23
1093,1093,Jenniferf.1093@example.com,f13041d3ab7dd68a2fd82c2e7e35906eda5d33355b9ca177db5c52f5dfd6f1f2,2026-03-08 06:03:37
1094,1094,Howardn.1094@example.com,a11b09515756c7db851476160b99b90334915dcc084e561685b3823e095146d7,2026-03-07 12:48:21
1095,1095,Janec.1095@example.com,b2a1678687b667c29a8e1726fd7d9b69fb2e40b9ba1971cd9d9e1efff4926c49,2026-03-08 11:58:31
1096,1096,Aaronf.1096@example.com,bc457130aa102eabe10e6c457c381a86bd5d6bcabb92c61bd7e49c4fe6130973,2026-03-20 12:51:27
1097,1097,Harryn.1097@example.com,61a0dc448b8f01edac614a3056beb5fdd65ee680401d4a4d2953dc450ddf2466,2026-03-08 16:31:05
1098,1098,Jenniferk.1098@example.com,8c8f31baf76021ef646507116d95941932c3301698ba1647077f01db398e1254,2026-03-12 19:45:14
1099,1099,Jennifern.1099@example.com,59626440c7444ad68dc080bc3d93ee61c425db6c766e6af9f68d2fe7d7f323b2,2026-03-10 11:39:59
1100,1100,Toddf.1100@example.com,502f004443290a3128043786d668b60a599a896894ac739ee341cb6484f6761e,2026-03-15 08:33:11
1101,1101,Aarond.1101@example.com,3bd50903106daac54e0b01fe4bf3e6ffdecfac40bca51f26877e90db9bda9847,2026-03-11 12:43:22
1102,1102,Brendaj.1102@example.com,cf1562e5c59ac888ce76452e877e49fd128aa8ecb011f0e85ee4b8a19f0fbae1,2026-03-16 20:02:44
1103,1103,Jacke.1103@example.com,5cf8b22ecf173c54f017bbe83d1a645cc823738b41bbe4e821fc93de91ddfbb1,2026-03-16 10:52:19
1104,1104,Thomasf.1104@example.com,dd6c692b76e2c8bb3dc11eab9c26b2f05921857350697823b9dcf7fd92f61481,2026-03-18 14:37:25
1105,1105,Timothyb.1105@example.com,a206226429d7d53005a42a83fa8ed34b761d2923a440a8a58dc2d5b0d868b73f,2026-03-07 14:29:16
1106,1106,Marym.1106@example.com,09f3586ecc9183b61fcae9d5f74b2451f05fceb0dc64eb9197689016d0545116,2026-03-09 01:20:23
1107,1107,Nicolej.1107@example.com,7cfd5880d7146855eab0cd8eab359064a06e58fa2e3472b6605807b375bd977f,2026-03-09 06:45:04
1108,1108,Kellyt.1108@example.com,9b5490ec37a7303c50d6856d54b0882c1aa6a3bd785a19f84e952ab654eaad7a,2026-03-13 14:53:09
1109,1109,Adama.1109@example.com,5a6219b6d9c29d3c900de3a8632003996ea203cb6a6b7b8be870ab51f127cd71,2026-03-11 16:31:04
1110,1110,Arthurs.1110@example.com,dc438561d8f26887244463b501d7060e8124e7c7da47665510b501c195d09c60,2026-03-10 06:57:57
1111,1111,Alano.1111@example.com,c99e5f225532ff4b840841e80719e7270a27c7488540948af0dda795ce63e536,2026-03-16 09:55:20
1112,1112,Saraf.1112@example.com,e1c1acce2f7b896ef57c118f765d5894c3d9d964c70dffefd39dd5590f729268,2026-03-11 01:20:23
1113,1113,Jimmyg.1113@example.com,901476830d736577e713b04d3e55886bf9a6ac9e6f9b36c2f0d4d1639e7cee91,2026-03-14 11:10:47
1114,1114,Elizabethc.1114@example.com,cffce20d17dfb7fc543bd7db7a7757b61dd5bfe7437c59abc2d0102f0423690a,2026-03-23 18:23:20
1115,1115,Laurac.1115@example.com,04aa75fa6c1502e0b0094e996bdec043c5ce172fb75455f6ab27e316c571355e,2026-03-18 20:12:36
1116,1116,Kellyg.1116@example.com,c0eaab331b840bd7e09b5afe8c6b2cc94f2fec9034cf8623c0b6ae08b76144b2,2026-03-18 20:10:30
1117,1117,Nicolem.1117@example.com,c9fde60d73a64e430df3035e0e51ec0252464f3916a93053bc10739e9f34dfc0,2026-03-10 09:04:23
1118,1118,Arthurb.1118@example.com,d81843ba8e64bdb4df35427df91d4450b478e1e556f212fe23b15c44951b9fee,2026-03-10 01:04:04
1119,1119,Thomasp.1119@example.com,a36b8f2f8bc4f9614391dc8221c37ed15b0ef699adf59f52e77c754991a35b43,2026-03-08 16:59:25
1120,1120,Jacquelineb.1120@example.com,20bc78b7a1d1a899207ac230b7b049a3917781158b09eab66855edf6cba4724e,2026-03-08 19:09:28
1121,1121,Michaela.1121@example.com,386d30efa11111fe6427cb7383c2a02dae48be9e36284e051b2241bfcd14dafe,2026-03-07 12:31:07
1122,1122,Jimmyh.1122@example.com,4a6902c0fa4c234632ff65d681d25b9e7a06c09257609b1927f6a09423b2f9f9,2026-03-09 07:22:13
1123,1123,Jenniferc.1123@example.com,959cce3ce75de80d3ce84a7034d4b86817269bae6898383b48cbf9c9db027df3,2026-03-10 07:49:44
1124,1124,Judyp.1124@example.com,f4cbccfa5dfbc9183a7387a3239d8275c8a5e6ddbcbbbe2ab1dbce900893fe3f,2026-03-09 10:24:01
1125,1125,Victorw.1125@example.com,32ea561f795af38773af0b2392fe6f74d47c9a28c7cdb145d4e9e5bc4c5e1ca0,2026-03-13 07:08:07
1126,1126,Katherinep.1126@example.com,01536374909bf649d68255ead9cd5ff752107ec4d88eae398ee8be964af98333,2026-03-12 10:13:29
1127,1127,Teresao.1127@example.com,3ee4ea51aa0d618305efb52e5b6f27a1f49bc2a81a05bb1ecbd782eca1b33aa8,2026-03-12 15:30:20
1128,1128,Annac.1128@example.com,98ae25786ba980b40fbadbd243ac9057f89fbb7e407451945bd0d9ca037fb7dd,2026-03-11 12:52:54
1129,1129,,8cfaa8ecd59c64accda76dcc257b2b45f67881975f339407ccf1ac6802ffa376,2026-03-16 13:16:27
1130,1130,Nicoleo.1130@example.com,d80c228c01e171971564debf1513e98970cb346af7d99f8d5520cac1b35524db,2026-03-09 20:22:20
1131,1131,Margarett.1131@example.com,e9c59009f90e300cd157f617bdb727a8ff298a5a703510a482d7f475cc83b547,2026-03-12 14:35:32
1132,1132,Virginiae.1132@example.com,c6abac2473f58f5f7ec403d7f087b43764289f8a61d79d9944e954781fd9fb12,2026-03-14 14:08:49
1133,1133,Brendab.1133@example.com,5a977290733d6078a2354bab4459154f6b6389b2bb3bea49c8b8b43f7266c9e2,2026-03-09 17:01:34
1134,1134,Timothyp.1134@example.com,1eb8dbeecd69031c981f5af9d83dca26e5909b2d5ebc37746b30cbb03b01bf4e,2026-03-23 19:54:04
1135,1135,Margareto.1135@example.com,559365650b9a95318969939d4d7301d0af0e568a4271c6389f9f0046da7d5b5c,2026-03-09 09:21:42
1136,1136,Helenl.1136@example.com,020c4a268d9f10e379f3fe469fd89a610c952dcfad925311393ad6b89e589055,2026-03-07 19:49:41
1137,1137,Marien.1137@example.com,e388b9fff8e096435e4d8de585204626614945a049e49258e6c653065f2bd468,2026-03-13 11:54:13
1138,1138,Kathryns.1138@example.com,dc2f6594da29b83ea422256e75afac6b716b271cd29c319a30fac2d9c2fd09f1,2026-03-09 15:13:23
1139,1139,Kellyb.1139@example.com,a232562dcf47df18f01e6994d06cbeedc87c749ca955c66891bd027566f5a5bb,2026-03-09 13:23:42
1140,1140,Gregoryo.1140@example.com,848a1967ed716121f9e9f77417e57b383a4a1ad2d8fff1e03a1dd6969d9d9dea,2026-03-12 16:15:07
1141,1141,Howardf.1141@example.com,b4aac27dd63e4f4db2516ad94556676ea9af082c101962131f1ddb23b7b3b80c,2026-03-12 16:06:31
1142,1142,Billyf.1142@example.com,abd989601aa13f88b47250ab83e686e47e7505d706993749d6ab4751b4e4568e,2026-03-11 07:13:44
1143,1143,Alane.1143@example.com,ba39de973a4a6e89c356549508a8374aa60f4873b897c3f780e1cc89a7c9c7f9,2026-03-17 13:55:27
1144,1144,Arthura.1144@example.com,7c4637da21f022100c6ecfbe7ef7bfdc5d934dcf64e23d6f8953f085f4c0f92a,2026-03-10 07:30:13
1145,1145,Brendae.1145@example.com,b2246463477fb0d2320996a8e5ae68e7990551fbf88dd98dbf86fe9b2763c388,2026-03-12 14:18:32
1146,1146,Jesseh.1146@example.com,c24d7e2ddff2921bed6cf59f517aa9eab67e980cc97378417a19e803dc4fc9d0,2026-03-11 16:39:02
1147,1147,Theresat.1147@example.com,09969149cf42f091a299bce598d71ab987ca69251538e03f3ab4921a7635b009,2026-03-14 14:12:13
1148,1148,Dianas.1148@example.com,6b8d9af92f87b093e9028e6f60f4c41e63c89d8f0e950968ef68c571f050f56c,2026-03-17 09:35:59
1149,1149,,ad0cd5145cfefdb41864ec4f3a18b71056bca028df1fb605521f55d1319a58a8,2026-03-10 05:44:52
1150,1150,Amyg.1150@example.com,dfe6e5e217effe6a2f854260588d9e6c28359718e16e39205414a40b19329b50,2026-04-02 12:09:44
1151,1151,Kathleenc.1151@example.com,0dae045b003c8a886a10ed70c45f7b68fcb6c69d04b62b12c901c3fd862d1fde,2026-03-13 02:50:23
1152,1152,,93ebf1d10026d9d40c208b40808fccb9f34a27b3e9eee78ec2c7ed4462a05dc5,2026-03-09 11:52:26
1153,1153,Harryp.1153@example.com,8308d90ffc374fdf97a372a04f5ac86f01b3e46e107173ef351a8e6c72fc5a14,2026-03-09 15:27:39
1154,1154,Margaretl.1154@example.com,53def28e5e14a1480e8affb8d58ea8f623043175304353b41ff6702baec98318,2026-03-08 09:23:45
1155,1155,Kathryns.1155@example.com,4f4c77fb4e40ba699efb2c58bb361926c0fed0e9e9665607dff46c2bc4437762,2026-03-10 13:19:40
1156,1156,Andreal.1156@example.com,0087ed7835af1444bce85df3bd7dc26fa7a1f47fb1fe7e4957238b4ff995b6bf,2026-03-10 15:06:52
1157,1157,Dianaw.1157@example.com,2c14babc64f1304e107b8fcec9d71a4288256f66afb7161038c8e3842db3850f,2026-03-08 13:30:39
1158,1158,Johnnyg.1158@example.com,5cb5318a8d579c1c40f068c0a41ef72e521eb53e10f99bd21e9cf24c2f77fac0,2026-03-09 13:08:56
1159,1159,Rosep.1159@example.com,49eebb32deb7b13081e7e936151fa240662ee41e2f29d1d30cd3c1601e8df4e1,2026-03-10 13:43:17
1160,1160,Dianaw.1160@example.com,e51e38ab787a2fbc8e46132268ceb1a9bc28ac9bb7045ff7f532555d5929f1c6,2026-03-18 11:46:53
1161,1161,Helena.1161@example.com,f4ecb24fbf6694f9e15ce48086216b6245d1f64926087be2e53055e53099b837,2026-03-15 15:54:39
1162,1162,Phillipj.1162@example.com,5637b9ed962a8729f2ae031e07d436320d9f14f4ae66f5a984831b26e94c30e8,2026-03-07 12:55:40
1163,1163,,ee1b5107d79a4e18f5f5e341a9a0e0d18315a416893ecb287cac08111465df51,2026-03-14 18:22:17
1164,1164,Judyg.1164@example.com,5118efa55e141a85e0b962b6d9171166909c90265ecb02a05e96e146b963f0f2,2026-03-10 01:47:25
1165,1165,Christinat.1165@example.com,6f507382ba68ce3bf920eca3ab35c022ff00deb85a942f56b57a35f242a5ce16,2026-03-11 10:04:47
1166,1166,Marieg.1166@example.com,669afcf2b94beeef1903932130b1842717619c100de105d6e63ccda4e128ef6a,2026-03-08 01:20:23
1167,1167,Kathleena.1167@example.com,44b9b8e5a2d93e3acbcc0a0933b293fc6ba2b19b0e1f18ff24e3a38d201b85de,2026-03-09 13:48:02
1168,1168,Nicoler.1168@example.com,6145d1ce8555fe9494e32db28b83cc36ece8fe42a18caccb8cc0271e6497491d,2026-03-11 13:38:29
1169,1169,Lauram.1169@example.com,62838555bf0f9fa2c8a2f99190b88f8f5b097675a3338b8ba014fa32649db565,2026-03-09 01:20:23
1170,1170,Joshuaw.1170@example.com,2f757794f61393340f3bccbb4e1036607ae1d6f705bc0d3962a7b9773474718f,2026-03-16 01:20:23
1171,1171,Jasont.1171@example.com,4d08473f0d4aa8753f63d2d6456e399a6f9d7e7671e679471aa7213045416c75,2026-03-07 18:25:11
1172,1172,Harryl.1172@example.com,d5ab524a64835bafc73089b4e5e13593ecaeea2c985a57565cbd9e5db2cab9f7,2026-03-11 08:23:38
1173,1173,Mildredp.1173@example.com,1a29990527536d53bd8e8849112aadeb7e589236842452f1a4458e7806a93712,2026-03-11 13:46:49
1174,1174,Janett.1174@example.com,755d6d0565b8a5aab1ec5c272ed0e06d57fcfede80f0cf0ce902fcad7e286447,2026-03-22 12:30:45
1175,1175,Amandaw.1175@example.com,5753d313c4f269a22a2238c9e970612be72278bcb3a5b4d0df35ff138f8d6f4d,2026-03-10 15:54:25
1176,1176,Marye.1176@example.com,bec8c42f56c543b5b0c2627e68abe96ce80ab568f3167d93f94025031cee3cd7,2026-03-20 01:20:23
1177,1177,Rosed.1177@example.com,6a3133bd9be290a233d9c643ed1bdff74a64e8a48bc89915e44b99c7bbead535,2026-03-13 12:45:09
1178,1178,Brendat.1178@example.com,a011d235225e26d8d408c22a52a67714ddd8a4a2725ff8a6a5d09c38bee67c8a,2026-03-11 01:20:23
1179,1179,Kathleent.1179@example.com,d345c0bddb1fe4db388421c538557073345b629d3da79be08d812797eeb62713,2026-03-07 16:42:43
1180,1180,Maryb.1180@example.com,5b00de5bb0d58e140017f2db7404b9e43be5aab67b421f81afd625690a22a20b,2026-03-08 18:43:04
1181,1181,Janew.1181@example.com,4fd8d5d158d35b4099079983a2a5b2c9a35d4f57389a652c174cbc63074da469,2026-03-14 14:15:53
1182,1182,Kathrynn.1182@example.com,b7c9b6dbb3f66026422ec800be49708a86920d5ec87040bcb3bc18c65349c611,2026-03-10 06:22:21
1183,1183,Sarahc.1183@example.com,7abe4ddc140f82c3719f07f7dd386f2c4c9061ceae47fff113f23918aedb8908,2026-03-08 18:20:50
1184,1184,Lilliane.1184@example.com,b932ed20b9eb34c3491e33e41504bd7b3c7c08675e7654b3b125cc22ee8cfd58,2026-03-10 20:03:36
1185,1185,Shawne.1185@example.com,22427183e334ea5d55f9592d1dce1a0ca942e2f8f753dcc8ba3936eea87d0afc,2026-03-07 15:51:28
1186,1186,Louisep.1186@example.com,01284abe532ddaaa3f57cbde6e8788b7518812ecf26f1b64168c5a1aa9eeecde,2026-03-14 11:40:15
1187,1187,Thomase.1187@example.com,ad2818a131e92da29d03966ab30607a56d1d1439c582f3bbeab85ee39ac9171a,2026-03-11 15:47:54
1188,1188,Alanc.1188@example.com,95822f75e85213618ef9381d2638822a12105e78a5768772b83a65ec646929e1,2026-03-11 01:20:23
1189,1189,Brendap.1189@example.com,403c24829ca3e340659bbb6e4de059d25d7efe27779692721ad6579efaab8a59,2026-03-07 12:21:10
1190,1190,Sarahg.1190@example.com,ceb204f2089ee74bbf50682b2dc1cbdc29f9de953318de8abf9b31cfaa2ab0fd,2026-03-25 15:43:29
1191,1191,Theresas.1191@example.com,26aa1d8eeb3a4474c9cdf9a6150b1bac9b7248b5655b361a25f3d75d94c602bb,2026-03-13 08:05:41
1192,1192,Amandal.1192@example.com,b7df59b72b7bf817462f21e35579dffa0ad5df5d6c9f97a10e8ccebcd0e07a28,2026-03-14 16:16:09
1193,1193,Phillipj.1193@example.com,f0c6c6596250c8044a4eed2935fc1ac9b7edc8e060d8299e10852518354ef6d7,2026-03-16 09:54:16
1194,1194,Joshuaw.1170@example.com,3093a25ae28e3843c1b319a7cd263cf623bb379f51a83cf99173f0464806c378,2026-03-15 16:35:59
1195,1195,Janea.1195@example.com,97d80599aedb07bfd600c0d08999e02ce518cd5710f16fe404727dde4f5fd4a7,2026-03-10 15:28:58
1196,1196,Andreak.1196@example.com,a484ad923004dfa6b4cae1a1e9349a1ecaba779691afc5cca7d5efa709afba46,2026-03-07 11:43:31
1197,1197,Lisat.1197@example.com,cdedfbd42c9f4a38ac77bcc7a979b6198019ce8d020f968a99b7cb81c70a4c94,2026-03-09 13:33:10
1198,1198,Benjamine.1198@example.com,a0bd44186fe093343897fa068ceca27722da1fcb50bdb97f031e9bc78e66da59,2026-03-08 13:42:08
1199,1199,Theresaj.1199@example.com,c349a8309232ca2e26bccc96030700e7ac8c67a49ff53de40ff2c82b02023a88,2026-03-07 08:36:41
1200,1200,Katherineo.1200@example.com,9e4d998de904fa45654a7ab82b00483e2bd936cbab50a309b78479af490fbe2f,2026-03-10 01:32:30
1201,1201,Lisam.1201@example.com,f81a46e30262ce087636db376456a83a426e09726cb0d578da329caa6e6cac2d,2026-03-16 12:40:26
1202,1202,Jimmyn.1202@example.com,dc05c2226a84fdbd9415f77e8320244c4680347ed6aca046c26d365e6bf380f1,2026-03-07 07:08:29
1203,1203,Harrys.1203@example.com,cde839658da2220357bd85d8a8243ffcd85e5e7b4ce6d392bd70d1554a891b25,2026-03-16 05:00:28
1204,1204,Aarone.1204@example.com,6a3fcdc575de7d4ff1da5ce1ac00f4b288db35d848623ebcfb5cf8c57f979210,2026-03-12 13:48:23
1205,1205,Benjaminw.1205@example.com,2c56a69094260f77e43db8eadf7ae5c0d0424074b461467322fb84f9dea3841a,2026-03-15 12:21:06
1206,1206,Toddg.1206@example.com,a7ac7cbc99915f3a4286830d5046699ea1ab4ba502b4ea6810de4256e8e5dd9c,2026-03-07 16:54:44
1207,1207,Barbaram.1207@example.com,4688c2e0ee5629b9491e85b5ed315b8a5fd552d85a0bfbe736d11c3b21906e69,2026-03-17 01:20:23
1208,1208,Haroldm.1208@example.com,2b8ac5c4e027cc60d5960da2589bc9b3969e4f7cd457734cbd9d8650e1e3eac5,2026-03-14 10:56:10
1209,1209,Howardj.1209@example.com,eb2b10b809accbd481224d7eeb088a76fab66a9a18c27b1ebe6b8808f3328ced,2026-03-10 11:30:18
1210,1210,Janetn.1210@example.com,f47fe15ca955502073fceaeab4ff6e9bcbf7fb089ce079e399a0fbb178670a2f,2026-03-08 01:20:23
1211,1211,Shawnp.1211@example.com,1eafcffe57663ded811f658a21e759792bcd9c0c6075cbe7e5c3f23218fe2e72,2026-03-08 07:33:15
1212,1212,,eb18d79997db59d0cbf9416eadfeaa09d96515ff26ca4b2db70fc746caaeeeb2,2026-03-09 11:41:08
1213,1213,Amandad.1213@example.com,c5a992585063f96bc63b3caba530bcb67c2c1fd1228a1a2b87ad820e11ce7a5e,2026-03-14 10:29:37
1214,1214,Adamm.1214@example.com,9fe6d015496a29b63af6e9b50aaa27fc7420a5d55409c53bbb1be9f1bcac43de,2026-03-24 12:20:35
1215,1215,Jacquelinen.1215@example.com,8afa7c8b4c1df3de7335132efe34f88a790340d4db46b69e2fa9a7c226be10c6,2026-03-17 16:34:48
1216,1216,Jimmym.1216@example.com,65a8d3e0baac08bcb609b2bf8f7deb7586ef485d3a6392a04e459bf33c086d8e,2026-03-11 07:57:18
1217,1217,Phillipn.1217@example.com,02f8f804b28d2b3edf4d01c975d2c15e2320128c033af88e586daae5beac44fd,2026-03-07 11:50:32
1218,1218,Helenb.1218@example.com,af7dfdc43f346b27ebfcc994419e1cdfc5ad16e3e8038980fad90511764909c1,2026-03-07 08:17:03
1219,1219,Williee.1219@example.com,a48c1e1f9750d30f3f84c5ef9c3803aa515b1eb8c18e2c4bbb666ae3cec16972,2026-03-08 16:03:16
1220,1220,Jeanm.1220@example.com,4dfe3e914a92deadb8a608932c46b87698a4d1d9b08be6594c8c8aaff13492ba,2026-03-07 13:55:41
1221,1221,Michaeld.1221@example.com,aecc2657ed4c0b2277e89293ef62963f1d2c57c02ba3ddacfac1a5aea6084ee6,2026-03-07 01:20:23
1222,1222,Louisee.1222@example.com,093356c7644bc21605ba9c37bf824cc5b293d934b3696c3580d9bd5b55438f2e,2026-03-09 19:55:04
1223,1223,Martinh.1223@example.com,5919322121965c698dbf07ccc96525d5a2d33e10b0435e545e1fd0bf96dc64a0,2026-03-07 11:47:31
1224,1224,Alanm.1224@example.com,abbc4b8d844712f50a8d3d9cc02832b5477b76bd140bc7bdd80a58c4d7cbd7bf,2026-03-10 10:11:14
1225,1225,Davidm.1225@example.com,b219d57150f9635c00a817cf04cd1f1173351ff8df040e212dd5cd72eb0650d3,2026-03-17 14:17:11
1226,1226,Seano.1226@example.com,fdf910f0d1eae011402db9f78fa5fb4d9927c4076b50d281c9f28947fd84008a,2026-04-14 01:20:23
1227,1227,Shawnn.1227@example.com,bebcce825b7bbead972aa168f79cf2a046c4518036dbef24571b2e4dad912142,2026-03-09 15:17:32
1228,1228,Jessek.1228@example.com,7a375538eaa196b0cc01b2658a0be883424b3355691ae5175a2aab9a855596db,2026-03-16 16:21:17
1229,1229,Annen.1229@example.com,3010fce34a7518a5f57382b65cf12efda0b01376e79539d9c77a0e796804ae33,2026-03-07 17:21:51
1230,1230,,2cbb0a71b67dd73b7febb5006fe1403cda7cce9b76d21ec539665099f46da926,2026-03-08 00:37:02
1231,1231,Barbarab.1231@example.com,879b02c79aecbe4b5fb11027969ac43fe78014c31cc1cb7107f2811f141ff27d,2026-03-09 13:35:26
1232,1232,Margareto.1232@example.com,a66de713bde9392b437e3b2cd085a8d3b977a6f329fe80dd49081e610ddbd140,2026-03-08 13:51:36
1233,1233,Dianap.1233@example.com,758300ce88606c43757e7f17405bd1acc5487688603c4de0b4215467ab73a670,2026-03-09 14:21:05
1234,1234,Kellyn.1234@example.com,112701d687791258650313232c060a3828bc97aa6bac166959ebd6d8003c9d0d,2026-03-12 01:20:23
1235,1235,Kellyo.1235@example.com,f585d6c1aceb542d69e36dbd8ca0ba234f140b409632e17a9889ae7c32071ae0,2026-03-16 08:42:11
1236,1236,Davids.1236@example.com,1fe3381578d4c1428ff41077cbb42dbca15244ab7e607d4e49fe5f46f32aaf60,2026-03-15 17:56:11
1237,1237,Davids.1237@example.com,c20c2b5ca5f72386963e27eef94809907d1b03a3bd4793d943036b142ab77d7b,2026-03-14 07:42:24
1238,1238,Jacquelinel.1238@example.com,3ebdf5e5e70ea61ed16591ae6fa82bff0cf6cb0f9606713bb9a9484d60276579,2026-03-11 11:16:39
1239,1239,Fredl.1239@example.com,0cf1ea9600539bc573c51c2acf4a224ad9727c259c4a2514f7ce3bdd20080a22,2026-03-09 11:21:07
1240,1240,Virginiac.1240@example.com,aa9f9c975ce6fab67996f3fd71ffefe825a8a20af8c3c9e87ea8f9781913310f,2026-03-14 10:10:50
1241,1241,Shirleyw.1241@example.com,06ca823c86002c55243d022b8cb3c7da0f407471acfee42c8f4b61c905083319,2026-03-13 16:57:53
1242,1242,Jeanp.1242@example.com,42a129a35afa25636247b14396adbff6e37b54eeefd610ae287187d68902780c,2026-03-11 13:36:27
1243,1243,Geraldc.1243@example.com,92c9cd862ee83e24fee5bbe0ec619655978cf126b1bf5e26b4a1092c99c5ee2c,2026-03-10 17:45:50
1244,1244,Arthurp.1244@example.com,cdf0efaa55ba1191b61df4de562063f4bca35b5483bb9d2f067c7b0fa509d026,2026-03-17 04:46:11
1245,1245,Amyc.1245@example.com,4ca46c58a00e09785cec2d81a1f5510f922ac5e4e21c424e0ee7357299406a01,2026-03-20 13:20:26
1246,1246,Timothyp.1246@example.com,621a0e4370440c4b92284724702e108faf6923913aee2fe30683c754bcf33f1f,2026-03-07 22:00:44
1247,1247,Maryt.1247@example.com,fd22e4613e68bb7727e8a4fc7f13c9d83c1e4001c321a5b6d40e776bf8f18614,2026-03-22 10:59:48
1248,1248,Shirleym.1248@example.com,b64a78a437d5c60c354e6379da59d75490c95ddc38359e63cf9f3bd85e2dd07e,2026-03-10 09:46:37
1249,1249,Dianag.1249@example.com,04faf05f280c81764396face7ef1be00cc8d0f223de378fa9a911203b43f0261,2026-03-19 12:31:52
1250,1250,Edwardd.1250@example.com,10cdbc9d349b1362e3e57ee8ffff2dab6709ea0a46ca02555604446179750656,2026-03-22 13:15:47
1251,1251,,0dfb22063ccf91c520708ffc167d6dcc7def8a1cdfcfae13934e2baa53243b6d,2026-03-07 06:32:16
1252,1252,Rosek.1252@example.com,073426ba2b4d9f8ed303e22d3f8507bd7a2499d3a1ab4d6fa37a9cbdf7675cfb,2026-03-09 07:59:59
1253,1253,Kellyw.1253@example.com,f7d663c0152fcaf9f3b0211368e2457a18b77e8e9eb670b0c55216432f3cfab1,2026-03-12 22:43:09
1254,1254,Judyn.1254@example.com,5b973c3467c641935cc07513a9ce91a2eb89d5fa2e2c28e4eb1378138eaa74d9,2026-03-20 09:59:10
1255,1255,Brendaf.1255@example.com,37f5a6276e7a87f2e2430762872eeefbf57d3e2052172342ee378b106b13e227,2026-03-21 09:33:03
1256,1256,Dianaa.1256@example.com,8092462eb6276be7bc672fa844fa911717428b5cff042fa0709b5961561e603e,2026-03-10 14:22:09
1257,1257,Benjamine.1257@example.com,dbe9e01e830c471a73f590eafb9dea03a960ab4a630c8ee1a74d9d67947bd44f,2026-04-04 14:02:25
1258,1258,Michaelt.1258@example.com,919f39ea82c8c0b1e79648bd5b441b10aec0cd87e0be26e3b4f9a34c7880ea89,2026-03-11 01:20:23
1259,1259,Kimberlyt.1259@example.com,4151c122ef92e22cb58a039a6bb9aeded95c3c04c2c1cf4cc3323ca8c73ecd4d,2026-03-16 13:45:30
1260,1260,Kellyk.1260@example.com,784afdddf00d3c82807fab76930e573de5d96fd57fe950c198d43f24c675d9aa,2026-03-08 14:30:00
1261,1261,Janetl.1261@example.com,c10f8a05829d0b073a27b854eb79641131028d630066d36da3f1b0a82f4e5515,2026-03-11 12:31:43
1262,1262,Virginias.1262@example.com,6eb997bc8d638030b964580931080236bc56f1746c9038d619e7c383a59cc8bb,2026-03-12 16:30:00
1263,1263,Maryw.1263@example.com,092dc868a844164823db77417dcfa864c3ac55a5ae61ae9576f53c9a12f3b938,2026-03-10 13:01:30
1264,1264,Louisel.1264@example.com,389b606ecadd744df796e3c9e099222df2c3970c51ab1a22a2d277d23e6ee999,2026-03-11 11:30:20
1265,1265,Franceso.1265@example.com,7e53a102d671774d7895ace16cbd84a7f021f57fb678bffa83d90cfa720d1117,2026-03-07 19:24:33
1266,1266,Christinap.1266@example.com,e8ee8af1ec66bd0cc28eac75d828300f7b327b81a2180c5e9a36300d2cd56e0d,2026-03-17 08:06:35
1267,1267,Virginiag.1267@example.com,1a7bd561074b7906bf35df2a2ac69ad2b8d435984f5f8dcbd2a6a3dd0f44f10a,2026-03-13 09:18:43
1268,1268,,4a9bf64c900d29ebf8b72a7687acd92d9d19f029d5df037f7f11b443388321ec,2026-03-09 01:20:23
1269,1269,Freds.1269@example.com,06c79d355698ce9d64f5294c0f0292b0d6df2dff97b68fe4fce82a043cea4267,2026-03-18 01:20:23
1270,1270,Pault.1270@example.com,a68ff897d2b6231bfb4bd2e6e1f471639c4bb363540d67f8bd63cca57d0990e0,2026-03-10 10:27:07
1271,1271,Phillipg.1271@example.com,385432276676c918987696f26bb136dbba6dee6328b57ffa9606c1414da13f42,2026-04-08 09:09:07
1272,1272,Janetn.1272@example.com,3d8083362b5c96107fa24a0d2caabf5666c60565ef4504920bafb273073c8743,2026-03-12 17:44:56
1273,1273,Scotte.1273@example.com,defe461dc5773dcf0e7a58cd6a19dcb7390e0ac644d65bcee2b03eb1744b3d53,2026-03-08 00:36:36
1274,1274,Toddk.1274@example.com,60d9f50856c065f98f47a89d928874915ffaa37ec36b0435f224122d271830e4,2026-03-15 18:52:12
1275,1275,Williea.1275@example.com,cfdf4bffa424c96b8df85ba82d75296d5fb98b372675ba7cc593073a93c49ba3,2026-03-11 14:59:11
1276,1276,Kellya.1276@example.com,d511e415e7dcae391b9cbc433c99438336788923a6e35bee92a3bf92c0640032,2026-03-16 11:58:30
1277,1277,Helens.1277@example.com,eb2bce186e2cfe80a8fc86c5f884e7b9d17cec40cc963d8d385cfc2424537cb4,2026-03-12 09:17:52
1278,1278,Jasonm.1278@example.com,ca0d7913824e65488abbc9ee4e9e4b7227981c942991c129cfbcdca81a562a9f,2026-03-07 20:06:44
1279,1279,Judyj.1279@example.com,bd9372527e4f711a1cc2b45eda5cda99f9dd0d5f5403a6e12ab5c3e01a59600a,2026-03-09 01:20:23
1280,1280,Billyh.1280@example.com,3c65af5c5d9576dfa6ababd2d6b8c49e315cc5c62fa79787f869d497c2e98a7e,2026-03-09 17:07:45
1281,1281,Lisas.1281@example.com,d2dd5e59f2cd6c17f503884d1e09c0a9ba124b5d0a169439f1bb7d69bf26d384,2026-03-08 18:37:56
1282,1282,Teresap.1282@example.com,596aad728e3cd079e5efdca3f654a16f9e27b9946ba7ca0b846c3b2c27c8ddea,2026-03-08 12:16:26
1283,1283,Scotts.1283@example.com,0d17f6e6a38baf045bd1f496104137330f132c80d52d9c67ffeafc7ed8cce7f1,2026-03-09 06:33:41
1284,1284,Fredm.1284@example.com,44977357a1c95b21f63e2cc96bf3f4f8ee75e2a15788f2d61641d9d27819a3f0,2026-03-11 13:40:05
1285,1285,Kathleenh.1285@example.com,834792ebf00635b051f4b4c30c02f952151a3e62af43937f6d53ab6b30839084,2026-03-10 10:41:17
1286,1286,Mariem.1286@example.com,fc4784c5049c30d9aaef389b926370664696f17b7adac39e83f5dc262ec9c985,2026-03-10 20:18:36
1287,1287,Howardr.1287@example.com,844ab404f21caaa92f5b4b0dba1a4e6b7b8c710f4b82330ea7a2579299a5bbdc,2026-03-08 11:03:59
1288,1288,Aaronw.1288@example.com,8d878a60d570f10fca2eaa09194b440a41b03a66a4e486d6a5d7b7823c4a37f3,2026-03-09 10:58:50
1289,1289,Mildredf.1289@example.com,3026085531a36ce76c1aee0d4c75fc565fe9358f6174e76c20a130acd1819e58,2026-03-08 15:53:54
1290,1290,Francesn.1290@example.com,f9c890cbaf6202f31b0b5c1ddd89b237670b762c1c1a31bea80b797479dcf309,2026-03-07 10:56:01
1291,1291,Maryt.1291@example.com,71f9415a4b7d7dcaa530e31084d04c1a57ba0934cf993957681929d9ac42a677,2026-03-17 01:20:23
1292,1292,Mariat.1292@example.com,863d4da7c764d675a0830f88ecd11b478b63c79c9f0e49b7b05c696f2d0e82fa,2026-03-09 11:06:40
1293,1293,Roseb.1293@example.com,8a0d5066466231f8ef7e8f53a1ae0b9df0cee984d1dd9f7ff5f63d2d43457253,2026-03-19 19:31:06
1294,1294,Virginiaw.1294@example.com,47821b1ff2581933efb16cbfb68e141775c255f6a8b379849fd772b0dddb7ff4,2026-03-07 11:57:14
1295,1295,Davidc.1295@example.com,24722024ce5ae9eaebd28bbf47858e966e19b12074019fc10c02882fe5509783,2026-03-10 01:20:23
1296,1296,Kimberlyg.1296@example.com,535076647e25cd9a51cb39c8fb61c6606e5eff0a34073dc8fc42088e076c7331,2026-03-07 17:31:28
1297,1297,Jimmyr.1297@example.com,b9e7892f378868674058332cd34e6955c84250e9867177c5d12730e116202aaf,2026-03-11 15:26:56
1298,1298,Jessej.1298@example.com,2a480dfdcf243bdf92cf790f1027e1bd2c5385c565d86254c2698a325c7cec65,2026-03-14 15:55:17
1299,1299,Gloriaa.1299@example.com,73fb1d4f0905e3cf324aff1271e5a506c9995c7dc19c59491ab04c70700b23ad,2026-03-07 08:29:27
1300,1300,Kathrynm.1300@example.com,ec76812064806e415c3862ac833e29421d29b8d42c8fec548a2298a447b879f9,2026-03-09 11:15:02
1301,1301,Virginias.1301@example.com,770784d2d18426352da97fb066c9b0b6bc0878bc85012d78be283e020284e459,2026-03-12 14:46:36
1302,1302,Alank.1302@example.com,c145e1c184b3a54e86a79bff56414d7321e64c46942a139fa2cb10c88f9414de,2026-03-08 18:40:38
1303,1303,Theresak.1303@example.com,55a79c6c37a8e92764096fa1bb55b92ff4a2662421404ae2691bb6f36b2265d3,2026-03-14 13:01:29
1304,1304,Virginiao.1304@example.com,b22b9b2d5dcc346b33f0fe29f395189d4a9786f305323e8c9f142761d06b8d3c,2026-03-17 10:42:05
1305,1305,Andream.1305@example.com,2085d7d701cf5cd9b19728e4000f7ae3cf4f665631f4ebdf549711bd4a537da6,2026-03-12 08:15:56
1306,1306,Harolds.1306@example.com,90c37c862f1772d3d4abfa4e5403b971125f125703c66186f759f7745e8cc720,2026-03-14 06:27:41
1307,1307,Normas.1307@example.com,954cb693e187ccb0e9882745e41cdce2ac4e6af54fd0309bd148ea94d9557ed0,2026-03-21 17:14:55
1308,1308,Arthuro.1308@example.com,6a4f68ad6bdbc602bbc355f977b8d17f53b0c064d6a0728953aaa4aa2c7503e5,2026-03-20 01:20:23
1309,1309,Aaronr.1309@example.com,c5194b8ea33cb31c13dfbe21ad3acb23ba666121ab2616abf28323934e89e6c4,2026-03-08 12:38:40
1310,1310,Kellyd.1310@example.com,0020ac011e356f6520ffb751527aff535bd8d710521dffc9ae4d7aef0a805a4d,2026-03-09 01:20:23
1311,1311,Scotta.1311@example.com,e398d48554915b636304e0de485a14406c71d15aba041fc17b2e2152892c1244,2026-03-08 16:55:50
1312,1312,Nicolep.1312@example.com,44b612c459f9980a77ae3fb9b894e826d6475e312f2f400025f06d3e98b296b7,2026-03-07 05:16:56
1313,1313,Amandaf.1313@example.com,25ad29db47dd96cd720af5b2f590fcb20d60e670f47e238cabbe32771b396bef,2026-03-14 18:40:20
1314,1314,Normah.1314@example.com,ff1264c3212ed6768116e305d82cb1dc2b433078f7635b36cd46bbd4aab0243a,2026-03-12 14:32:46
1315,1315,Dianae.1315@example.com,cd7830abe49e0cd9cf3d9f5c1825de24b2f26bd1d2606024ed038ef70f2b9a84,2026-03-11 01:20:23
1316,1316,Francesw.1316@example.com,3417fc8f2cd088b541dd7f752b579ad8718046ece54d990f5cd429ccba56a843,2026-03-11 01:20:23
1317,1317,Jackd.1317@example.com,a5877ed8c5eaac4c392318e524285816777c5262ba71a9661c327709d8126e50,2026-03-07 17:11:29
1318,1318,Lillianw.1318@example.com,a2ec54dbb94a07dff0cae3a60b2e1ab6f7c302f7d05b715eb4464d5fd853fd44,2026-03-15 01:20:23
1319,1319,Jimmyl.1319@example.com,715515bdfabf8d061fa1dcbe003307eabd6f495a6d8f99c0e1cc21a40664e225,2026-03-24 16:41:12
1320,1320,Mariat.1320@example.com,a0125cf4bd91951291b4f4c44db27665c37362e4287520935710a1990d66c13d,2026-03-14 10:35:04
1321,1321,Geraldo.1321@example.com,614f18ea948d8fa2a1f5a933653d13980a5396e99cca5378f43828c0c1e82582,2026-03-09 15:41:23
1322,1322,Scottn.1322@example.com,88e60ef5b1063f3d7a648ac3ad676064ed5f251a5c2a4bd4f83392143180c71f,2026-03-09 16:04:05
1323,1323,Normap.1323@example.com,e89d93874498359c0c32504f15a85fdc227f096ff5b30f617f04d0b5a1a2f667,2026-03-07 15:10:05
1324,1324,Lauraa.1324@example.com,189deca1421af406cdfad72d5029391c32580ec6669e794de4bb3538dffc92d6,2026-03-10 01:20:23
1325,1325,Judya.1325@example.com,e5355d7e4e9dd3cef4014cb2971d4f9ab2502b5d7c283c4c53d7237bba2a1f15,2026-03-07 01:20:23
1326,1326,Normam.1326@example.com,eaf5b166181879b63a36f9987c648a0dfebbbf3a182bf05787f0df37e2c33e03,2026-03-10 01:20:23
1327,1327,Christinat.1327@example.com,c0a1044b6041b5815530b02b24eae24ce889062bf1997a26e2e753bad56ef28a,2026-03-09 12:32:47
1328,1328,Jimmyj.1328@example.com,7f721143aa14c91831037cf81e0168de0f0834ea639989d3f80556bf3e4b22f6,2026-03-12 13:28:40
1329,1329,Kathryno.1329@example.com,1299d6def26b54839a403dcdc4ccadda873a881cef688698dd06c39de1a5073f,2026-03-08 08:05:01
1330,1330,Marial.1330@example.com,32483216297b934dfed69a302b9e9f1062fb0846a14c84aa1fed5f19f7440590,2026-03-07 14:19:13
1331,1331,Jeanc.1331@example.com,13c27ce6a97519d4d770a777d210fb7ef6ca873c24fb096857c5041db8c6d906,2026-03-11 00:45:54
1332,1332,Timothyd.1332@example.com,ff26d6e233436dd15e44423a65148f7c0ecfff4a43b218323b7f8f09c6370491,2026-03-11 13:35:21
1333,1333,Jessep.1333@example.com,015e9d8cb2f2df5dde7c668e5e9e9d48dc4590130769d9571643549410480777,2026-03-12 06:42:52
1334,1334,Aaront.1334@example.com,c0a1a01d880c31defc0b15e8325ab7d423400e4d59cce6c6a33024bd89a04296,2026-03-09 00:12:03
1335,1335,Jenniferw.1335@example.com,d3597c2522acf23919993f2336aa014aacabf6852e5b19edda2cae80dfd8f5e3,2026-03-14 15:17:04
1336,1336,Adamb.1336@example.com,1a33a317dae9f508b9f80b549ebf94386ebe2533382603ac309676916230f2e9,2026-03-23 16:01:58
1337,1337,Gregoryn.1337@example.com,0cae5c227e0a7fad81e67959e4ba2b3ea35dfff537c6d4f71d68e3b0c30555ba,2026-03-12 17:53:18
1338,1338,Nicolee.1338@example.com,5fcdabddc7fcb1b44159d311e52068e9120d5e5da02c092a8cb780cf13d794bb,2026-03-07 11:27:02
1339,1339,Helene.1339@example.com,dd4faf3cd63cf5f059ae7366235cf8f9b8d9068123e0f51be7c850d36cdfdbc4,2026-03-08 09:22:34
1340,1340,Paulf.1340@example.com,5f78eb0e5eef71232fe0cb1781b3c23dd1d2cef801e808816c475a2a2a369838,2026-03-10 02:40:32
1341,1341,Gloriat.1341@example.com,6c1225a7933884490777a15c13aab70a1b9fc06b13886ec07a4b9511f20b9ccb,2026-03-22 10:39:01
1342,1342,Scottw.1342@example.com,84fcd30ccf33b2c6ef4dfa8d5cc4fe699f4a1cac7244f377e2d418214ed8b9c4,2026-03-12 13:16:26
1343,1343,Nicholase.1343@example.com,803d121a13355499a93f1baa4976940ff871ee0dfbf81d316d8e40307ead7845,2026-03-10 15:41:40
1344,1344,Victorh.1344@example.com,2dc6310010b117616416df582b59b78dc63b0bd3884e3ad14dd4c21f6868cc8c,2026-03-10 08:07:10
1345,1345,Rosew.1345@example.com,5f135dcf426bd6ff8c1876d58d1980166be6baac975ad6c1d963a4ae762f61e6,2026-03-07 12:01:42
1346,1346,Phillipa.1346@example.com,5adfb0db21fddc6c7dce9bdad43e3b9ed18e70fc41cc252ed05120926ca14b00,2026-03-07 16:55:31
1347,1347,Virginian.1347@example.com,948c1a454c6de1ef7aac5a9a7a713853838b41ca48e1f5dca33f9b6d461f9c4e,2026-03-07 01:20:23
1348,1348,Nicoleb.1348@example.com,58b258313cb6f007950842da3b93ba59fb5c664bb045f74b219d8e1aca2bc707,2026-03-08 11:07:52
1349,1349,Nicholasa.1349@example.com,aa7814aa2884dc9aa5c95f50ec726fb01a3e9e4e21cb2f0144cfc1fc7c4ea319,2026-03-08 12:43:19
1350,1350,,c4a53a0f444047293652b765cab6300e50e55b267e7f7fd754f018cf5a5cec8d,2026-03-09 15:52:07
1351,1351,Seanj.1351@example.com,29820071ecb176d07457233ec068b40f3490804958171e7fe1781074da63b2ce,2026-03-15 10:03:02
1352,1352,Geraldw.1352@example.com,e71e14dab399e158771390b638858707bbee2408dc95d7efec8d84585e12e7a8,2026-03-08 09:50:37
1353,1353,Normaf.1353@example.com,ca7cda2a8c6e95443c34f2bc494f6d7ec7147a7ab880a95450c9fef20fb42cb6,2026-03-10 14:14:04
1354,1354,Normat.1354@example.com,1aaa83a899afb6c3e63fb47a3fa8fbd50b24bdf93fcc9563cdd4925e516a0216,2026-03-18 15:58:12
1355,1355,,33e211f1e4dd607d199465ce2c5e0b17bbf73c0554bfdee6498bfad75545168b,2026-03-08 16:08:20
1356,1356,Harryh.1356@example.com,fa450bad803a56d355de5997c8d71fa503f473399cd2cd4b794ae8cd0a967bcb,2026-03-08 08:12:38
1357,1357,Annat.1357@example.com,d72745de5ab517719ea364ccc14f009f4aa7e682cd596fc99045260db08d29bf,2026-03-17 01:20:23
1358,1358,,27ac7c3700756b594c51f10f91170ce82d0a04250c00ae70d701fa54e83e45f1,2026-03-13 15:11:24
1359,1359,Maryn.1359@example.com,f732572a5b6b86442984e49213f38d13e68da7c93a03a19f98118d1d0f912b46,2026-03-08 01:20:23
1360,1360,Louiseh.1360@example.com,55ff0a345e6a025cb2284983b9d4a74962920d44d8272dc1f2f9d71e43cc4bec,2026-03-07 00:47:51
1361,1361,Aarono.1361@example.com,010867a0e4c6ddaa79bcb6b594a0c7640e1275dec733691fd9c3d5a34b11b98d,2026-03-13 13:28:02
1362,1362,Christinao.1362@example.com,fab8415d63f8e62c59d2708eb5cda4afa6cb35ddd0043aefd2cc4105af73c68f,2026-03-08 12:27:32
1363,1363,Nicoleb.1363@example.com,7a31395023b417ce3cadf95597b0871902962d55a6022a89265b32513182aeb8,2026-03-09 15:18:48
1364,1364,Michaell.1364@example.com,251f8dc250315c27fbe6afa53fdd7f0364619e652ef6f402daea9e981f4326cd,2026-03-22 01:20:23
1365,1365,Dennisg.1365@example.com,755be2c80a9e49f93a46f3e12e4f64107bcc0516e9eee2bb5d8c3b5a4de8ef40,2026-03-18 12:31:54
1366,1366,Toddo.1366@example.com,be608f628a28ec327ee2e3d72a42bdc0f8f5434d4903d968a807c8f887d71a3c,2026-03-19 01:20:23
1367,1367,Timothye.1367@example.com,32c3aa7b97fc00c7ded530dba4daf6c36c06b4e1d8672c5d0c5303161e3f27fd,2026-03-07 13:21:57
1368,1368,Harryd.1368@example.com,12f875dd14178ee69cbcc471482ea530aecbe38444fcb0e17498c6ff6fad349c,2026-03-11 17:25:33
1369,1369,Kimberlyb.1369@example.com,a5c93b984a6c63a66618019cac7d8e87905937b62885885b4e4ef9047942ec6b,2026-03-11 13:01:34
1370,1370,Jimmyf.1370@example.com,3095f9dbb5324e487a153b44ea75288f1c55f496e22d8e90937f6721676dd1ad,2026-03-08 11:46:51
1371,1371,Shawns.1371@example.com,d6fe14015d3c13a3997b75faf222d2843c3630009079c7e71fc77963cd708119,2026-03-30 20:47:13
1372,1372,Mildredl.1372@example.com,400856610131d0ec22767a2e0e7c3393950d74ed1e993eab179cbae142c14989,2026-03-07 01:20:23
1373,1373,Andrean.1373@example.com,22f574b3b40278b9417ba0f49ea0176275bd1807c692e0b4b1681b8c4ee3b8db,2026-03-16 09:27:28
1374,1374,Seand.1374@example.com,70d31a37accd5a1b679aea27c89f073543b4abf16c46a0e52c64efaa71a166f3,2026-03-19 07:04:15
1375,1375,Kimberlyb.1375@example.com,36dfec3cd4d0d0971b8f327e9beab8610f181a69c6b4989ca41a7ae929df1048,2026-03-13 01:20:23
1376,1376,Nicholasg.1376@example.com,68b235f1878d5ee5f767b8628ff498c56520a6e69122ef0e16bb871802397e00,2026-03-14 11:22:02
1377,1377,Sarahk.1377@example.com,a6e0cf4f7673ba3cd194d31125c5aa44691bca8eee425eff69814e7e959a6d2d,2026-03-24 08:20:20
1378,1378,Kimberlyt.1378@example.com,589d76b0105a4d9038f9221a7795b0a20c178ec9658e9a98f34f1257dd8dcd3f,2026-03-11 11:09:37
1379,1379,Barbarah.1379@example.com,d979da2baae1348586432b5dd6a0165622c6c92e35c62aa292dbdeb99e4226ed,2026-03-07 09:01:12
1380,1380,,1c9f85c492774bdf517b1181970a86e6adee5c9b96b8b4e4aede0fe98abe9f95,2026-03-14 11:19:01
1381,1381,Janea.1381@example.com,914877c917b4864e9f3fe4faba4d2b5a5bfde7c3adf55f97167769ea2af4c542,2026-03-07 03:00:04
1382,1382,Mildredd.1382@example.com,1d91ceeb359295a6acbdfc14e52f494eed79d707e3a6e3f7fbb4bb3506ecc1b4,2026-03-17 17:41:20
1383,1383,Margaretk.1383@example.com,f7526bcfdc1b45be3273f0824cede5867193d5b8070004bb73135cc34ead7d48,2026-03-08 08:40:38
1384,1384,Amyc.1384@example.com,e7456c3ba50715822dcb12b12c9b355a21b4c9bea39dc113a692b193636639f8,2026-04-02 01:20:23
1385,1385,Davidp.1385@example.com,07da85ca981e0c541dd2db8dfa8c551d73f5f94253f99e54d4df1c200af3a8b2,2026-03-10 05:58:07
1386,1386,Benjaminw.1386@example.com,4305f38a2d36d39f21957deb17532b89e75e29dbdfcd3e825302c59bb2bc5a8d,2026-03-09 09:44:36
1387,1387,Janett.1387@example.com,d8d3a9ff1729a9f115ebe063486354a16005ec13fad7edaa01692652d84aa509,2026-03-27 10:43:03
1388,1388,Jackd.1388@example.com,e413dadb7ed1add4ba94b729c271450921989e6e9dcb661ed1c5287e9d31bce7,2026-03-19 14:21:13
1389,1389,Aaronr.1389@example.com,90e61822b99a0bb9a3d7b3bec5ae9ed2472bb8ce079812cbdac40c75a67c6825,2026-03-19 13:46:28
1390,1390,,99b6106aea1d41ab66303ea232a6a769ce6d826c8c490798933b9a3c995bd1bd,2026-03-13 10:46:57
1391,1391,Lillianw.1391@example.com,b6b90ca88016462a2666424c07a20b0953824b52ab7452bd857fc038b99c40cc,2026-03-08 15:34:15
1392,1392,Lauraw.1392@example.com,760bbff5e9e2f56474b968e26d1199a5b3c931fbeff1f3583e73c6bc68c52da8,2026-03-12 09:01:54
1393,1393,Sarahw.1393@example.com,6f8817ab6a9e12aad7ec2cb900fc6f574a8ae7ce202782a1242cc4d1c11ac79b,2026-03-21 22:39:19
1394,1394,Johnnyj.1394@example.com,bbae563551c75e69f385ccecad27b11c5a3a8807fabb6abece882850aabbb6e5,2026-03-07 12:22:54
1395,1395,Aaront.1395@example.com,7380b5bc49cf716900c66291221a38ef4fd277dd1784e050d097742f74c3174e,2026-03-19 08:48:45
1396,1396,Henryo.1396@example.com,e63afabd0fe4374d8c20d0a8c21440af1e3e54c5c43374589a907521f2153491,2026-03-18 07:53:57
1397,1397,Fredt.1397@example.com,c8f339d3afc49012ca46e0e2aa1efcd5cd22ec69c55934d313c32284bdc68983,2026-03-07 11:32:53
1398,1398,Harryo.1398@example.com,6646e0776cbcbbd680ab9306ce4d59c685d60c7fdc63198c5a5bdb8eeef0bee5,2026-03-11 14:43:07
1399,1399,Teresae.1399@example.com,7d964d00a958ea20c6a3457ad3c839f37712fdcf7ac266cd815e0f1a743fee67,2026-03-25 14:37:13
1400,1400,Andrean.1400@example.com,394b82fddbe123022bff7eed367da80e37bbd05df5ec714ec1006d1ff88b8287,2026-03-10 06:11:32
1401,1401,Mariaj.1401@example.com,e34a9c788f9d6860683cf48ab74486649604b25f4691332c702319e18a368949,2026-03-16 06:47:51
1402,1402,Jacquelinej.1402@example.com,ac152c197577b6a9d31f5cc6ed13460d3fa28c2a589512c37098e30a83dc95ba,2026-03-20 10:49:54
1403,1403,Louisek.1403@example.com,bfa7996c6bc5b051d09071e5f7c484b3b0439a61ae1de37aac35a40f41b1568c,2026-03-08 01:20:23
1404,1404,Benjaminp.1404@example.com,3f225fd85fc5113db4eec62f7e543c9640e03e29f0c3e0a3fa3f2412b3d9c872,2026-03-13 08:29:57
1405,1405,Teresao.1405@example.com,4e2e676d98e807b99ea5dadbcffe008801c431741765ab133d955f937339f86e,2026-03-17 10:07:38
1406,1406,Willief.1406@example.com,a0323c3f42f22f0049922f93bed4cab6ff81b20d87d3a83e6831a91c23a2e642,2026-03-11 18:15:40
1407,1407,Martinj.1407@example.com,18a28cdd6ad21f20ebc5fb5b139286dc547bc0720145dd3ac03e0fbf2831e867,2026-03-15 06:46:24
1408,1408,Howardr.1408@example.com,30814acaad292a3ef4a25afd1a3726df8be0868e2408e19328a563d1dbd6c332,2026-03-15 16:46:20
1409,1409,Geraldd.1409@example.com,00c17313f62f62aed0ede52f652ff6f0134d94665c98f622ee4e73fae85239a2,2026-03-07 13:14:36
1410,1410,Henrys.1410@example.com,ba54b4fbd842a123149df563d3f7472b0cb08fa81f82ac9e6edb8dd9adcc885a,2026-03-07 12:56:44
1411,1411,Scotth.1411@example.com,32542e1b4fb72a43cfe7ffce256edf7de37205fb9145558a2eed7ef376d5f369,2026-03-19 01:20:23
1412,1412,Lilliann.1412@example.com,517041a6dfefcd06491f5c3ed462d3cdabc1c7544984a2d20e5ed538c74ca5d3,2026-03-07 13:15:47
1413,1413,Joshuah.1413@example.com,374ccedad5222fc69ffaa9095a0f3956d1df7f90fb7292f6a8cddf316d7c0a35,2026-03-19 12:17:49
1414,1414,Jessee.1414@example.com,bc1fd73dcba9614ac3b1b19533f95c9ad8149e0f2e7b0d3597d02df02f17af81,2026-03-16 08:15:09
1415,1415,Benjamino.1415@example.com,24936e45b9880869775568dbdf3892358175b7f05b436040e3292297c1eac348,2026-03-08 08:53:25
1416,1416,Lisaw.1416@example.com,45cb7cc068bae0598a31390413111deaefc3d76ed7ce43c469d3b035eb0f23ba,2026-03-08 12:05:32
1417,1417,,6cffec6d01c876240e48d6ef7c7dbe9b34f14107e7fce5c51e9150c7df0e634c,2026-03-12 01:20:23
1418,1418,Alanj.1418@example.com,fb73777a6438669a6913006e9d5e22660ef95bb82d4b3fd11145cba3af6602e5,2026-03-12 07:45:04
1419,1419,Billyp.1419@example.com,dad9fe4a6ed032e1634d88f762952990f7b630844ce1ef5a7c7ad611486766df,2026-03-08 10:20:03
1420,1420,Nicoleo.1420@example.com,4dedb75293d45f73a94f8800c1528753058050e505eb644b67889f454dcde22e,2026-03-07 04:59:44
1421,1421,Denniso.1421@example.com,48dc7a12a9046bd93e4fd2d512d00bb7a37f638083154dffac31a0ebb4772323,2026-03-18 01:20:23
1422,1422,Gloriag.1422@example.com,60f01198cb86a9aac946ba08afd743a7d4eebe009d1fbcf4de05e252e3193b9f,2026-03-07 20:32:32
1423,1423,Sarat.1423@example.com,e2774927eaa576bfee6217cd496123c5f4991ba0af4ef308e9284b77961c58e9,2026-03-09 22:31:55
1424,1424,Billyj.1424@example.com,2563ea471adf400a67663a9dc628f4164934b75d2afe627da8b2be8a61c7b45d,2026-03-08 10:31:39
1425,1425,Elizabeths.1425@example.com,28ce332de116a0b9983f8fa2d044281e5d8aa4a3af574351ccd10bb741fb99b5,2026-03-11 13:57:38
1426,1426,Normab.1426@example.com,dc457447776b96fc92106851dc0fbe198d82d8663d42f01d0ea5339e4e22f298,2026-03-21 16:45:07
1427,1427,Nicolej.1427@example.com,46654ea0d20d20e3e83f51fe0a16b03e52af263a6e0f749483243c4544299c7a,2026-03-18 10:03:32
1428,1428,Paulm.1428@example.com,12db5e3344af7ac4aa5ae9c163f9ad2e264704418a5056216e234a22ec9acb81,2026-03-07 01:20:23
1429,1429,Mildredp.1429@example.com,3098419cd327767745580353496728a042e28be055f4cfcd081fea34c5df3b0f,2026-03-12 01:20:23
1430,1430,Dennisj.1430@example.com,0b7eaae7ad7f03cd6dab560579cda88a984094861b24f59b25bd9ad2e5e16cf8,2026-03-09 10:55:17
1431,1431,Lisag.1431@example.com,916c623d57a6e75ec207e9b5b7267772d6c8e92208fbf08eeab173ea586c444e,2026-03-13 01:20:23
1432,1432,Edwardc.1432@example.com,24af667625f3556b7d45498b46c752d7146f3ba493827e6dc88443a57791ba33,2026-03-08 10:34:13
1433,1433,Haroldk.1433@example.com,f8cdfadcbd3da06120c3ae0d860a9e2e9be26a643ec883725814003150bbca66,2026-03-14 18:20:35
1434,1434,Rosee.1434@example.com,52b9d210da29b648dbe224d4eeaf1fb0b5951d067448c22273fa41de4ba5a6c2,2026-03-13 08:03:49
1435,1435,Gregoryt.1435@example.com,c28a876d2f0c36cc97638a101ec1c8bd9f6c2bb134044ca72dff3dbb9ed1d7b2,2026-03-10 23:30:26
1436,1436,Pault.1436@example.com,771f2222f4c466c137e957c031b128310482979a94dbccb6c8c7612fc4fb2559,2026-03-12 14:54:24
1437,1437,Christinak.1437@example.com,b6cb16f3f1915e2148df841a3e3f4eb5c577fa3529a5352a34e263d5963a2269,2026-03-19 01:20:23
1438,1438,Phillipb.1438@example.com,9a5d5c1d1c140db5224442d89b87f8bbe55f303ba7a5e0cca8a2296088c47af4,2026-03-08 01:20:23
1439,1439,Mildredk.1439@example.com,fc7f0e1cd45cc93ec473f916b0fb66d260ba95dd653971327714837f95aa4b66,2026-03-10 12:54:39
1440,1440,Arthurn.1440@example.com,b578a5921aa1b1f3633fb68cfb9b9050cedc957702505a9798ac87b9c5df2736,2026-03-09 09:28:15
1441,1441,,149ab1875114da7ea9b7c5169faf586ca31a45ee677df4ad8a5fef68b0e41b93,2026-03-11 01:20:23
1442,1442,Frankd.1442@example.com,832ab205083997f8a40a8fdda2350d849f3306acc886a6e0208c1e0dbd3f0af5,2026-03-07 01:20:23
1443,1443,Nicholasb.1443@example.com,9b266357b38071d8d8e4fdb91e6308ffef443f509ba42ea4fa75ff1dda3d2339,2026-03-12 10:20:08
1444,1444,Amandac.1444@example.com,4c6dd531dcaa151cfd33fc2d5f78561759aa185ce29e9b287312a18f21d13199,2026-03-07 16:01:55
1445,1445,Roseg.1445@example.com,494ee9f3b2518c1ce770f5cf9dc57883ab38fd7f41897b34c86fa31a0a3c957c,2026-03-09 19:33:33
1446,1446,Amandab.1446@example.com,87c51c3993bbc68c96d7785581d7d4cdbc65c0b430b2a768530457a3669c85a0,2026-03-09 15:44:35
1447,1447,Fredp.1447@example.com,bae673cc35b73178f725f19a3f4602a5b594d795737d23bfbc658fa0f7e25e97,2026-03-12 16:57:17
1448,1448,Kathryne.1448@example.com,6c25699af28e13ad6c4aa65fe74130c6437df906fd4e6879f2e279b5705359ff,2026-03-18 13:24:02
1449,1449,Kimberlyf.1449@example.com,ae3c30171c753be431abd8307d47462b7b7c1e45c3d2f2ca410083487adac7bd,2026-03-08 17:53:28
1450,1450,Heleng.1450@example.com,1ef0ec2dd384335328e3548d8503f93010206971aae0d588f64dbf6ad0bb7f7e,2026-03-07 10:56:39
1451,1451,Dianao.1451@example.com,8f484cd222a4a69dc202e1fcc35eefa801790e5dc5d5faf1d794f6dc4f317ba1,2026-03-23 13:49:20
1452,1452,Johnnyh.1452@example.com,a5b3268130c20d0284d0bdfda0de73c13d3cf00b5e905ad21dfa524ac9fc4f03,2026-03-14 14:54:42
1453,1453,,efbc20c03ff7d2cbaae6816f85b128af9c159366d83c0fdf2929a5b513ad8595,2026-03-17 17:55:48
1454,1454,Maryp.1454@example.com,8d22a0b6eff2eb30702af922c6a37d77dc016a85ee764ad03ef1f88599c40c41,2026-03-09 02:43:09
1455,1455,Janep.1455@example.com,3332fd84b893c7721a3ea2fbc062fb51980fe1796f3879ba33370f975ef14753,2026-03-13 18:10:44
1456,1456,Toddw.1456@example.com,6892ac79dd06adf98ba047e6042fb8bbcaef6ab12757b56752f397d33ebeb906,2026-03-07 21:23:49
1457,1457,Mariah.1457@example.com,ca64a4e69c991cadfadd60ab7c9256a10fcb527bab211368aeff8026a730ec05,2026-03-11 01:20:23
1458,1458,Haroldf.1458@example.com,c472f066f320090ad7f857f099ef39d356fb43387a074d141641072064696eb4,2026-03-24 01:20:23
1459,1459,Annel.1459@example.com,39cca8382a4535a32efa2374b92742788c42b489008af31b6562f9c7fc1f068e,2026-03-08 14:45:13
1460,1460,Martine.1460@example.com,e1cf9b7873effeea254eee4f2a1d445001db106e672690d28acd177e0d243901,2026-03-17 08:14:03
1461,1461,Kathleent.1461@example.com,29dcf99ec32091533a71c472a78c5954db780f0bdd480aa6609f4c47d2964c3d,2026-03-10 17:17:34
1462,1462,Gloriaw.1462@example.com,28180ebb5550486b625da3c6fdeaeebb1645e52ee31f314b78e4e42df5c62017,2026-03-14 09:38:47
1463,1463,Aarona.1463@example.com,f9812facb1accd31f51e8df11e4e890912e0bea274fdd069220efc5945eef881,2026-03-08 13:44:09
1464,1464,Jacko.1464@example.com,4b8b8fc199a196c48b3b131f484e7a2fedaa5ede98218e7057294ecfd49c3ad0,2026-03-07 12:28:06
1465,1465,Gloriam.1465@example.com,394f863e2b11b307447c22234718325ae4650dbb4da0c26c3d4e775c5769be19,2026-03-10 12:54:41
1466,1466,,add719ef84c8d41b41036a1cfe1ed89a60bf976396853949cfe33dfdf60a4ebd,2026-03-07 01:20:23
1467,1467,Jimmyl.1467@example.com,b7bfee1f17f4528eb262ef6bfef572ddcf8fe180456e7c6c834c081734bbd634,2026-03-08 01:17:55
1468,1468,Pault.1468@example.com,50bbb52ba5ab8c9f4f45457e624500678be841fe6b9f9713d4b87e97ded8c715,2026-03-07 01:20:23
1469,1469,Teresaa.1469@example.com,f039d8864ff253bf85a6163f172b88d690176f82e5a28eb52591fbd9ea46f8df,2026-03-07 13:12:51
1470,1470,Normar.1470@example.com,d0058cc503a29efdb0ff578f8e44cea6daa33a816c10d0e6cedb3309c37bd5ab,2026-03-23 04:24:05
1471,1471,Judyd.1471@example.com,0d98f0b5e784a6f2d6c18d569e06bc96a3312f5e25776e7b66af0e6f08b7f257,2026-03-09 23:20:32
1472,1472,Martinm.1472@example.com,cbd5c628369d774264d26314ed449b0f08c0c76969948ac93a1c03fe339724f4,2026-03-14 10:36:06
1473,1473,,68f6c1aca327e07e66e2f18a673b14ad3c35a930918b14e6c763ba56d2c7cd91,2026-03-18 12:44:06
1474,1474,Rosew.1474@example.com,87d742da15003a6997768b533704dffa896ed4d53e45b8fe067a5182b85f65d3,2026-03-11 07:16:54
1475,1475,Phillipl.1475@example.com,a6b5085d7543dc13370cdb8185506e516430dbd4ea219fae60fdbdabbc759d37,2026-03-18 01:20:23
1476,1476,Normaa.1476@example.com,fda3473cc984646c568b973abfea9c12dd0a90456c8ab529bb4b40c91bee79b2,2026-03-16 09:21:58
1477,1477,Theresaw.1477@example.com,3857700b001350efabc00825c26f14283603b8ae3b6acd1e8406d49fcd9101c0,2026-03-21 11:49:58
1478,1478,Davidf.1478@example.com,a04c94e8b0da6151f31bed15cf0368b822f0f9274142614114cfb5cca77e48f1,2026-03-09 17:51:20
1479,1479,Shawnl.1479@example.com,86dd3fdc1f448ceb436ae7a49151158007a65224ef0e08ed7b7b66756c98c117,2026-03-21 11:36:07
1480,1480,Virginiam.1480@example.com,21476cad114e5eaeb0bd493ca0226e460404641b3bb343db9c2acc0f87ae6f1b,2026-03-08 13:07:04
1481,1481,Mariem.1481@example.com,e7ab5736a20fdd6dc2c7dcef5b12e8545beef658583a2e3c0f46cd2f9cb55646,2026-03-21 12:48:09
1482,1482,Williej.1482@example.com,44f4dd5ca7ee25ed9560b7d3b85aca95c4e3a2d0e810d98f267def41718fc529,2026-03-10 11:27:13
1483,1483,Jackb.1483@example.com,5a730d92e3e20c7f6531782b87b844d6a77d9d1763d5565fc0b26bca67a61e9c,2026-03-10 12:24:43
1484,1484,Franko.1484@example.com,f8bf8d753c57d0a6e190885e158960ba3caf72c7cb03df00a61de669daf4b0fb,2026-03-12 12:14:33
1485,1485,Timothye.1485@example.com,b03c11e70594eca91c494d8cefcb4117cb83760fe67365b21e1d49ae6a5243a3,2026-03-07 05:38:16
1486,1486,Harrym.1486@example.com,0ed3707feb0d0a4f70beb9b7cf0edc9b26f0d1d32991cbed7a6c55b3353c51fc,2026-03-16 08:12:03
1487,1487,Amandae.1487@example.com,1fc77ceb71b1816c6db19c563499bd95ec499768e8f7b90564fc99cb015282cb,2026-03-15 12:32:12
1488,1488,Phillips.1488@example.com,f499782ccd613d15c050e83895457c5848bab5a8134c8a91030d006ac94c057b,2026-03-09 06:26:27
1489,1489,Jimmys.1489@example.com,e8a7b3e4c877d0293f41d9904c47fd02b5265d28ce69eb3855372cd3358ec573,2026-03-15 06:51:48
1490,1490,Louisek.1490@example.com,ab0a6f26b9ba3cb24e3a3e0aaab7daf096788e211553cdc4d87d7c043d869e9d,2026-03-09 06:48:50
1491,1491,Davidj.1491@example.com,0238b6784b47bc5e102a92394074b0364320bdd7432a7104aa4e3e97531999fd,2026-03-12 11:12:35
1492,1492,Jasonp.1492@example.com,254e2444ba526e8c20d3aafd258ef2457a22ca75e619021d911cc1c0730f6849,2026-03-07 21:11:21
1493,1493,Arthurw.1493@example.com,d57cfb0683d553dd62d919533a8fdecec1d3a7ae43cf5922f6fcd1657ceb567c,2026-03-07 09:29:33
1494,1494,Steveb.1494@example.com,1cfe85856cc875a0929050148a9cf731a2f4f40f55930b325d301c4f6ce97f4f,2026-03-15 12:46:21
1495,1495,Shirleys.1495@example.com,dd1ab318d1d6b1138a056a87543e27d0bc77c28c57f9900b399946fc1f32af84,2026-03-14 19:46:15
1496,1496,Marye.714@example.com,fbbf877f94d0bcca66edcf96619e2822e85b5c5f1d91a7f0c09136c6c56924c0,2026-03-14 12:09:47
1497,1497,Rosec.1497@example.com,0c94c035fa26eb6a2f6f2f042e7b3d75064d3b78cd837cd50baacd25c5fcc390,2026-03-28 14:48:31
1498,1498,Adame.1498@example.com,39495f8652d18c7585f029362ac6ffed5c9876e80b06427a826861144e84552f,2026-03-13 15:02:30
1499,1499,Jasonr.1499@example.com,b08fd439e9766d252c7f8d710189d60c71bd7404a6fb9284981fb8d28e80f464,2026-03-07 09:50:07
1500,1500,Anner.1500@example.com,4fd43877997c8d8a25cab51762e7bbdc214e9e3887f618868b35dc4dfb74ca06,2026-03-21 20:36:56
1501,1501,Judyd.1501@example.com,f6a62877f240281650980ab51a6b057695960d697a5009689714d2026dd07374,2026-03-28 10:06:30
1502,1502,Adamd.1502@example.com,40a80e98b76f195db6272e67e7ae3b12743eefc42d1db22e2952963720c5daf1,2026-03-08 11:09:15
1503,1503,Gloriaa.1503@example.com,9d9a1b41c84787f5df4df0090ee86a783d322c1725af654f00e857a2274cbc67,2026-03-12 12:44:45
1504,1504,Joshuaf.1504@example.com,c4160489e4ec73bb06741dca652db8d90cdb7d7f7662bbb38eabc273b21fc068,2026-03-10 01:20:23
1505,1505,Fredr.1505@example.com,c2cfad7e6325f149b8483377dfb59712fe9b787420f5df3928ebf8678eb0a3f8,2026-03-18 10:58:34
1506,1506,Phillipw.1506@example.com,ea533d2076e5a51750e80a100c86fa5005b359b30af749c41ae9c8921cd1e34b,2026-03-29 06:32:35
1507,1507,Arthurk.1507@example.com,55a3f1d75993bcfafb70b02f54c7151603618dd42354a1d97260dc16ba7ea888,2026-03-12 18:42:47
1508,1508,Joshuak.1508@example.com,d9cceae27c6ff721e5790fb0b4475e00743e7852563567036e044f6fbf14bf75,2026-03-28 12:11:49
1509,1509,Helent.1509@example.com,68cb0af48ef69159ff22d469a9d7620371c4e6638afc4726c4bb439b65b5c169,2026-03-07 23:20:13
1510,1510,Lillianc.1510@example.com,8e079b0285007aaeb2ea09e30a4145326f5f381acf3ad2372758e4c1df55fd18,2026-03-21 11:59:39
1511,1511,Toddj.1511@example.com,423e1de3ac3438d6ccb560906aa3ad117b35f669c28428cdc5a2d381f19c7559,2026-03-09 12:58:47
1512,1512,Geraldt.1512@example.com,edc4909e0fbfb30d607835fc191c9b6e06210501d287669af2c3b21fcd3c90a3,2026-03-12 00:49:41
1513,1513,Mariec.1513@example.com,5cbd3c66ce5876535ee808bc5feb503eabb77c0c8e9b966c7e7f9028a9c0462e,2026-03-08 09:24:21
1514,1514,Dennisl.1514@example.com,68da453e493146351853d12ace4329ae434b5f134d6543a0f7329b096a2570b0,2026-03-08 10:52:29
1515,1515,Francesd.1515@example.com,458214feb46a33d3615bfe5065c49b32bd52b44cf1aa9d8f6acda5445953691a,2026-03-07 17:39:20
1516,1516,Virginian.1516@example.com,a65cc4cd16fd5e9e96fd237514a087debc1911c16fa4054bef007673a29835ab,2026-03-25 01:20:23
1517,1517,Frankw.1517@example.com,ef8fa1b86750f8fc339c0038dd87bcfb54de33689b4d1f00d79a5e1ae84c93a5,2026-03-07 12:25:45
1518,1518,Willieb.1518@example.com,08cf810169ca57413f956a81d1353c327506a70c1c01596ec2df07c062b5f677,2026-03-15 08:58:58
1519,1519,Jessee.1519@example.com,b1861b47171ee68bc064d7c9b045fcfdc9e1766ccede312d49d55ae4e9d53e32,2026-03-11 18:15:44
1520,1520,Adamh.1520@example.com,488aaabadb226cd1445f401f43a22cc40d6f9cd8e62dec55da065b01ca292860,2026-03-19 01:20:23
1521,1521,Howarde.1521@example.com,dfb835a8423ccf69a8a051286a0ec383189bc9bb195d6dae06357fef3b1ded92,2026-03-14 12:14:39
1522,1522,Andreak.1522@example.com,608251aa004900b2bfc7399c5d29cd000d693bc5a15fa87ebe4501af95054ef9,2026-03-09 04:34:48
1523,1523,Jessem.1523@example.com,514c7994d4b787946744587751084a36a0a12b8e3c8fa7960271aefa32339153,2026-03-13 05:15:56
1524,1524,Victork.1524@example.com,1a7ed35e9e0ccc16a57644e7c7c653b5287b9cb47ace4a6b9ed07a3fce408e34,2026-03-17 14:13:59
1525,1525,Amyn.1525@example.com,9cc2b1cfa130eeb4eef019973f3c33926f335d6a73b32ceb5097e58073976dd9,2026-03-16 13:09:28
1526,1526,Seano.1526@example.com,1554ee1c62833666052b9c4cfccdd811f91bbf8b3788ab08b401610bacfa6f7c,2026-03-14 14:23:00
1527,1527,Shawnw.1527@example.com,38ee8a8b7449625bddff8c90e9298655a04679cbc67a16520a189c085b09ebb8,2026-03-15 10:31:37
1528,1528,Adamg.1528@example.com,848cef76a070fc784ebe396ce3570937b72fd641ba87eeb821b7b15f270df790,2026-03-26 11:55:53
1529,1529,Janeto.1529@example.com,c0c3cb5c89c1ad61bd2a487e22c801083afada4c1c462006dcf842ef2d3dfda8,2026-03-19 22:18:31
1530,1530,Virginian.1530@example.com,6f5f9df52f9b7e971bd9000a9df81636df936f6d4284c623f45730c0e41b0f4b,2026-03-12 09:48:20
1531,1531,Margarete.1531@example.com,ed56c92c1baeebef95dc725c39d2e79e6dd1281212c154e0ce42964df9ed8c8a,2026-03-08 14:11:31
1532,1532,Fredr.1532@example.com,626eb2d3f09792bc405bddc2f32ca0f0d16ee79464f160be857cc95c19219106,2026-03-07 16:49:39
1533,1533,Benjaminl.1533@example.com,6d3600a5a78d6b68fd45cac4c9fe78cc92eb00d2d46f19381235a0ad2b49ddb9,2026-03-28 14:32:21
1534,1534,Kellyn.1534@example.com,8bda05d436b1b664647a751a98f64acd2b7753452efbb7b7b2f07e4be52047d1,2026-03-07 12:05:11
1535,1535,Howardl.1535@example.com,1f5d4cf11ecae4702f9d8d8327073358f94ab51354a9a92e24f52e40f8fa079d,2026-03-08 14:06:57
1536,1536,Saraht.1536@example.com,45c42475aae6f8d7802f6f25705dfb59d4ad718eb2d3a9bf12292ce15d07f2f2,2026-03-14 01:20:23
1537,1537,Adamo.1537@example.com,a3bf21bac745d5cf2ed2b6d2a2908de9a4d6c3648f02f301a384c5640cc672df,2026-03-11 10:02:22
1538,1538,Brendan.1538@example.com,c8505e4b4cdaf75d02d2c2fc9c743db58238e3205fbebf41c4f3fc34f54b44ae,2026-03-07 01:48:07
1539,1539,Virginial.1539@example.com,340737cdb0866bf31bf167dac7fb5ec63ec2e175c4d68c2e52eec18acc7ec844,2026-03-12 16:44:13
1540,1540,Nicholasr.1540@example.com,78d4b60ed18be413d2ffc34e4dba0a5fee9189107999c2a8bc5f351cc459e093,2026-03-11 11:22:13
1541,1541,Katherineh.1541@example.com,e8b293370637c71f24f247753d3a0dd355c816a83b6cf2f17aa33a5ed5fd7846,2026-03-20 12:37:23
1542,1542,Annas.1542@example.com,645dc35c28658140cb5f0487ea93d5a2bc735e07f4b6aea269f014c3c27dc8df,2026-03-14 12:53:51
1543,1543,Kimberlyn.1543@example.com,d409599679befede331b30e644ec0b5dafcb72d29869e68967ecc65d48249646,2026-03-18 09:26:53
1544,1544,Davidg.1544@example.com,b1209fd53dc99e1c554b42a9da011f4d8894850ee0326dbe9eb843fc8a6333c8,2026-03-09 14:47:16
1545,1545,Judyd.1545@example.com,348668b858239deeffcb1ea00784761a7e17bbe14b7d85b4034693604d5c6044,2026-03-08 11:43:23
1546,1546,Edwardw.1546@example.com,d0eb3c3cceb7860890e89c2f532519e2893e216330705e3a3a06c1c02cff61e3,2026-03-08 01:20:23
1547,1547,Timothyw.1547@example.com,12e480ac63e80145ba029c20a895f5d13e5df637e05760f52d52a61a8fb6861c,2026-03-26 15:44:05
1548,1548,Williem.1548@example.com,c8772b09ce5710c76163bd9c174de173190169427b18ca70ef9b9becc35313f9,2026-03-16 12:24:05
1549,1549,Harrym.1549@example.com,ac35ef795d0234c5769b393c60eedb2487049463fc17dbd109a30a4c921d76b2,2026-03-11 01:20:23
1550,1550,Annan.1550@example.com,60cdec61fc0c810673ffde85eab19efb1b8ee6b6dd1b14417ea14fc860ee90ab,2026-03-11 06:49:07
1551,1551,Janeto.1551@example.com,1ae239ae72c14e458600e455ad064438acb4f2bd3f5c1094eac5fa2e25311cf4,2026-03-11 14:10:10
1552,1552,Howardt.1552@example.com,b42096eeff318dd5115ea86725afadbadda070993129bb490bfb54ff8829e420,2026-03-09 04:22:21
1553,1553,Margaretf.1553@example.com,003c8030cdf06ae698acf0f8a38ae353c9c9ec1a19d48c866e3dab6e250c46f4,2026-03-11 17:13:18
1554,1554,Jenniferj.1554@example.com,dcb08ed14e72c3e60d1f55fac5a733fbb73088922440e0c20857cb36fa2c12f1,2026-03-12 14:36:47
1555,1555,Victore.1555@example.com,b82beb50161cc818cbb71b78fd1c598f3b73e2ddb69d7246b994b3167343b069,2026-03-11 08:41:04
1556,1556,Jenniferm.1556@example.com,07a132e49ee9bf8a3a1a37ff85b49d150db7f18502d5eb3b005ee9f01e76fe94,2026-03-09 10:00:03
1557,1557,Kellyf.1557@example.com,95accc0e796d90442c46b6d7eeacbe06536eed5b95a9e344cfeac4fbb5dd0df1,2026-03-15 01:20:23
1558,1558,Kimberlye.1558@example.com,5e591af37ff588cf421c39bcad24747340a478eb5ba0f6f7262aa5bbfcd06b5f,2026-03-19 01:20:23
1559,1559,Gregorya.1559@example.com,df44a8f01df7ae83120edc14b64e57c6c2d6048a173bbf297397eb1f6ffd259d,2026-03-08 08:40:42
1560,1560,Nicholass.1560@example.com,e2b8313af6aa40c77cc5534d721224c8eaec15d7a22536a0ff16862cafc4bd85,2026-03-10 10:47:33
1561,1561,Fredl.1561@example.com,a13bc4efb0fe460b5b06a9f1ab2cdd44d97837a35f63b4682460563cd8a30c27,2026-03-09 12:14:31
1562,1562,Stevef.1562@example.com,60d9176b87146a88a45fe85cbd614cc63361e94ca68d3ce201d707281f89f8a6,2026-03-15 10:44:48
1563,1563,,76093caad4bb2f32c535bfda19d8aa3f12a0091b5033143914a1150456dccce9,2026-03-13 00:25:06
1564,1564,Adamm.1564@example.com,6781059e85b7fd052940b58b6effc702ea5e2a062bc1852d38ba51dcdb4eae03,2026-03-14 12:14:25
1565,1565,Victord.1565@example.com,575e3deec153a1151c652901b4ac491ea789fcfc47eee4bd7a4b251bc1c4572b,2026-03-08 08:19:19
1566,1566,Toddd.1566@example.com,45a28009acfa227724b129237428af6b7c19ed07bd656a5e1ccc33f6e186db91,2026-03-13 12:36:29
1567,1567,Louisea.1567@example.com,f808706b983145d77eabb0b4a15d4e12999e16778ca4806449cdb314572ce68a,2026-03-15 13:56:34
1568,1568,Theresaa.1568@example.com,49350089688914efe68ba77f8839a538123e544bcb27d37dae9efc78ccf59340,2026-03-09 06:58:12
1569,1569,Lilliano.1569@example.com,49903f8c28a02b852836ed8e0c693be6adaabf4c31fcc64ed8de692cd816fbd0,2026-03-08 08:42:23
1570,1570,Victort.1570@example.com,944295a91448d2e3d6aea7861bc1eeded72cf8c48cd79c70382727e27f19538b,2026-03-16 07:37:31
1571,1571,Jimmyh.1571@example.com,69bf426ecc7c1d6fa8e23c8e3118b488c254d1a76f26792e12ade3adcc9ef068,2026-03-07 05:05:33
1572,1572,Benjaminm.1572@example.com,6f72aef1c7f059d5abcba8c50917de76159c428e8515bd3f8d7d961d6d4f5e6b,2026-03-23 01:20:23
1573,1573,Theresae.1573@example.com,561d5ad67349d05d143fbd0494a1d4a9001fd5f8ce9c18cb7ef097e99461cbc5,2026-03-08 11:03:00
1574,1574,Katherineb.393@example.com,64c277f676cb6c1acfe4fd012cac189bf65893734758f03b9061a0e945f3c2b0,2026-03-15 12:32:47
1575,1575,Sarahf.1575@example.com,88084548d078c8e878a0209a128b7ef17eb3c0f7d3c6a88debd4acc3937cff9a,2026-03-20 09:10:24
1576,1576,Geraldl.1576@example.com,f143c9904da1b768ac38d5a48fe1111265cdf8fed6a20e0e15f5ed12dd935468,2026-03-08 11:42:04
1577,1577,Johnnyb.1577@example.com,2c6b1aeb6e5a2dcde0a676f78040aba916fef301372e20fceb41e52daddbe063,2026-03-18 13:35:10
1578,1578,Jacquelinek.1578@example.com,dc335ba30699c3668b6d1f9b9a10e878e7b12004ab1b4ab85319b30b4cf5bbea,2026-03-18 16:40:46
1579,1579,Michaelb.1579@example.com,393d6f814f2d5bc4748e824d1b3226145ae7fe268bad51e7e599de4ff120b88a,2026-03-09 20:01:29
1580,1580,Annag.1580@example.com,63038de8f2b41dad2cc68041fcc048027c460bacaa4b5978d13d5aee447d1b81,2026-03-13 01:20:23
1581,1581,,7ada99b4f6c21eb48527ab65c158bd676efe98c1232215db99115e2ba3bc3eb8,2026-03-07 20:30:05
1582,1582,Timothyg.1582@example.com,f7159791572a69174750f0cff29554353416b80d12426d7a3aafc66cdacc2a3f,2026-03-07 01:20:23
1583,1583,Toddd.1583@example.com,9e4afa9ebcc39f88a0ff72c02792a0d5f35d34aba9cba65e29d50ddfd3f3a88d,2026-03-12 06:43:46
1584,1584,Arthurf.1584@example.com,b73f0f1b1119b1bfa0beeed7546129b997c03ed11767937a2c03ded1f04707c5,2026-03-07 09:01:07
1585,1585,Lilliano.1585@example.com,de02bd19c7cb3a9998e2f6d0fe77a43a879e57471ea5c3859e512ff489d31ed5,2026-03-14 12:11:08
1586,1586,Shirleyc.1586@example.com,3d4751e96dc0507196a60e86ba3643952bfd5a707cd7f2efe491dc4b76ae1ce2,2026-03-07 13:29:29
1587,1587,Jasonj.1587@example.com,b502f019946edfa3883335783ed87480d27644eb842b42ddc4d5c1e45595dade,2026-03-13 16:11:33
1588,1588,Jeans.1588@example.com,58ba7369a22affd804492467564ce57661581e429b57043636a96daaa0e56c2f,2026-03-17 01:20:23
1589,1589,Adamt.1589@example.com,d0e7c8f19d7c4f8b5d454399a9be18e0bd00cee40c3091776b0b84a53c264d7d,2026-03-25 13:27:14
1590,1590,Janetl.1590@example.com,dc626c72c573042c375aa7b5c3aa38525dbce3f47a47737e0541cdfaeef9e45e,2026-03-23 01:20:23
1591,1591,Mildreds.1591@example.com,b99db5aef59c5e639189f007deecba77c81c6dde259bb25e2274997600e1c1e7,2026-03-20 13:05:29
1592,1592,Andrear.1592@example.com,86da3d09ab78ea072a679137379296a24ab7591d35624f4dc629b86a26bfe144,2026-03-15 11:29:09
1593,1593,Dianaw.1593@example.com,f64cf2336d613c2f2930139529558e68bfc6009df7f8b34c9cec8463d692d51e,2026-03-10 08:59:03
1594,1594,Kathryno.1594@example.com,68cba310ac0dda07a0f0c62f4eefcd1e73a35a26fe0f4e4f166986506dc3b046,2026-03-10 08:28:36
1595,1595,Lillianf.1595@example.com,eeb1a59a4d9a139d4999b2526da631e8cd038744b5adcc34f131a96bc5178d09,2026-03-25 11:50:45
1596,1596,Kellyk.1596@example.com,d886aa708f299982428d029b6b0fa1cd2d882956d2fd589d52bd0cd43768e13a,2026-03-12 14:06:17
1597,1597,Nicholast.1597@example.com,8707409195406bca266ba7bb98fb10d397a02668eed8802349a20155919ee6bc,2026-03-15 08:05:40
1598,1598,Annep.1598@example.com,a2fd771ec70a4c8472ca04d58238bbb085c1961fb3d8e5f066e8191b0d3c205a,2026-03-13 12:49:43
1599,1599,Anner.1599@example.com,56fdb4e6cebe30e394cc05bb7cd2ab4ac46fc4914af11f8b2017e969bcc37812,2026-03-08 05:45:39
1600,1600,Kellyo.1600@example.com,68840cb2995266fcde0af8c18e751c86018d6eab81972075dec50ebb001820fc,2026-03-24 16:58:04
1601,1601,Jessej.1601@example.com,921a87f42c74b8c851389f7e8d6fbb2380079952cdeac1329d0b6f9a2fd39cc3,2026-03-12 05:18:23
1602,1602,Gregoryf.1602@example.com,44a3bebbf2a6f8602b274e3b26561f86b35f69f9bd6a92be3625de9b49efc284,2026-03-08 01:20:23
1603,1603,Judya.1603@example.com,b47a468ab1e2f8ab4d139f8e182310f44cb1a84eed2b126cc7965d7061e6db04,2026-03-24 09:20:52
1604,1604,Saras.1604@example.com,33b2105bd5abac799c96e72a9267ddafaad54d785ce8bf946598215484e7d0ff,2026-04-06 01:20:23
1605,1605,Jeant.1605@example.com,0c63e5291fa4d67bcfb030fd9dd0665f41137f8cbf6c937966f297bd702f0d7f,2026-04-14 19:55:14
1606,1606,Michaels.1606@example.com,e67d3c8234e6852e7c6771e7ddedfa999eb41c1783c16d836cc41b7654dfc907,2026-03-16 01:20:23
1607,1607,Todde.1607@example.com,b963883093a468f8118e0c093cc80ee04f24e3a672e152919a031f5474908889,2026-03-13 01:20:23
1608,1608,Marieb.1608@example.com,bc037d5b4097f98ac30fd52f0118a50614e9af0962169649830f849d62d89e21,2026-03-16 13:02:35
1609,1609,Jenniferk.1609@example.com,d783eab9504ce3c26dddde1a493938227ebd90d06facb026e771e243e51c871d,2026-03-14 01:20:23
1610,1610,,39b1b601ecf59a6e3ab8f25919f2adf0503a02fe25d5b7b07a900f121dc1067d,2026-04-04 01:20:23
1611,1611,Kellyn.1611@example.com,aa0d6f58976f51194baffb63f28f4cdc7dc41719fd2be37e4ce999ea4292816e,2026-03-17 01:20:23
1612,1612,Kimberlyf.1449@example.com,b9278daabd984606ae6c5ef36107e92993c77779e6cbb3b48d4fccd33d9574f7,2026-03-16 07:05:30
1613,1613,Annac.1613@example.com,1a93f4cfcd3cac1f107e713155b71963942a9bd9fe3ab502b948e2f6d026c754,2026-03-18 01:20:23
1614,1614,Saram.1614@example.com,59bdc3561112a44d56a4de8f9abc03df3b5b4f51007a586647f3842e3bc587c4,2026-03-12 01:20:23
1615,1615,Joshuah.1615@example.com,9808194a6f487ed31ada41b5b22311ea5ab7bfef72f2362e8953e4a58aa82b9e,2026-04-03 01:20:23
1616,1616,Todde.1616@example.com,0b22737cab443321c604cb2b3929f5da713cba31da0f97017d89a52db75bf261,2026-04-29 01:20:23
1617,1617,Janem.1617@example.com,43d1b67403baf902579840f58a6474954beff968788ee77cc5c96304472182f7,2026-04-28 01:20:23
1618,1618,Amandae.1618@example.com,9972b834ff30f7dedb8bdb58b28db3767831193ee03819935410255c022e0d06,2026-03-09 12:03:29
1619,1619,Brendal.1619@example.com,15f8731167b38348ee0d07786e5ede54190e10b496f67a37949c87ee68545ded,2026-03-08 01:20:23
1620,1620,Nicholass.1620@example.com,c542ddffede2f24b95578557939a5f32e7c66e2c83cd9a3781791e967e25a2a3,2026-03-31 14:50:50
1621,1621,Aaronk.1621@example.com,84f5557d6dad0880bd9931bda8dd91f351cbc58959f6d3f55360349eb91fb1f7,2026-03-29 01:20:23
1622,1622,Billyj.1622@example.com,91ac6c099eee6617379505c65881d524c439eb2e7ab1768ef4e6d3e2269e17e4,2026-03-28 14:14:34
1623,1623,Barbarac.1623@example.com,8d00242a9b6ea6c54d4bcb7b71628dda0eb808e6acf705248ae2875183762fe7,2026-03-15 12:14:25
1624,1624,Andreao.1624@example.com,b76faeb08da54fe5e2d334094ce8904a8b4fb8097dda65a043ec0748a1572241,2026-03-27 14:49:36
1625,1625,Janeth.1625@example.com,402acfedd5e6d8a6a359b8f5ae53734bbf27678e2597069f42c9e2dab7e43b8c,2026-04-24 01:20:23
1626,1626,Teresar.1626@example.com,e84c2f606aef20d0b08b7e86a0947ae3a6218a5f025503038189dd8f910ec780,2026-03-11 03:28:31
1627,1627,Amyj.1627@example.com,84612d64426549281e10f77e1644821c5a6fb888f11a571e66cbedc7274e0b5a,2026-03-17 01:20:23
1628,1628,Arthurn.1628@example.com,167593e7be33774481a1a6ccc03562d6b4a495c7e13bc84c36b489061061ee69,2026-04-20 01:20:23
1629,1629,Brendap.1629@example.com,f8a9ebce60c8019693896c6840c4013c4028f7c47af65f34e4b2110fef9de2e9,2026-03-21 10:45:25
1630,1630,Howardw.1630@example.com,32cbfd56026b4e76019c8c691acc0b81bb0a71d982593c4edc8bea2d521eb604,2026-03-10 01:20:23
1631,1631,Jessen.1631@example.com,7e17597f71b46761ac8236b2ebf928c1527c65faeb6f231e04d22035941093e4,2026-04-08 14:39:34
1632,1632,Michaelr.1632@example.com,22402f8fb6c737a89fdbdc89109ce6d37287eee32977e8a5f740b7a11c5fa77c,2026-03-29 01:20:23
1633,1633,Frankn.1633@example.com,2263b7bbd6de80a65785150fa037aa209bbba01be2bffa0dbff457f1a2d56078,2026-04-01 01:20:23
1634,1634,Kellyn.1634@example.com,08260ec0320b75e77eb0c0c573065ccb52ffb5959e47b52e27f4be383d0733c3,2026-03-31 01:20:23
1635,1635,Thomasn.1635@example.com,0c83b530e978cef5499a3dc24e0e4701d1327281a8b20d2ca1dd745cc25c8183,2026-04-06 01:20:23
1636,1636,Theresam.1636@example.com,1c97d9ca5a65b2112c159f7150385951e4842700e8bd6d490c95334c4742612f,2026-03-30 06:40:47
1637,1637,Francest.1637@example.com,5a669869bfd8fc715698d54eb913de02304fdc8c0aa0f937ca38ad3306fb2e5d,2026-04-26 01:20:23
1638,1638,Nicholasf.1638@example.com,c5028ef8e0f2b8c6e5bfe2a2916ecd7ae40f3e3d46dda232d738f06d70435e5d,2026-03-18 01:20:23
1639,1639,Arthurc.1639@example.com,754e171b19fc44f5e7fa95ef54a4e12e775e2d1c7d18ae5bce51245d92ac8e3d,2026-04-05 01:20:23
1640,1640,Stevep.1640@example.com,ebc0545d2502a990000ad6c8253f3b77a87dbe2c1ace7a4ba72e2bc858c62803,2026-03-23 01:20:23
1641,1641,Barbarad.1641@example.com,1cd6fabbc6bf9eadf34d9d46647e36649cce2914aae241ccbfefae03e7492ab7,2026-04-16 01:20:23
1642,1642,Michaelh.1642@example.com,57335cc39c0a28f484e97e362c84425f411861931906f57a5a274a487627d72e,2026-04-22 01:20:23
1643,1643,Normaf.1643@example.com,96be092906f281e3ca8cac7c5e6646fb8f656600032271498fa6b552b0f64f77,2026-03-10 01:20:23
1644,1644,Mariac.1644@example.com,37ebac506112b6e9bd95b82af9f6276deaf826d48361cdefaf2040d71d9c6d33,2026-04-16 01:20:23
1645,1645,Jacko.1645@example.com,c0bb7956747480eceddf008a8972c522fbea3ca2198bde38aa2fbd7931ba9fd0,2026-03-20 01:20:23
1646,1646,Andream.1646@example.com,d7ab846f88e0fc082fc274848c7dc579a3faa0bc93fede0473b3f59af10e1cb3,2026-03-30 01:20:23
1647,1647,Kellyc.1647@example.com,6335dbd0c1a12efcf1c1bffb6c5df9aeda38c7c301dc784ca429c3bdb2f1c674,2026-03-25 16:12:47
1648,1648,Christinaw.1648@example.com,45f19aff988084c6d71273ad47335a026066a6489f51753418de87674126ea91,2026-04-22 20:48:55
1649,1649,Geraldf.1649@example.com,04c4831050f47e097b06c8b796cbfb3a9c42a07863e51e56cb474e84c2150a27,2026-03-11 01:20:23
1650,1650,Phillipm.1650@example.com,e2797924f513dc58b2291415f5e9b52c180b9658d185b9acbb833f584d282623,2026-03-10 10:24:44
1651,1651,Fredp.1651@example.com,6ff05a0ac701f817cee912de93e10fcb35a81c05a7132b47485b9951edba99ca,2026-03-15 06:30:01
1652,1652,Mariea.1652@example.com,4dea291b63d88c05e9bb3d612a10e035ea86760e17271a734ce0c96ac2894225,2026-04-08 11:09:38
1653,1653,Amandaf.1653@example.com,f7499b474f3983df8652a1f63d2a141ebe0834fdb28de88c879d84a0c39f8ce1,2026-03-18 01:20:23
1654,1654,Francesw.1654@example.com,c12d99486d025bb01b06e4df19eaaf32852b9dbe01ec391b1874034f117371a9,2026-03-20 12:07:53
1655,1655,Gloriaw.1655@example.com,b89de27483d224a6dfa24ccddea1a01231eba659fe73f9b33784b38addb5ff8f,2026-03-20 10:05:07
1656,1656,Kathleena.1656@example.com,f8a184ffc192b06c3bed63ed784bc573c4666cf921fada21fd001d3db008cb16,2026-04-10 14:56:54
1657,1657,Jimmyd.1657@example.com,bbab59d3c393aea5ef2452b8366d2cefcc7fd9cb002fbbcfc3ba491eeb53344e,2026-03-07 13:53:56
1658,1658,Fredm.1658@example.com,5ab3968971fa68ed4a03e6032513dca37832de369245c71bf58334045b95a869,2026-03-11 10:37:19
1659,1659,,0f3c27ff50c4cb7c5f4b520ec8ab6260e9628be2451b4d2cbf6dcea444157b1e,2026-04-11 01:20:23
1660,1660,Benjamine.1660@example.com,d450d56fd3145a944381853f37921000a660007aa053c24db96caf23354f23fc,2026-03-19 01:20:23
1661,1661,Jackn.1661@example.com,e5e61f4f88dc59a0055bf4701bb5bb82bc9e84dba57fc868585bfc30ebf4e1be,2026-03-17 05:26:33
1662,1662,Joshuaw.1662@example.com,65a29f290663a232718bd99e1b6d7be09fac3ea11c658565adf518c8745aa6b1,2026-03-24 01:20:23
1663,1663,Annah.1663@example.com,0ce3ca27a1fde55ff99faccd07be073889ed64625e0e80b887c8139b5ce8b973,2026-04-02 01:20:23
1664,1664,Sarap.1664@example.com,f5d6528ec12188af8b20d3e044aeedcdccb6c7600c53769efa33529b55bfc8d7,2026-04-15 07:18:36
1665,1665,Geraldp.1665@example.com,6b105819c7871cae6a1e148686c74e63f5aeffe1a7759be35ea286fd6c699a5e,2026-04-23 01:20:23
1666,1666,Stevew.1666@example.com,cff8d428b8be746f14f6f006409a7cb259ac5996f3789ffeaa59120f76a83bec,2026-03-12 22:13:15
1667,1667,Jenniferg.1667@example.com,d9d545cb8c872469720ebaf8699a1a6ad7d656d62e6087d16c074c24a916f657,2026-03-17 01:20:23
1668,1668,Scottr.1668@example.com,bb36e18bab3d61f3ec467ff463737ac3793312377aa76b3f8deb4a59f11cc8f6,2026-03-20 12:12:43
1669,1669,Geralds.1669@example.com,28d3263a674622f3a680c96f14ac4d2f6414997517f5685cac382ddbc72a708d,2026-03-12 01:20:23
1670,1670,Kathryne.1670@example.com,7a7766c5358fa52a5e818bf6f9960e854b0c44c6afc6a6877a52f343ffe2c0be,2026-04-02 01:20:23
1671,1671,Thomass.1671@example.com,dabd3945c713c954540740d7826f7e523b0b3c4ed4597559b2ec9237b157fca2,2026-03-16 16:19:18
1672,1672,Anner.1672@example.com,f3ba81bdc4725413c07b5f8867a519bdda05948088635135d1b2391ba5e2d837,2026-04-24 01:20:23
1673,1673,Theresar.1673@example.com,91b859973605c346bc7aac0f0907a200ff1693717bd16029d807ccae1e90a50d,2026-03-11 05:25:55
1674,1674,Maryl.1674@example.com,2d3b080792f79a78f2f1bb8338080786edce7ef12628eaafaf82180112f6bffe,2026-03-10 08:44:00
1675,1675,Francesg.1675@example.com,39c08c6ff9e14250bf78a3098da0f68c4048e6d0a69a93e0aaa9b9aa567efd08,2026-03-14 01:20:23
1676,1676,Michaelw.1676@example.com,4b24a190a7d8f16b1286e70913d037d543ef1a8ebe18e3a57935eae946e3652b,2026-03-07 17:36:31
1677,1677,Benjaminl.1677@example.com,9b0e1f553f921433b496122957b122be1d80cb22d3e9955ee063eebd9550b0c3,2026-04-10 01:20:23
1678,1678,Helenh.1678@example.com,0ed1bc438e16e87f02f04f1702ab4e51535655841e4e71db7284209fdf7d4fe7,2026-03-13 01:20:23
1679,1679,Michaelr.1679@example.com,8207ad498df7cf9aee9ba6c38219fa26e6e3f97f2abcc2567631836a4dbb691d,2026-03-23 01:20:23
1680,1680,Michaelf.1680@example.com,85b609766d9360b39c605fc76f44e8bdbe17eacf0781f98f855663e2a47c359b,2026-03-20 01:20:23
1681,1681,Nicholasc.1681@example.com,e8bc8bbc2228d1e740aba648b1a0705e7b828c968faf3de68d6d89b7ba4fddde,2026-03-15 01:20:23
1682,1682,Kathrynd.1682@example.com,aae786c749a334cef2d8d7293c1933ee5ef02130bad9ca1c090806d1999a7f70,2026-04-13 17:15:10
1683,1683,Scotto.1683@example.com,d0608f6e165ca0855e6a693056ed9420235240d4040f876f4a74506e4bd4aafc,2026-03-29 01:20:23
1684,1684,Harryj.1684@example.com,217a7639739f2142ab854db4189435b65a83c89ed111c474a29b9848874e9ffb,2026-04-25 01:20:23
1685,1685,Annag.1685@example.com,fad6c9a4847091271c2afa575345110b068112057c0e887f062d920326daf57b,2026-03-10 21:53:36
1686,1686,Benjamine.1686@example.com,075c617f89d7c387c7b96a8e9a1a4cc82f26b42228af11d55191a3a87b362db7,2026-03-19 01:20:23
1687,1687,Glorias.1687@example.com,eceae6c97959833aa5032bc50610b98f230c48b8290df1ddde90a0b4f2de46d3,2026-04-23 01:20:23
1688,1688,Janec.1688@example.com,2ad954c3881e94897fe72aaf4e9e66308c147ad6956366c7f330445ea37247ec,2026-03-19 12:55:11
1689,1689,Katherinea.1689@example.com,94889f957852d4721b07a00524b5d26ea23fcc52b8762b291bee6e7506546d53,2026-03-29 01:20:23
1690,1690,Mariel.1690@example.com,bae3968fb6f96f62e041a0fe5d9f2108e44dd9382a375cacf9610d468a1103cc,2026-04-03 20:01:54
1691,1691,Victorh.1691@example.com,bfc5a014d13896b512f7238ad743ccf640f473dcda119376df644f9b024f2d93,2026-04-04 01:20:23
1692,1692,Jasonb.1692@example.com,b3f3e044130881907980c0479eed5c9add57f1e6e6ee0243dea486a603efcd09,2026-03-28 01:20:23
1693,1693,,f157f8a5e454d6d01c346bd4d33e8653368a747cdabeae91850d9e939f0a29e4,2026-03-24 14:25:59
1694,1694,Davids.1694@example.com,96ca4603a9ff11187551bc8854a2ffd5e3d6ca3a3edd895392866285b0b4792c,2026-04-21 04:31:24
1695,1695,Jimmye.1695@example.com,7a21ccebfc4c99e497a1a3fbd235fa9d7f9b6a6109a737b65304a6223e3e2a01,2026-04-11 10:38:58
1696,1696,Saraht.1696@example.com,0b8f2f527618d4565e72f505afaaf38bf550f6e09b49dcbf6e0ef295e95acce4,2026-03-24 10:27:30
1697,1697,Barbaraf.1697@example.com,2b929244ec00ce31b5eae62f74593110b677c36aee70bf560b6333ad7123fd0b,2026-03-09 01:20:23
1698,1698,Shirleys.1698@example.com,205033d93ed5a8bc52e1ff091f9d563594eef1299d503b704dacbf8091542495,2026-03-14 15:12:04
1699,1699,Theresar.1699@example.com,fa461d6003ce473f68674b2bd3e7f9df32bd270d7f10a5d51fe113f99362c537,2026-03-11 10:18:29
1700,1700,Williea.1700@example.com,ca2edb9d8735805f057d3cae0f010726d0500ff6d801a80c201db219e436891d,2026-03-07 01:20:23
1701,1701,,cc3a9df620cf1e9bae14b95c341ab661e50b06d7cc732fd51fdb77f57c379171,2026-04-06 01:20:23
1702,1702,Gloriag.1702@example.com,94c8aa09a98f018e5084fd5efb38a4a950e1aed1f093ebe6b1decb5002a4441b,2026-05-05 01:20:23
1703,1703,Annad.1703@example.com,ae5e0e57d6469294adb09534fd9733dac95299ebf9259349e8ba8daa23774c9c,2026-04-20 13:22:41
1704,1704,Kathrynb.1704@example.com,179c7c4f4a338f7cae08504cec8452e3739bdf91e4a5040b454a530d32b222e3,2026-03-09 01:20:23
1705,1705,Brendal.1705@example.com,e52dc2093ad5ac4ef0e833a7b2e494b2aee2f8d001a26a7506cf1020f73e53f6,2026-03-13 01:20:23
1706,1706,Jesseg.1706@example.com,ce8e5158536c22aac737313b9b1781b90944ffbd43363975c69cbe9b6542aa30,2026-03-29 01:20:23
1707,1707,,4e2c29052321c384aeb293db92a5c1c9fd9f60daf44f339d5158c3ec1995260b,2026-04-10 17:22:57
1708,1708,Jasont.1708@example.com,3751c336c543586ab88d69f42cbdb3cb489d63971946ed85c0e3a22e51715a41,2026-04-23 01:20:23
1709,1709,Timothyh.1709@example.com,c1fbf12f9cacc4e45140b8a700c419785ef80b9a6864b3efc946c4f1c44476f9,2026-04-12 01:20:23
1710,1710,Billyn.1710@example.com,3571f24607cfdfb9dcd5377320852ebe35087f629df3d48ec434207b3c715d7b,2026-03-11 15:42:05
1711,1711,Shawng.1711@example.com,962ab3adfa87e8a5f3d13f14f93168f4f5aa0646898d1bc22b2b0adff277b86a,2026-03-10 12:27:04
1712,1712,Barbaraa.1712@example.com,2556cb29c107de5d42b4dc653f1e7f7cdb2801132c6f529d31294b229b08bfdb,2026-04-05 01:20:23
1713,1713,Timothyt.1713@example.com,774d8728e6f3d252331fff1305c4bcb8f7dfc7d321c67f127de5bd6956bb10c0,2026-03-30 14:05:36
1714,1714,Brendat.1714@example.com,7d196606720a5c484d28c40bf343043b72d58683f400ea418d2629e576bcd325,2026-03-28 09:40:54
1715,1715,Lisan.1715@example.com,99ec38de6e1477cc2976d8680d0408ce04a4313fd3ade84640cd020cb2a70f3f,2026-03-13 10:48:48
1716,1716,Jeann.1716@example.com,60eb5905a2a3c371287d63a127dc4cbdfdc492ba8e6e40bcea3233c08882033e,2026-03-19 01:20:23
1717,1717,Victort.1717@example.com,fe50ecb29215ebfb4a7a7fd78607e43a42dbe80985c85550922f36f9c87eb434,2026-03-26 01:20:23
1718,1718,Pauls.1718@example.com,a170c08ba865b5a737ff744f9a0ce5c85f75cbf1f71a8ecb86e54552525c6479,2026-03-09 07:47:10
1719,1719,,cd5ec43a9988edbeda514dc4ade60beb8bdc815f7be65d447da85518254de9bf,2026-03-07 01:20:23
1720,1720,Lisaa.1720@example.com,31f4083ed6e7d1f6c1c5d80e7873639d52286c1a2243ac5ae272074131b8ceba,2026-04-02 01:20:23
1721,1721,Alanh.1721@example.com,858c51c96886ab1604000c3afadbdf30a9aa7c5cbc9e3eef1d104d9c8c6c1bab,2026-03-25 01:20:23
1722,1722,Amya.1722@example.com,e8cbdb65d99af2669fc2c5fd8db6f97c50f06da25cc4c8b9ee1f656027f44890,2026-03-30 11:53:49
1723,1723,Davida.1723@example.com,a4da1e08e7835f1a8c3142013807dd9f1a35c8b5163fecccaf65aea1be179945,2026-03-09 13:19:47
1724,1724,Elizabethe.1724@example.com,50f21e558e65d40ea3a7a68b771fdb53635de7ad3dca95343f3449c0ca8427eb,2026-03-10 01:20:23
1725,1725,Marya.1725@example.com,6eab1e17db9eef1ec9495849f273b758aec7b1bea3a5e89d653b9e5d56ae7b7b,2026-04-23 01:20:23
1726,1726,Nicolef.1726@example.com,f54046ddfa04ffc15ae7b84d4c4f204b778662b5ad9381039041223f75ae97f6,2026-04-13 01:20:23
1727,1727,Jimmys.1727@example.com,5e2f81d1b98bc2e05f6c22d43c1c57bf35e4a640a7f7acd4508eedf9eeb105fc,2026-03-29 01:20:23
1728,1728,,09d82a7f2da1c769964b9a5eab0307d55d17b8596e1e5767f14027c3e5143f6c,2026-03-08 14:40:38
1729,1729,Sarao.1729@example.com,b60ffdc9182d300ffc84d9a0238f552f25054e65d9e5a8d365d302622556e926,2026-03-20 01:20:23
1730,1730,Henryf.1730@example.com,00d42e19b12b834dc1fc1a34ac14219e370b1dc363dbf141f5f6e58bc0b803f5,2026-03-07 01:20:23
1731,1731,Judye.1731@example.com,0873341056058ae17d904615b344836b508ecf37a5134e728d24fbeec37c5ec1,2026-03-10 01:20:23
1732,1732,Howardm.1732@example.com,b4d1406601b959e99dbc4dd4e1fbbdd891ccc05ff1b81714130bdb3f9288c8f1,2026-03-16 01:20:23
1733,1733,Alanm.1733@example.com,56f28ac38033c180c4e01fb79b16855a8676b2ee64f0652a255c2fc293638f3d,2026-04-11 01:20:23
1734,1734,Margaretn.1734@example.com,c598851b5aa37127533c2ae29f9a616c3180f323c8751f683202477c15b3def3,2026-03-14 12:30:07
1735,1735,Seans.1735@example.com,e59cbfc85df8b2fadf213f24124a200b13dee4fb5d9aa4b84a1d86167a7cf798,2026-03-09 01:20:23
1736,1736,Phillipd.1736@example.com,402a38d50c73b16b6267c56652366f0824d28e0f5f28a7cf7d4a91490510ff2d,2026-03-19 15:35:34
1737,1737,Timothyk.1737@example.com,b59ca3568ad93f75440520945d3c1a92dfaf88a33853387f4c0cb5198cbbcc5f,2026-04-11 01:20:23
1738,1738,Willieb.1738@example.com,802d1dc3c284055e2abaee5bfa19e169d616b9bc8590000b3213802ba9f5fb36,2026-03-28 01:20:23
1739,1739,Dennisr.1739@example.com,749efdfb8e0d30e057c6f32ac39719336af6bc603d3e5de0e75bdae11a365e08,2026-03-08 01:20:23
1740,1740,Aaronh.1740@example.com,6f73ab65af1afce57d285eedb9ddbd8781f2da1bd0f79017aebc30dd68d2e59c,2026-03-20 11:42:08
1741,1741,Jacquelinet.1741@example.com,0f8d0bffb14de09334f7c8229cfc4040a60cdce5286ed65b40535b7f51c6ec3c,2026-03-29 01:20:23
1742,1742,Normar.1742@example.com,4d44deec58669c80973204c4381ca82bd82996f84d8124de77ad39a55cacbf4c,2026-03-11 01:20:23
1743,1743,Alanb.1743@example.com,253ecd6bc2c6cc823058ce878ad81bda41aaeaef02800d6929bb34abbd587a71,2026-04-21 01:20:23
1744,1744,Johnnyh.1744@example.com,8a951866af3091eb4ad0736569cacbd8b6fecde73bafa0a40a2add3aa9d358e9,2026-03-18 15:21:52
1745,1745,Kathleeng.1745@example.com,63e7d008f1bfb28de5f274d204598e77acab41573678723dc084b294df990f24,2026-04-08 01:20:23
1746,1746,Laurab.1746@example.com,f218a42fb6c6e67d2b97627f4a46785e9bae7603be243ff8467c002e648d6877,2026-04-04 17:08:12
1747,1747,Annaa.1747@example.com,6d95e345bded90b13b7c595e5bfe6907fd536118f2b66c4425877e518a666b38,2026-04-17 17:07:11
1748,1748,Benjaminb.1748@example.com,2ddc35433cc3d26c473c80c6c8e3133ebc43c31e0d5ebcb8b199903108a4424d,2026-04-04 01:20:23
1749,1749,Saraho.1749@example.com,708201b6799e5b5f6cbae4305ae88569b304950fa10e08086f827848ad9187ed,2026-03-13 11:19:15
1750,1750,Kathrynf.1750@example.com,724a7274c45ff59837930f4fe245560434f8e66552cfad2714dd4bf83b4b60d2,2026-03-16 15:45:11
1751,1751,Rosen.1751@example.com,d1de8ec764fb71c373465f4707764f770fe3887defa477fe3bace8648a3c9a8e,2026-03-20 18:30:09
1752,1752,Gregoryf.1752@example.com,6aca42b64703649c07537a0ebc533476fc14f0e115457ae5899258d82bd1eac4,2026-05-03 01:20:23
1753,1753,Toddr.1753@example.com,7e35edcd2a185bc0e26b0724856b0275b4d3a7dfbbe0bb7334866934dee35d47,2026-04-05 01:20:23
1754,1754,Laural.1754@example.com,b467036fd604ee4de46f15ecccbe7493a0d338bfc0480679114b14507630afa2,2026-04-12 01:20:23
1755,1755,Dennisl.1755@example.com,113b5545175efc4c6fd870a6cc2317c6d39baf50019fdba4118ddf3512ddb98b,2026-04-04 17:45:13
1756,1756,Jacquelinef.1756@example.com,c2f292c9428419fd135db843635d887fb7d6caab196496775d555662c816c133,2026-03-24 01:20:23
1757,1757,Haroldt.1757@example.com,b504d8c18e588d1c1b1225ed700c48c27e4c08f87053001cd32271666071d179,2026-04-01 01:20:23
1758,1758,Jennifere.1758@example.com,0500d739ac846b98ba92db6643d5574277d659bd6d9c69df8edc5e2ebf2b6bd4,2026-04-27 13:45:41
1759,1759,Virginian.1759@example.com,963d88f901077b0a93c126c4fd2e91860a042c64e9accf69c13c87c2474d5fbc,2026-03-09 13:21:40
1760,1760,Kathleenr.1760@example.com,a4bac7e9da90fa6b033b05aae0df96e6cdf0439a3a85846bed59922e5aabea37,2026-05-03 01:20:23
1761,1761,Frankj.1761@example.com,187a9bea9de4a951bf627d55a22bd6736a9c3390847001702bf29a1bf300c01f,2026-04-20 01:20:23
1762,1762,Nicolea.1762@example.com,1f0df098dd5a8ffa1b5b35d3a9bdaa173bb133bade739e9e7f39c25eb9151ecf,2026-03-14 19:53:49
1763,1763,Gregoryk.1763@example.com,8f742810bf15bdcef5c27703bef5ee88cb992ae756f8b2337041799923d04892,2026-03-17 05:06:19
1764,1764,Harryf.1764@example.com,345fd60fd410adb4c8c15f890471b4bb214a3945bc402fab6d91f03f5a795a1a,2026-04-25 01:20:23
1765,1765,Adame.1765@example.com,49cfd1ef2cc4c30a181929e4bb6143f24f9c42f1a6c52e5d30a401aeccb8ae4a,2026-03-20 09:21:46
1766,1766,Shawnd.1766@example.com,5b36ee959744f56be1f81189966ed09834ba8661db41d4ea11823e8aeb546cf3,2026-03-28 01:20:23
1767,1767,Francesd.1767@example.com,bdee62a88010797a07427390b0315fddb7cd8106b51820e905bf422efcd13447,2026-03-27 12:51:41
1768,1768,Billya.1768@example.com,e6c96b59e037b1e7b01be19906b5a23940be02fe3075a45514a771f3b51da76f,2026-04-05 01:20:23
1769,1769,Jackj.1769@example.com,13236d3a0852e04476bacb30f159f3b50a1393fc7a4d11d0e2b87027dd009007,2026-03-08 10:29:09
1770,1770,Mildredl.991@example.com,b7d838e8e468e821c4c256ca356e71930520770773ce88b81f72336c476896d1,2026-04-20 23:35:54
1771,1771,Thomasd.1771@example.com,16e42e698b24553110e1385488c456207df9191170849f910cc7879cde2caf73,2026-04-01 11:42:31
1772,1772,Billyp.1772@example.com,0a6b2351348052757dc13166df4606096a461b876c8fd24a504e278c713f8a2f,2026-04-13 11:57:43
1773,1773,Sarah.1773@example.com,b61d25e6dc7e024e40e071f5a4195cc9d02c5bde26cab26895b79ea7dd7709cb,2026-03-11 03:59:49
1774,1774,Kimberlyl.1774@example.com,2ba3af2e9f4f6300cfd49668f262b7d47ac492b2fb4022796ef97e14be2b3a3a,2026-04-02 03:11:19
1775,1775,Jasona.1775@example.com,b89fd5e0298e4f8469fd93fda25748d2ca6dd278d3e888b113c83112a16e072f,2026-03-29 16:43:48
1776,1776,Benjamind.1776@example.com,c1bb53cd95e15b8dd921acce2c0117c6e8a9c6155979936fd3c6746de112aa58,2026-03-08 01:20:23
1777,1777,Nicholasm.1777@example.com,f9c4540e3dc0d5de3546945b903be4587a3012e692821aedd54ea26d072de4f6,2026-04-16 01:20:23
1778,1778,Thomasc.1778@example.com,7c790273bae6839174ce89670faa202af8ff96138cc28cd49c247fb496539299,2026-03-20 01:20:23
1779,1779,Kimberlyb.1779@example.com,5318d21ead2366cee4a747c2f6b818a2d9d99cb13b3dfecb7a2971d827959037,2026-03-17 15:03:13
1780,1780,Marya.1780@example.com,38b1f744013137c3e4268cea438ea11f5733720a81a722f403682355197f6691,2026-03-07 10:03:34
1781,1781,Jessew.1781@example.com,c5adcb533969c99227e43ced561856788ef359a2739c6edea483db472165acd4,2026-03-23 23:19:41
1782,1782,Janel.1782@example.com,a578cc9a8838ae63513f1789b0aa6a14025bf0d6a74c0149cdc4d47eeb43b6b9,2026-04-08 01:20:23
1783,1783,Marye.1783@example.com,19e18f3da4107dba5c49739ee3204a1f0f116e2e090f2d0e191ce662adb69b5d,2026-03-19 01:20:23
1784,1784,Margaretb.1784@example.com,89a36c7eb8438a3fdd816cdb4dff0cdfc485c70278a0846b806b8cbc67c25947,2026-03-07 05:18:57
1785,1785,Jimmyg.1785@example.com,3e9ba9a0b2edfa7c09abd9df4506db522be3dccc609648e89b980d46f28a7e2f,2026-03-25 20:31:36
1786,1786,Sarat.1786@example.com,834f7c5c798aca1974d83ef40b56aac396a8fbbbff958bcaa27cfed77cbcf492,2026-03-31 06:19:04
1787,1787,Glorias.1787@example.com,0bac876491f0e7a949c800bacef68a09871fc53aa40e20acfab8a3f293e014f7,2026-03-13 09:39:34
1788,1788,Kathrynj.1788@example.com,3e3740a601caf0536f409c5feb75e9af619afd5fe24e0f9ddeac58acb8fcf1b0,2026-04-29 01:20:23
1789,1789,Kimberlyl.1789@example.com,cca33bca329acd974eb12581401f8476b978396ea06d30cfad3d98f736075a61,2026-03-19 01:20:23
1790,1790,Brendar.1790@example.com,fe964094ecf370e5861c54b9cb29fcd71d9ff06e45af2e594b938030b5c6d42d,2026-03-18 01:20:23
1791,1791,Maryl.1791@example.com,1ffbad720a89ae48e0890d95fd4b5cdb58b67ca1bbfc22642b0e48afea5f0e60,2026-03-07 13:56:47
1792,1792,Theresak.1792@example.com,38859637dfe5fe058bdfd1b9da13f51c9c230ab8300d0df624dcf83f036bf241,2026-03-12 01:20:23
1793,1793,Kathleenb.1793@example.com,2e181994df188d05272205d2745fbd34c3068c71954e6fdc6e663448a5b3c739,2026-04-04 05:11:44
1794,1794,Dianat.1794@example.com,553bb916c44ea2cabe24003c08b2474c547fcddcccacc305e2d926e7fa3acc9c,2026-03-19 01:20:23
1795,1795,Joshuac.1795@example.com,80400a4c6b5b3c5db31b27b2a7f6ed900f8111759384c5ad9993a0e22c9630c2,2026-03-12 06:15:13
1796,1796,Gregoryb.1796@example.com,97e595c90b8475546e77974446924d038568b86da459f141f8bd942c300f961c,2026-03-09 10:58:52
1797,1797,Jessew.1797@example.com,15034493485e6a08d7daa79fe9e3f827a235cb1d7b429720e80594b1d62b8cb1,2026-03-13 08:28:52
1798,1798,Maried.1798@example.com,a54e0a57a4e0bf9951a973bb9a94fb9884d87c088ed0f71fa3449f60be729112,2026-03-08 08:13:44
1799,1799,Dennisd.1799@example.com,96f557d4a8305300b54ad1800f3d8d622f1d5e69e25b2f79f2de0bb1fa2919ea,2026-03-11 04:18:45
1800,1800,Rosep.1800@example.com,a1367389ba725af282405382389ea4458c35ce920986b7accf1e7b41197567b3,2026-03-27 01:20:23
1801,1801,Victorl.1801@example.com,e885be8591ddce66c79b08f31cf5a94fe45d3fe9edc8c4362d6eb7b0342a504a,2026-03-28 01:20:23
1802,1802,Geraldj.1802@example.com,8b12c5550286a0a4cbadcbbe32d016de48b426075feb7e34c0758ff5b4eb09b7,2026-05-05 01:20:23
1803,1803,Barbarao.1803@example.com,4d72aefda3cb06f99830663c27e1a26eed1fbfe92f3a49b9e9a55f1c233b04be,2026-03-14 15:47:38
1804,1804,Teresaj.1804@example.com,1180a48e489fbb7959a433dd3e131e46d7ef13edbc71910411f6cd695a7119d1,2026-04-04 01:20:23
1805,1805,Mariae.1805@example.com,b80be4ecde97f09635a72052fc1bcdba72f85b397a99806dab18a17d3b1fe6c2,2026-03-16 12:36:32
1806,1806,Shirleyp.1806@example.com,2068228e9c64b9678b74fa66df40257a33f8e14139660116ba3dff97024c913d,2026-04-14 01:20:23
1807,1807,Katherines.1807@example.com,6cee281c3217a5904db9e6b6aa388e123f5b5d5f731578e19aec1070dd5ae476,2026-04-09 09:48:09
1808,1808,Jenniferg.1808@example.com,b7320cdf5023409029f7b47cfd09fb7e12c8973dc3deb0a4b6d54fdbd4eb6685,2026-04-07 15:11:06
1809,1809,,c081134fc9f7448efdc255cc1bdf24158cd4921388fd953f0c9ea5f851d951d5,2026-03-16 01:20:23
1810,1810,Janeto.1810@example.com,a4066fd3ad9068d31aaf6d932f94e82ff994f9d13eae78e914cb6cade9b5ec04,2026-04-02 18:19:41
1811,1811,Amyk.1811@example.com,b6bedfc56ed8f82f0ac411232522421a7ce10e7d30c4cc29c8a62c4015578c31,2026-04-04 08:30:37
1812,1812,Laurar.1812@example.com,a2fcc79459a3a220266ac4d7541ae4b88037c08f694710d6f1091bbdba63a9dd,2026-03-27 01:20:23
1813,1813,Paull.1813@example.com,c9b84ec7479f6d485eb3ee9355583685076c2b242a4464f40e1d7951b9723a15,2026-04-27 01:20:23
1814,1814,Maries.1814@example.com,9c9a8883c5af50ae8d47d2059f6be40848f5c478b7b6506c55f12db43524be3d,2026-03-22 01:20:23
1815,1815,Nicolek.1815@example.com,1e95573a5a54befcdf341ad59d0e9b959aa25f5eec41974fbf15e477f500b15d,2026-03-18 11:40:03
1816,1816,Scottn.1816@example.com,88d2c4bb9286052ab68c58194901a0dea1e20444ceb39457e40e175b64e25ecb,2026-03-23 01:20:23
1817,1817,Haroldn.1817@example.com,4646a22e7e656de83e81c5ec2e7b965ddba107b2dbd997c1fd03dfe5b9c35eea,2026-03-12 08:29:13
1818,1818,Shawnf.1818@example.com,b7ff4e956a0466e994e17f6e944109ce0addb9a75b232956171b9cf772f39c0d,2026-03-20 16:32:34
1819,1819,Kathleenb.1819@example.com,e6851a8b7267707ef982b335f6746349c28ae0448e97e9f0d6e9148b31bdded2,2026-03-10 01:20:23
1820,1820,Kathleenj.1820@example.com,48b7a29adeca5ddd414b781590730deb10d9c05f34e34f85564ef3375390ba6a,2026-03-29 01:20:23
1821,1821,Steveg.1821@example.com,0a4774350eaf07d12b0faca84ec83a837e04fe23a8719acad505feceb09d8345,2026-03-12 13:46:12
1822,1822,Barbarab.1822@example.com,3fe3539ccd3a8b8627be586cecbe423e21d03c86152c6934f9d733d3dea79703,2026-03-13 01:20:23
1823,1823,Mariat.1823@example.com,6083d5bba3713a1b7fa3de5f597044f88cbd978d44f79a3511b68ccbefa634c9,2026-04-09 01:20:23
1824,1824,Virginian.1824@example.com,223d04246e49cf2ac6070f41c6ddcbbb6e8876276ced515363e1db1bfdcd89a1,2026-03-07 11:26:39
1825,1825,,400ae22a9e21632a6636d5dc1b02a3837a99f645e3c74ef104991c260bc71f2d,2026-03-14 01:20:23
1826,1826,Kimberlyf.1826@example.com,eedc7daaca214d2a0aedc991c66eae683176ffc512be464d7282b20cf519bf62,2026-03-22 14:46:47
1827,1827,Sarahm.1827@example.com,cc80c1c410e1e88508e77a7536494b0e3f2759d75bde2a4400004f1ff9f2adf5,2026-03-17 01:20:23
1828,1828,Frankl.1828@example.com,8aa9ebefbd271c8ad1e9b13e0674d4ade8928bb50c204b76fb7a9c7ef036557c,2026-03-10 01:20:23
1829,1829,Seanp.1829@example.com,26266ea864aeb8f310b09e8b078c69e7dd7d75e985d5cf68eeda68b6c5baa42a,2026-03-25 01:20:23
1830,1830,Martina.1830@example.com,723235d339f2590ec1e3886236aa10b24627a2925d09ab62c6bd68c0573b6497,2026-03-09 01:20:23
1831,1831,Amyn.1831@example.com,63a15279d2514ded169488ce942cc1990afdb24349c5160747be27989c851059,2026-03-22 10:08:45
1832,1832,Jeann.1832@example.com,b0de12b1b55cc99f4596c0200fe33bcb0c9fed3b3d717317eda9216f0300bfe6,2026-04-23 01:20:23
1833,1833,Michaeld.1833@example.com,7c9fec77ff8d3048304d0f79972b7d4f4237c8fe0937cbd7040a8e9a0417c6dd,2026-04-18 01:20:23
1834,1834,Haroldb.1834@example.com,ee1415d213aa7c5dc22de35b3235eb454a9d37a46adef1b7e04fa9c987691d7f,2026-03-16 01:26:04
1835,1835,Jimmyb.1835@example.com,02508160a490359f51ed6a94d8f222e3f619e05460fd0560304c3c16f67f33b8,2026-03-17 16:30:05
1836,1836,Annes.1836@example.com,f1d050e06dee3df9b41736e7c0aeb11c1b6874714dc1b6e3d12c31cfd9f26ded,2026-03-20 00:25:21
1837,1837,Thomass.1837@example.com,a7a35284f4a906d2b4789bbadc8f7416cf96bf69bc28311d8e4a58f5e6fba423,2026-04-09 20:58:17
1838,1838,Janetj.1838@example.com,87cea93e4e94f02a5f9495541cc5f47e5cf91c103b11894050f6311232842b84,2026-04-17 10:01:26
1839,1839,Arthurf.1839@example.com,877fa43c51d978d052131d2b5585506476df453858cafcbcd9d958c1c7726c8a,2026-04-25 01:20:23
1840,1840,Timothyh.1840@example.com,bfe1402aa82ca53dc29f79b8896c857e6b6382a0187fb0e52d9a81d30208ffc0,2026-03-19 15:01:50
1841,1841,Jacka.1841@example.com,17bf4aa5d6b7e184355a6390b9f5297868c6092cd24ee57630a6281290eb07db,2026-03-17 01:20:23
1842,1842,Johnnya.1842@example.com,565c92d7c515f272e2228978dc4acea0b53de48112dfb97fd66fbfce9afd17a7,2026-04-12 01:20:23
1843,1843,Frankt.1843@example.com,efdba1f6e1d09ff1859fd0a9d60c1a92c35040b991702fea43efe21fdde1db69,2026-03-29 06:47:05
1844,1844,Gloriag.1844@example.com,33eee7486e7afba9c1a0df3ce1c05078658807148355f94dad8dda41944db148,2026-03-15 01:20:23
1845,1845,Kathrynf.1845@example.com,4e1ca3633d3160f36671d9f6829a02236ab486fd2eae683746d5828a3b55ee7a,2026-04-06 06:09:13
1846,1846,Jacquelinee.1846@example.com,6abc0b68525af0b5813483c74652878d94acdd6790467be19433d170513f03c3,2026-03-29 01:20:23
1847,1847,Gregoryf.1847@example.com,b4b57957b269077936b89bd5bd46fc494b8d8edbdf3665064268828f3ac40f8c,2026-03-15 01:20:23
1848,1848,Normaa.1848@example.com,596f3b9c991f3535fb08027634330e7f3d4ae0a9e385932f6d28561217b495e0,2026-04-20 01:20:23
1849,1849,Kathryng.1849@example.com,7b8dd6f58664c025b001453728935e61df3676ccd34532f339fcb05bfa6d96e6,2026-03-13 01:20:23
1850,1850,Joshuaw.404@example.com,e3d326e496a408227a167b29e888ce29735fef04837140101184edc9caef66de,2026-03-11 10:01:57
1851,1851,Dianal.1851@example.com,b09f27f30c09550bd857c8f693add4cb6a546a2601d5bdeebc92fb0ffaa70389,2026-03-27 01:20:23
1852,1852,Christinaj.1852@example.com,332bc6294978dce9a60e9136d7309f5781e2e2d91b3d04355077210071aa16f2,2026-04-24 01:20:23
1853,1853,Fredc.1853@example.com,20fb189665ba2e13b67011b13081ecf9d0a3977ed6bbdde442bb8b9dcab22998,2026-04-18 01:20:23
1854,1854,Jessel.1854@example.com,ff06cb3c18d24e3a23c8028fda317fdab4c985deadd0cee01c194297e170d1f8,2026-03-18 01:20:23
1855,1855,Normag.1855@example.com,efd9137f6621f59d94b7f4d1d92f5e35cfb2c651b1c3830cceae483bc43d4e05,2026-03-16 01:20:23
1856,1856,Jenniferk.1856@example.com,fe47474766926954aaa8243f46c74ba4f23a9a5f8b0fda30c180224718de6ec1,2026-03-21 01:20:23
1857,1857,Gregoryo.1857@example.com,3198906f58bb85532f4382c2fdc2da9afbe59c9978b1fe52c829f11014fecda6,2026-04-20 01:20:23
1858,1858,Henryc.1858@example.com,4d1510fb4a9fa5bfa07204b48f1b65182660e1680093c698c13889f0dc9b5cea,2026-05-06 01:20:23
1859,1859,Lisaa.1859@example.com,47a3fc710a7259c0afcd851b0d238feca1f1b1b475f6fb4c11e7ec0ff73cbaee,2026-04-06 01:20:23
1860,1860,Annae.1860@example.com,d685f4ef0a3a02d7f7b4cee76c6a5bff1741ae1498c208d305a6f1b233f3e40c,2026-03-11 01:20:23
1861,1861,Sarao.1861@example.com,1b453f2374d1aa9af2ed93f15d1957d89f5a063309c169a9cd9ac8120630f9ac,2026-03-08 01:20:23
1862,1862,Victora.617@example.com,1b818cb56bb53bf1ed1cc9c555fc915c8d27cee8a2197a5c997958239469c0f6,2026-04-13 01:20:23
1863,1863,Toddp.1863@example.com,55e0e9f0d6ead32ac7e6ad68876b9c5edeacedc8bcf3260900703c238bd57171,2026-03-12 16:13:38
1864,1864,Kellyh.1864@example.com,fd54543e10f429d0befc4d6490866bebc0c913c48ecd8fb405afacf6ab11e0f8,2026-03-11 01:20:23
1865,1865,Teresag.1865@example.com,ca686c098bdbf095fdddfe7d6f1ba4a65a5bc8a2ee89e5c03841a8bfa705bb4f,2026-03-12 16:19:05
1866,1866,Amandak.1866@example.com,2944415226a9356263abb4ead15b315d91e90817d0c37733f1db33db5b0a62c9,2026-03-19 01:20:23
1867,1867,Victore.1867@example.com,13bcc962460572594a39367d713bc81ea73b7d64da43b0bf82cfdba4e1e396ca,2026-03-15 01:20:23
1868,1868,Margarete.1868@example.com,4bf4f1abbe961ce5453301b41f66a0a2dd3ceffa61fffaa63467b2ae8ad538ae,2026-03-07 09:08:55
1869,1869,Thomask.1869@example.com,72d9b4b9b22452c48c9c4f89665f49976cc9161af55c3970437c502174b4487c,2026-03-24 06:12:39
1870,1870,Harrya.1870@example.com,f6da8b2d53d0cff0b0b199fa38973c1d0c38e53c3744a9e8bd69aef8a0196e04,2026-03-10 01:20:23
1871,1871,Marien.1871@example.com,8edfc96731eb7a4dd4f880e12510275e1022d7c6ff83114458a53abf4787d3cc,2026-03-18 06:23:06
1872,1872,Marya.1872@example.com,66babdb8a4d8b0be278e2775e3bbcd1bb4cdedb61a16c3e583534296fcdefec9,2026-04-04 12:11:48
1873,1873,Jacquelineh.1873@example.com,1bc946eb87062d9cccbe27d1e30034275a9f3b5becc88d29bd9f35bcf7bfe462,2026-03-17 01:20:23
1874,1874,Kathleent.1874@example.com,7b228fabdfa3f974cbdd9d7e74aec9eacf1618335300420501afc81d73b51b47,2026-03-13 01:20:23
1875,1875,Shawnn.1875@example.com,4e49e0dcf8596e9577cb3a6e5f8de722c4a440387e2a8b548d904a53f574a88d,2026-03-16 12:33:26
1876,1876,Alane.1876@example.com,ea2d679df5d2f7a0e58a79002b4b9316de776cdda236714b68c18aa4d50bf184,2026-03-12 01:20:23
1877,1877,Adamh.1877@example.com,c36568c17165c6cda36a63e2fa6fd0053762f4992db9b2c01151436d229daf7c,2026-03-11 11:40:19
1878,1878,Henryp.1878@example.com,e3528d01da080ac4a610f778b37029be28b509789cc111dd4a54e0604db11d83,2026-04-07 13:23:52
1879,1879,Nicholast.1879@example.com,a4bfc3bf8795893ff6f8a198db1928efaa090870aa52b2b21a9bfca4956a7c21,2026-03-15 14:30:40
1880,1880,Normat.1880@example.com,7192dc8248163c4beb9c85fae27814e310c1cc0c8c0f8861ec9871f526ca8a4e,2026-03-13 08:27:34
1881,1881,Louiseh.1881@example.com,f815d164c8184050bb182808305e8bf9865aeeb8eda06c9e076602764aa3f8a1,2026-04-22 01:20:23
1882,1882,Brendal.1882@example.com,983cb80dc7d070919e2c5b9ac48a61687f8cb6ed86fab9595163634abc7912c1,2026-03-25 01:20:23
1883,1883,Amandaf.1883@example.com,de0bcd508a4e1576124c813d4420ef6d284e11f5f82ed23827facf941e394530,2026-03-09 01:20:23
1884,1884,Jackg.1884@example.com,d9ce7a4e3a3fa7827842308db847c5b74521c4ca31657af7bb4ef44d0d53bebd,2026-04-06 01:20:23
1885,1885,Virginiab.1885@example.com,adec823748bd6b9b8728c0505d76840c3f250a10b16e47ddfab1e5faf5a17a1e,2026-03-10 01:20:23
1886,1886,Joshuaw.1886@example.com,b2e85736f579670f8e9ba1158afbaeda943739411a16df61066395773ca14b89,2026-04-09 05:28:00
1887,1887,Elizabetho.1887@example.com,36cfaf0927e5db6a619f54aff1600370fef092e7aab2a627abcfbffcc8fec467,2026-03-18 13:35:00
1888,1888,Mariej.1888@example.com,890746df0969dc35589f85bd9bd6bc2c5dfecdc5b94ce95de18a242a55997d3f,2026-04-20 02:30:01
1889,1889,Fredf.1889@example.com,8ef2c42731e5555e281fcffe6297db9ef7d00516de34fb96c5ad494dd3f5b726,2026-03-25 16:56:25
1890,1890,Anneb.1890@example.com,4d06c7d3e375fa1e668cca98a3cd23726c5c9c6af75f1458767c4c80e189ad8b,2026-03-09 15:35:09
1891,1891,Maryg.1891@example.com,1b0e6326c76ce9875512056238f996bf99d4492b24adb6019b36c3dc57448e97,2026-04-03 16:51:01
1892,1892,Phillipe.1892@example.com,8f4d2a08e127c5c83f8f72d64dfca7ee27f6f841b52cdc30d3b2b7166d8e4bc3,2026-03-22 01:20:23
1893,1893,Aarond.1893@example.com,ecafc2cca2a2ca7f627adefbec33502cc2097f1dbf4a85272c08045105c80683,2026-03-17 01:20:23
1894,1894,Christinat.1894@example.com,469bb98d32cb3187e6e96613dc4c13019ddaf645f57ee8b9b1a4e5c2fd0ecb85,2026-03-13 01:20:23
1895,1895,Geraldb.1895@example.com,3514f68e381771a3985975c75c5b57da861aa2c3b349b1ebc62bcdf1b99c76c8,2026-03-11 01:20:23
1896,1896,Toddm.1896@example.com,01a0e1b624071b1dcfaa6284ca41c09c2a2be491075b93ee9f602dfc2d3b2b0a,2026-03-14 15:10:29
1897,1897,Steves.1897@example.com,eeccfd3b30161c1697ed53b16d00759801c88bc50f8524099d0592a51b09ad63,2026-03-24 06:33:58
1898,1898,Amandad.1898@example.com,c69c7066785ec19917967c32d2a98d09e60b3a526414c6c61ac078165a58ba91,2026-03-28 10:20:24
1899,1899,Nicolep.1899@example.com,726b46bae43b526993aeb68adf9c5b850b69b6a1a2e24a1e93ef5685ecac98f7,2026-03-22 01:20:23
1900,1900,Gregoryc.1900@example.com,e7bff25fd4c5256e0756c790863f6897b7559e0d8da6b1473bf83db46aaeba46,2026-04-05 15:19:05
1901,1901,Davidw.1901@example.com,03da19cab2b51e3ac543d4e94c8c640d60c9892cb7caea8b6b88fdd8478d5c33,2026-04-04 01:20:23
1902,1902,Paulc.1902@example.com,c32df5a87e045e2b850daf5bf625b16c4de72e13369a29ddac2b3effaadcfcc5,2026-04-04 01:20:23
1903,1903,Katherineo.1903@example.com,b2c37c2c2dba3efa082e069835b4b9392fc6336e13bc3c6e22be57500dcaa2ac,2026-03-10 11:42:11
1904,1904,Theresae.1904@example.com,e442c3606bf23eaab9015c7dd67cc8c237a46cc2933a27516fd86fc675e75b97,2026-03-17 16:05:53
1905,1905,Judyd.1905@example.com,ced273f274f6952769d8e51e921db9e2b4cf58c375cd250947a1a93fd33cde98,2026-03-15 10:05:32
1906,1906,Christinah.1906@example.com,6beee6bff4e1356a5539818614cb4fb2ba336452b3b206d9cde669bb63becb4b,2026-03-08 00:12:10
1907,1907,Benjaming.1907@example.com,54f54a89b02290912daa0dba46fe5590757db6ad6a36ee437da87bca1d403f87,2026-03-12 01:20:23
1908,1908,Williem.1908@example.com,49985b58130b35fe423b437f11d391711d1447d0dabd39fdb1569d2cddcb82b1,2026-03-13 01:20:23
1909,1909,Louisej.1909@example.com,80694ecdf6c27de36dbe8fc1a9e1fde6678de988eb8e5757f0898eb4f1d4ba34,2026-04-21 10:23:27
1910,1910,Francese.1910@example.com,412e6407ded94379289a3fa4aac6faf3dca04a950bbd511e30c06e161ae37e07,2026-03-08 12:39:36
1911,1911,Timothyg.1911@example.com,9bc3231fc5661f912bc0d39ad08e9439674e1755b987126fe292cfcceed2cefb,2026-03-15 13:40:46
1912,1912,Billyg.1912@example.com,fb8358a02994d945c14711815b5bd2a56fce8e5e098836fbe1917c06fe5a6f41,2026-03-08 13:50:21
1913,1913,Jackj.1913@example.com,166b2053bf15178e3724258dbcfd5034eb80a773b408632f456cb8552c0cbd72,2026-03-14 01:20:23
1914,1914,Mariet.1914@example.com,67171355e9f132eaa0de28f4b35915fd9297808e695770f4df65dbb3cf83d926,2026-03-08 01:20:23
1915,1915,Janetf.1915@example.com,0264adb0ea6a8d6aaeb835b5b557390cb039943dd54bc35ecea1aa1cb3de3392,2026-03-17 01:20:23
1916,1916,Victorl.1916@example.com,2a9d1b71079807cfe100fc78ec5945a0cb80a9adbc32a108cc779d65b18e74d7,2026-03-18 01:20:23
1917,1917,Dennisw.1917@example.com,a8657d420a6404ebfc6c87e24c0d08eadd854e7513465288c61febc277e202f0,2026-03-07 06:06:06
1918,1918,Judyh.1918@example.com,cf6a4bd7cededc8d54aaa15c77fb8069dd521824f6e70094823b693eed6745ec,2026-04-01 12:48:47
1919,1919,Roseo.1919@example.com,a87f47bfefe93f071d2fe8ebe0ef1bf74b1859738ecf85da96b61c933595af6b,2026-04-23 12:22:42
1920,1920,Victorh.1920@example.com,9c734425e8fc0598c4f2232594465c249dfbf81a08fd50e2f94017dd68071d67,2026-04-18 14:03:25
1921,1921,Jimmya.1921@example.com,27a8807629698901056cdb33f7a58621035acbf14b6ba76c77561575f71f0722,2026-03-26 01:20:23
1922,1922,Alank.1922@example.com,ed4be4bdf07799231a6383aae173fa8a5a5a896ebd4a542194266578d6255a36,2026-03-10 01:20:23
1923,1923,Howardc.1923@example.com,3fb7514474c489768625210461935617c79603102148a5799d76169602a0dc41,2026-03-21 15:36:26
1924,1924,Johnnyk.1924@example.com,861c38ab73a83ca96614863e06acff83011035a0b282ce3adaccd16dfbd543ae,2026-04-09 01:20:23
1925,1925,Scottl.1925@example.com,036651c6c2179bd98ebea1e30c7564e7d93cff9b32992ed4bda0467141da9ef0,2026-04-21 01:20:23
1926,1926,Kathryng.1926@example.com,2a3903e77dfbe6e04a565099df726c85ed066291664414219996cd615caa092d,2026-03-10 02:44:15
1927,1927,Andreab.1927@example.com,603e9b7a8007a514b15b91c1bb2b52bfc3ee020e5bc474f3b8a6c30d277ef5a3,2026-04-05 01:20:23
1928,1928,Janetc.1928@example.com,8d4315ac9a249dfeeff05247260fc3799a14f627f759203f278f627481f5ece6,2026-03-08 11:32:21
1929,1929,Amyt.1929@example.com,1a554edbae9f6ac7b7e2f2c92840e060c8cccebe967659f641b234d48e1b4f1c,2026-05-03 01:20:23
1930,1930,Dianab.1930@example.com,3696ff72afeafccb80444f18f6ec8c3d117c0167fc7ea2a6208fd46376ea9185,2026-03-08 15:51:24
1931,1931,,d04d43ea43d01bf6d1f82958750b10fcd5af452d301e052be1aa8b8f7ad4b13b,2026-03-11 11:15:32
1932,1932,Shirleym.1932@example.com,f1ea121eab78da9caeef04a4e1ee86000ec2614f7f6ba84b6ae996d74619a1f8,2026-04-09 01:20:23
1933,1933,Joshuap.1933@example.com,ff7fe7be0b7633455c4fa0e94a1d89d277fd1571def81b7ab7a3cc5bb9a3f946,2026-03-28 08:56:50
1934,1934,Seano.1934@example.com,ff4f9e87d3a953b4b51e5cc69fda5b682f602fe82dc907563b56f9e977efa90b,2026-03-22 01:20:23
1935,1935,Amyo.1935@example.com,69b674c4da9f3395665421334c4e7ee6a8d0bb7375feb90c250038e8a99c7458,2026-03-23 16:21:29
1936,1936,Adamm.1936@example.com,1997076a05272fc456f593b3095a194a6e6f1a20494e28a9984a883ff7abc19e,2026-04-06 01:20:23
1937,1937,Shirleyk.1937@example.com,37e08aa8b88082533c629a37e0fa8378f614a3026a29fef9aacc39e63522ccfe,2026-05-01 01:20:23
1938,1938,Nicolef.1938@example.com,49c9d89ca5def1172d96876c00972a89f8f69b470104677c94f1a5314b86680f,2026-03-22 01:20:23
1939,1939,Arthurw.1939@example.com,3968c56dd9a853631e4d5230e5d412bff85eca3ea8ed021ce6c87b3c29645970,2026-04-08 01:20:23
1940,1940,Shawnh.1940@example.com,6dca244b192838518be6859d7a2a8bcec3bb682c884b4cd08540d0d5c3dede25,2026-03-10 15:14:48
1941,1941,Janetc.1941@example.com,584609568c5cde7a4112bf3bd49ea9a00ebd9a77c29872e72e20dd83254890fe,2026-03-28 18:11:36
1942,1942,Sarahc.1942@example.com,34b6b64409190d87ee039a0d80426a9cd29600ee711cd3c327c072114cba68be,2026-05-03 01:20:23
1943,1943,Helenr.1943@example.com,06bbbcb251947efaae91300d4abbf82a14054e628696a88195379cb6549353c4,2026-03-28 01:20:23
1944,1944,Lisab.1944@example.com,ef0defac63705a8a02c7577cda537b82b5b1f07d296397cdb6cd22e0d944e146,2026-03-11 01:20:23
1945,1945,Stevew.1945@example.com,3b975e1411df88caf777a70b8325c0ce198790fd1d03986bc6440dbcebab7b0c,2026-04-05 16:33:02
1946,1946,Nicholasf.1946@example.com,ea93d2efdce0dd06ef223af3188ab56d732f87a6f5159340e54d330ff8b76986,2026-03-17 01:20:23
1947,1947,Teresaj.1947@example.com,8ea5528a4eeb540fd711e1d09560a241801e17d205623391b9873dcf56293ce3,2026-04-16 08:57:58
1948,1948,Roseh.1948@example.com,5e221fd10fe2c720db2e70fb6d3f56dfb4e93f78655f89c2893aa414638651ba,2026-03-27 06:48:06
1949,1949,Sarah.1949@example.com,b0f9a9422d1b2151a021fbf3955ac944b8b0b1a1256c96ae97856b1a7387a1b7,2026-03-28 01:20:23
1950,1950,Annao.1950@example.com,d552b20553dfd7c7b54ae7d251fc7bc336aef8187379f9fcaea2fe2fa67af838,2026-03-12 17:25:57
1951,1951,Rosee.1951@example.com,c3e6ba60561989727c2219c08666f3d4f8d74779d45b5d1c16555110215d3b51,2026-04-03 16:14:54
1952,1952,Harryj.1952@example.com,d5509d4dd51d1c7abfcf904a2d92791a2c2553d4e0b41de61da05bcae1eb716d,2026-03-22 01:20:23
1953,1953,Arthurd.1953@example.com,862f3676f1955d0b0b3c7a4a3a95ccf0e1d963308cb62a977ec7174d29e6dcd7,2026-03-28 01:20:23
1954,1954,Shirleyn.1954@example.com,ef39dc265a8f56bb8b5d764b5c225a911fa648e7ed44a5a506ebc94f9faf198d,2026-03-13 09:19:29
1955,1955,Timothyk.1955@example.com,5b79fbf1f197d2194202f12afab41ea1b999c249b39f8016f1ea12c913827671,2026-03-27 01:20:23
1956,1956,Helenw.1956@example.com,cde74ea1f9a47e2076148b91203b8cb8136c4485cfb8dd0bd0edde1b48786df4,2026-03-20 10:05:11
1957,1957,Joshuaa.1957@example.com,dcb9db70141f471304f8bf68544a6a664cee3c748106f8ccad58d6759b146ae1,2026-03-09 09:05:38
1958,1958,Harryo.1958@example.com,4899cc42fc1fa6e01d2ba01706f3fd00c2ef0f7dbf949b3efbaa0e27f111696f,2026-04-20 01:20:23
1959,1959,Haroldt.1959@example.com,b75a17d10ca4cec6f8797bceccd351fc3ebc027a7fbca746eb873934e365fbed,2026-04-23 01:20:23
1960,1960,Christinal.1960@example.com,b689d8f55a46b91d66853decfd1a5b67f69e7494e081b8dc5228e1d406f0063a,2026-04-21 14:25:22
1961,1961,Mariac.1961@example.com,bc3a443140e665b148ccf93126750a23c4b828751aaf9aed6f4ad94826d4a21e,2026-03-15 01:20:23
1962,1962,Andreah.1962@example.com,186629affbd05387e20c3134c280967034bcfc44f4180671fe56d14a279ee296,2026-05-04 01:20:23
1963,1963,Harryk.1963@example.com,0ad1db2129a5ce4099ac32dda96ce5537f98fdd2f7e95281ab4ceea3954dec6b,2026-03-26 01:20:23
1964,1964,Gloriae.1964@example.com,c212f5bdb355e34dfc2ec829d15e579816aca43ae928387a30c55f8b9eefb2ab,2026-04-19 01:20:23
1965,1965,Helenw.1965@example.com,14333d9a38cc9a624b933a2165374b69432c97099dfd0a078d4a69a904814db9,2026-03-28 01:20:23
1966,1966,Nicholash.1966@example.com,bb4ee51247015a2dedaa19b939c33336afca43d8e69d28b49ba481f0cb41b42b,2026-04-04 14:35:19
1967,1967,Michaeld.1967@example.com,38fb68e2233e5eecc2dfe9973c71c4287462981738e1c79f73c68d0812594891,2026-03-18 01:20:23
1968,1968,Toddo.1968@example.com,521cd5aee55c0ab53ff8c6e09c14de99d8a1a4d4d91b5f7f1d97cabf609dfeb3,2026-03-28 09:56:58
1969,1969,Margaretw.1969@example.com,eb162e06a302c3d440358e48c3cd82ea46446bb8f2457552accbfd0ac5097130,2026-05-02 01:20:23
1970,1970,Barbaraj.1970@example.com,48a3d07eccd378d5c01b0d74ad2b3ef0ce8014d0fc2362553e80bb7dfbe527ed,2026-03-17 10:21:20
1971,1971,Todda.1971@example.com,933cd0b5b4dad8f6bdb089c65706627d7ed6264f6d12dccd008def42c00d13b4,2026-03-24 15:29:09
1972,1972,Shawne.1972@example.com,cdda30cf98d11874d90c75e3b6c2d760f69e49abad63ef789412abc6c4bdd11a,2026-03-08 01:20:23
1973,1973,Christinas.1973@example.com,8138925a96f38ee5c8919ccff22f8be6deb3ab471ace76b246d57ca95cc9bd24,2026-03-09 01:20:23
1974,1974,,8f19fb312a2a50c78604c1edfee4193bb6ccbc66146d5b5979e12eb4dec1f854,2026-04-13 01:20:23
1975,1975,Mariep.1975@example.com,fb7826bbb90915b13e802f5a0f89b08bc51abd4933b917a918b955259058329a,2026-03-08 01:20:23
1976,1976,Billyg.1976@example.com,f2043534a20daf5621baf9a2c4e683b5e18594608cae9e2705c210e087f57646,2026-04-16 01:20:23
1977,1977,Virginiae.1977@example.com,a18a39dfb7e1ac8f746275783fa441e266e889f0bc30e6d3000906382b25298f,2026-03-10 11:30:06
1978,1978,Dennisp.1978@example.com,7ead20b3aaa75092eb5d88cc4afe9ee1abe6b2c07f77917ed929d52ff04126a5,2026-03-19 21:31:08
1979,1979,Phillipg.1979@example.com,309c4d5e892cf6d541f846ef2bcafedf50fa4073ec7eb46b1e65762f97256738,2026-04-09 01:20:23
1980,1980,Annam.1980@example.com,12a2008707ba66ed0e0687bd598be6a99bcc8c7f6f6acbda16e8c4a1af16dd34,2026-03-07 01:20:23
1981,1981,Harryd.1981@example.com,e3e268f0d76d6cdebf9fb08c3d1a44a5ba8d49eb9623133c311eec0a6391f6cc,2026-03-26 05:30:12
1982,1982,Kathleens.1982@example.com,24a535132525dd6581bf20710928e957922be7fadbba724ba884e1ff0f002399,2026-03-16 17:57:26
1983,1983,Stevel.1983@example.com,2a540136ac7f8b7854f082b7c227107668410e8df7fb5f1ff1460df9fff10123,2026-04-07 03:38:10
1984,1984,Nicholash.1984@example.com,d8bd11e8af7cf6e27d72dbf37d2a12ffe278dbba1edaf1b83e1a0d3ca35c2ef0,2026-03-14 11:25:11
1985,1985,Alano.1985@example.com,856f2e4614dd595398301a9b6e8585efabeaacdfa0559b910f16b2727287a410,2026-04-13 01:20:23
1986,1986,Virginiaj.1986@example.com,a2df90dd205a3c70061e8d5daf43a0e30608f73056f64ac5ba8c68ae6fddfe99,2026-04-22 09:33:39
1987,1987,Sarahe.1987@example.com,14dd8dda399859857ab08f451c12bb4fb57c24f014035e22c62918020f8e337b,2026-04-25 12:38:19
1988,1988,Louisek.1988@example.com,c26d31a9e871cf80cf0849ab85f1146556b3324e28b2a9bcdcbbfb960795286c,2026-04-17 01:20:23
1989,1989,Aaronm.1989@example.com,69adc72ff687dc7151af39749dd33083efba96c888e8d69b372fb44eccca3def,2026-03-15 01:20:23
1990,1990,Mildredo.1990@example.com,2af658cd6b7b2ef64f6f3d6ca8ab140ecdab1a8eff685f70a07b298b3946b8c0,2026-04-21 07:26:50
1991,1991,Timothyn.1991@example.com,5e6ab131302f6d2e97f19b989bf37d02d5baebf3ac5057c9df4c1b287df02d80,2026-03-08 01:20:23
1992,1992,Jenniferk.1992@example.com,43bddecb7fbc0588ef8a1fc825797c46ac4735de8e1c831621b18545a33fafe3,2026-04-11 01:20:23
1993,1993,Jimmyk.1993@example.com,aa0567dfed555c9176400ca1a9911aee1154b0d173d9439abf6e3df974619310,2026-03-11 01:20:23
1994,1994,Helens.1994@example.com,3bc9c0e96106a8c7fa29ed380465c3a3f36ffd4d418a16f3079527a6ab71b4a5,2026-03-20 01:20:23
1995,1995,Brendaj.1995@example.com,8e627adc48dfbe41bf7cc83ecffff8368d6e19e303ca342298bdffe4a882b2a4,2026-03-11 14:17:03
1996,1996,Judyj.1996@example.com,81f5cc6d11d785dff73bb0792bf3850cd3d67621623378c27e7ef049152899b4,2026-03-26 13:52:29
1997,1997,Barbarad.1997@example.com,31b1ead273d8fad9b233c14ea17451ddbb48cc52f81b78d75a617a213c1971ce,2026-04-14 11:43:06
1998,1998,Davide.1998@example.com,6f33639a4215373fc4b179f9a1f73250721ca2e11e4e75b169a5b6d324573c51,2026-04-29 01:20:23
1999,1999,Howardg.1999@example.com,63e7f509741e6e930918e22ace9e1c692bad7125b71ec58fc8a93c4f9e605bc6,2026-05-02 06:41:14
2000,2000,Saraf.2000@example.com,28b2c7f11af16e1fead4f3d843a276bb9f86cbdaf277dbfaf714790ab1f8bc65,2026-03-30 14:11:39
