session_id,customer_id,started_at,ended_at,utm_source,ad_id
1,672,2026-04-27 13:19:53,2026-04-27 14:20:53,email,gs695553a0
2,375,2026-05-12 07:31:30,2026-05-12 08:24:30,google,gd899c8490
3,768,2026-04-28 14:03:40,2026-04-28 14:21:40,google,gd9b18aab1
4,1621,2026-05-20 14:01:48,2026-05-20 15:05:48,bing,gsc4c5b7dd
5,816,2026-05-24 15:05:01,2026-05-24 15:22:01,organic,gdef38a51b
6,1395,2026-04-24 13:49:05,2026-04-24 15:22:05,google,gsed6fd34c
7,1864,2026-04-10 21:18:08,2026-04-10 22:19:08,twitter,fsafd2a714
8,991,2026-04-15 11:20:34,2026-04-15 12:25:34,google,gd4b27b245
9,263,2026-05-08 11:29:46,2026-05-08 11:39:46,linkedin,ff20b93dc9
10,18,2026-05-26 21:24:24,2026-05-26 23:07:24,email,gd5b91ae7e
11,826,2026-05-02 12:19:29,2026-05-02 13:55:29,linkedin,ff860e3ca6
12,208,2026-05-17 19:36:55,2026-05-17 20:02:55,google,gd725da9b3
13,292,2026-05-02 13:32:44,2026-05-02 13:39:44,youtube,gd899c8490
14,209,2026-05-15 11:51:25,2026-05-15 12:59:25,instagram,is99ec201d
15,625,2026-04-20 00:06:19,2026-04-20 02:03:19,youtube,gsf34f79e1
16,1956,2026-05-31 09:42:37,2026-05-31 11:20:37,facebook,ff14c4ff09
17,648,2026-04-13 07:16:53,2026-04-13 08:23:53,google,gs7d7a27a0
18,1485,2026-05-13 12:54:21,2026-05-13 13:55:21,google,gd3c70a473
19,1257,2026-05-28 06:51:54,2026-05-28 06:57:54,email,gse241b3e5
20,672,2026-05-12 11:44:28,2026-05-12 11:56:28,instagram,if2b8962e1
21,768,2026-05-26 07:05:54,2026-05-26 07:27:54,instagram,ifaacf73ba
22,525,2026-04-21 05:50:13,2026-04-21 06:08:13,bing,gd3e3b3adc
23,915,2026-06-02 09:42:17,2026-06-02 11:09:17,twitter,fve603e9d2
24,1008,2026-04-27 11:39:05,2026-04-27 13:15:05,bing,gs97536e4d
25,1615,2026-05-09 16:43:45,2026-05-09 17:14:45,twitter,fffe5f6d6c
26,325,2026-04-17 19:50:49,2026-04-17 20:39:49,email,gd0500c2b3
27,1029,2026-05-17 08:05:56,2026-05-17 08:37:56,facebook,fs811f0067
28,67,2026-04-05 20:58:36,2026-04-05 21:13:36,linkedin,ffb90046c9
29,1405,2026-06-02 22:51:49,2026-06-03 00:05:49,organic,gd63dd069e
30,1482,2026-04-17 10:21:14,2026-04-17 12:18:14,email,gs623ab4a2
31,22,2026-05-05 11:55:30,2026-05-05 12:38:30,linkedin,fscfd87f64
32,124,2026-04-17 08:30:58,2026-04-17 08:39:58,direct,gs623ab4a2
33,1588,2026-04-17 10:12:58,2026-04-17 11:47:58,google,gd0c96ca02
34,1504,2026-04-11 03:04:21,2026-04-11 03:22:21,facebook,fv6aaed5ad
35,1304,2026-05-05 08:04:40,2026-05-05 09:22:40,twitter,ff263e7617
36,823,2026-04-22 15:37:30,2026-04-22 16:32:30,google,gs80a8c415
37,844,2026-05-11 08:00:01,2026-05-11 09:06:01,instagram,ifa7b8ff7a
38,1058,2026-04-18 11:17:53,2026-04-18 12:54:53,twitter,ffc84da0bb
39,1587,2026-04-15 08:39:37,2026-04-15 10:20:37,twitter,ffc84da0bb
40,1948,2026-05-10 10:01:11,2026-05-10 11:24:11,email,gd2883a0fe
41,1214,2026-06-02 13:03:14,2026-06-02 14:13:14,twitter,ff19a5d94b
42,733,2026-05-03 15:39:27,2026-05-03 17:01:27,direct,gs6b8e4cfc
43,1931,2026-05-24 11:07:04,2026-05-24 12:04:04,direct,gdb05f4391
44,1131,2026-05-12 12:11:11,2026-05-12 13:46:11,bing,gsfd52f5e1
45,192,2026-04-22 19:39:32,2026-04-22 20:54:32,youtube,gs14d567c8
46,1894,2026-04-22 03:38:25,2026-04-22 05:18:25,youtube,gsa6e64954
47,1314,2026-04-09 12:04:21,2026-04-09 13:53:21,instagram,is34b38385
48,1781,2026-04-29 14:21:39,2026-04-29 14:54:39,twitter,fs00c655ff
49,1558,2026-06-03 16:13:29,2026-06-03 16:52:29,email,gd5117348e
50,1641,2026-04-11 10:27:14,2026-04-11 10:54:14,youtube,gs73337af1
51,618,2026-04-04 09:34:29,2026-04-04 09:41:29,bing,gsf34f79e1
52,373,2026-06-03 12:41:48,2026-06-03 13:43:48,linkedin,fsbbec5625
53,1229,2026-05-07 10:26:31,2026-05-07 11:38:31,bing,gd39a1a758
54,837,2026-05-22 07:32:38,2026-05-22 09:05:38,youtube,gdc1451fac
55,119,2026-04-21 09:08:35,2026-04-21 11:03:35,organic,gs469e3909
56,1912,2026-05-19 12:20:14,2026-05-19 12:49:14,twitter,ffd0401ac5
57,1738,2026-04-23 13:18:19,2026-04-23 14:21:19,instagram,is775a8721
58,911,2026-05-23 11:06:31,2026-05-23 12:41:31,youtube,gd38a04a60
59,500,2026-04-29 22:41:13,2026-04-29 23:04:13,google,gs3ac8e779
60,80,2026-05-01 11:23:31,2026-05-01 12:13:31,google,gsc9408f0b
61,499,2026-05-28 21:33:04,2026-05-28 22:13:04,google,gsab7bf43d
62,162,2026-04-10 12:50:24,2026-04-10 12:58:24,facebook,fv8b51355e
63,1192,2026-04-24 13:14:59,2026-04-24 13:59:59,youtube,gsfb3225bb
64,1993,2026-05-22 14:38:08,2026-05-22 15:50:08,email,gs3feb9c95
65,993,2026-05-31 15:56:27,2026-05-31 16:04:27,facebook,ff98646822
66,179,2026-05-03 06:41:26,2026-05-03 08:04:26,facebook,fv6aaed5ad
67,696,2026-04-15 09:52:40,2026-04-15 11:48:40,youtube,gs45d32d16
68,531,2026-04-25 02:02:33,2026-04-25 02:37:33,google,gs7d7a27a0
69,1886,2026-04-15 08:16:05,2026-04-15 09:55:05,organic,gs803a1f60
70,126,2026-05-27 19:26:44,2026-05-27 19:52:44,twitter,fv165d9499
71,165,2026-06-01 09:23:22,2026-06-01 10:48:22,bing,gs94a97e1e
72,1241,2026-04-18 11:26:29,2026-04-18 12:54:29,instagram,if5d8d9475
73,508,2026-05-13 14:38:21,2026-05-13 15:37:21,email,gs6e2a7b70
74,323,2026-05-05 17:50:32,2026-05-05 18:29:32,twitter,fve4216e34
75,1904,2026-04-06 19:32:16,2026-04-06 20:05:16,youtube,gs94a97e1e
76,1956,2026-05-27 11:25:50,2026-05-27 13:07:50,facebook,fs7c8b7f9e
77,263,2026-04-10 19:43:43,2026-04-10 20:19:43,linkedin,ffb16de626
78,1742,2026-05-29 13:23:13,2026-05-29 14:00:13,facebook,fve603e9d2
79,194,2026-04-13 11:22:04,2026-04-13 12:58:04,twitter,ffb02c1170
80,51,2026-04-13 23:45:18,2026-04-14 00:22:18,direct,gd3c70a473
81,922,2026-05-19 08:37:38,2026-05-19 08:47:38,bing,gseceef4e3
82,203,2026-04-09 12:38:49,2026-04-09 13:43:49,facebook,ff1aced35b
83,1511,2026-04-07 16:38:48,2026-04-07 17:10:48,twitter,fsa92319ba
84,1123,2026-05-03 14:35:11,2026-05-03 14:58:11,bing,gdabc6673f
85,1191,2026-05-14 10:49:55,2026-05-14 11:50:55,twitter,fvccf458b2
86,626,2026-04-30 08:24:29,2026-04-30 09:18:29,google,gdc1451fac
87,737,2026-04-25 11:17:33,2026-04-25 11:43:33,twitter,ff263e7617
88,989,2026-05-13 20:13:40,2026-05-13 21:49:40,facebook,fs00c655ff
89,489,2026-05-05 18:27:21,2026-05-05 20:19:21,twitter,ff90417a11
90,582,2026-04-25 05:05:13,2026-04-25 06:03:13,direct,gs7d7a27a0
91,1706,2026-05-02 12:54:22,2026-05-02 14:00:22,google,gd5adfbb52
92,1931,2026-05-26 09:46:41,2026-05-26 10:32:41,linkedin,fs3abab503
93,1212,2026-05-10 04:31:37,2026-05-10 05:10:37,direct,gs45d32d16
94,1261,2026-05-13 11:51:18,2026-05-13 11:59:18,linkedin,fse724b13e
95,825,2026-05-07 03:00:45,2026-05-07 04:07:45,organic,gs56b3db50
96,128,2026-05-16 16:17:44,2026-05-16 17:45:44,instagram,isd9707a32
97,458,2026-04-05 03:25:35,2026-04-05 04:45:35,instagram,ir9ba0fffc
98,692,2026-05-27 12:21:26,2026-05-27 14:11:26,twitter,fv39f5ab97
99,952,2026-04-28 12:50:21,2026-04-28 14:19:21,twitter,ff1aced35b
100,273,2026-05-10 09:44:09,2026-05-10 10:33:09,email,gd1cc13691
101,1083,2026-04-25 11:18:34,2026-04-25 12:35:34,organic,gs19375e76
102,1202,2026-05-21 13:38:02,2026-05-21 15:36:02,organic,gsbe07aef0
103,858,2026-05-08 09:54:54,2026-05-08 10:17:54,linkedin,ff7d30346c
104,177,2026-05-10 10:13:59,2026-05-10 10:38:59,youtube,gsa6930cc7
105,1786,2026-04-21 13:30:31,2026-04-21 15:27:31,twitter,ff08859d05
106,979,2026-05-21 08:45:16,2026-05-21 09:13:16,instagram,ir4715088a
107,1630,2026-05-31 13:32:27,2026-05-31 13:42:27,direct,gse70f47ab
108,1284,2026-05-12 19:32:28,2026-05-12 20:01:28,linkedin,fs1c195c37
109,421,2026-05-29 04:16:20,2026-05-29 05:46:20,facebook,ff08859d05
110,1391,2026-05-30 20:20:57,2026-05-30 21:51:57,facebook,fvb5751097
111,594,2026-04-28 12:41:30,2026-04-28 13:19:30,facebook,ffc860c8f0
112,755,2026-05-28 13:12:30,2026-05-28 14:55:30,organic,gs36be54c4
113,1373,2026-05-23 21:00:25,2026-05-23 21:23:25,organic,gdb624c327
114,337,2026-04-15 10:38:30,2026-04-15 11:50:30,direct,gs803a1f60
115,1731,2026-05-12 13:23:02,2026-05-12 15:02:02,email,gd98a56336
116,1563,2026-05-16 06:59:41,2026-05-16 07:56:41,facebook,fffa39c3ba
117,1784,2026-05-25 16:12:01,2026-05-25 17:56:01,linkedin,ff4e82405d
118,406,2026-04-04 09:05:15,2026-04-04 10:39:15,twitter,fv7fa331c7
119,421,2026-04-27 10:52:42,2026-04-27 11:30:42,instagram,if71d18691
120,714,2026-04-22 09:02:34,2026-04-22 09:48:34,instagram,isdc1672db
121,1317,2026-05-19 11:51:13,2026-05-19 12:55:13,google,gdbbb479b7
122,1971,2026-05-22 18:00:47,2026-05-22 18:52:47,direct,gs6a621487
123,220,2026-04-07 08:51:50,2026-04-07 09:47:50,linkedin,ffe4e9d5c1
124,996,2026-05-01 13:50:42,2026-05-01 14:45:42,email,gdabc6673f
125,466,2026-04-10 05:38:30,2026-04-10 06:49:30,linkedin,fv39f5ab97
126,1949,2026-05-14 00:19:35,2026-05-14 00:58:35,youtube,gd6d5c4fb7
127,52,2026-05-23 12:15:39,2026-05-23 13:09:39,organic,gs695553a0
128,1580,2026-05-10 13:44:12,2026-05-10 14:54:12,twitter,fs19dfdc39
129,283,2026-04-24 23:14:36,2026-04-25 01:09:36,organic,gs4eb05cc4
130,1330,2026-04-19 14:38:10,2026-04-19 16:12:10,bing,gs469e3909
131,1178,2026-05-20 10:50:17,2026-05-20 10:57:17,bing,gdc247b366
132,757,2026-04-06 14:16:29,2026-04-06 15:45:29,instagram,if15c488cf
133,1334,2026-05-10 17:05:50,2026-05-10 18:21:50,linkedin,ffb02c1170
134,1584,2026-05-24 10:50:02,2026-05-24 12:40:02,facebook,fvd6747fa5
135,1697,2026-06-02 10:49:08,2026-06-02 11:20:08,email,gs3e94542d
136,1880,2026-04-20 10:13:56,2026-04-20 11:28:56,bing,gs924f142a
137,1523,2026-04-25 07:49:35,2026-04-25 08:02:35,twitter,ffff896ac9
138,1746,2026-05-08 12:19:00,2026-05-08 12:55:00,google,gdc188a30e
139,647,2026-05-20 11:26:55,2026-05-20 11:51:55,facebook,ffc860c8f0
140,1591,2026-05-20 10:41:13,2026-05-20 11:05:13,instagram,if5b866552
141,876,2026-04-08 09:35:41,2026-04-08 10:42:41,youtube,gd21987a20
142,1518,2026-05-04 15:09:23,2026-05-04 15:50:23,google,gd3e3b3adc
143,425,2026-04-03 14:57:20,2026-04-03 15:30:20,email,gd2ec38a5d
144,1217,2026-04-15 17:45:34,2026-04-15 18:30:34,instagram,ir3df8436a
145,82,2026-05-24 12:41:50,2026-05-24 13:40:50,direct,gs6d537575
146,310,2026-04-07 02:31:44,2026-04-07 04:12:44,instagram,is04c04545
147,20,2026-04-03 10:54:31,2026-04-03 11:04:31,bing,gd5117348e
148,1411,2026-05-24 15:31:29,2026-05-24 16:38:29,bing,gd6361678a
149,723,2026-05-08 11:00:31,2026-05-08 12:51:31,youtube,gd2266f580
150,1183,2026-05-15 01:07:17,2026-05-15 02:01:17,direct,gs6b22736f
151,912,2026-05-10 11:06:28,2026-05-10 11:55:28,google,gdc247b366
152,1225,2026-05-03 13:41:32,2026-05-03 15:35:32,email,gsb9ddd7b0
153,1656,2026-05-16 09:56:49,2026-05-16 10:37:49,organic,gs27dbb69c
154,603,2026-04-25 07:19:17,2026-04-25 08:16:17,google,gsde53376a
155,1265,2026-05-29 15:48:13,2026-05-29 16:02:13,google,gs93ea998b
156,740,2026-05-05 11:59:28,2026-05-05 13:29:28,linkedin,ff08859d05
157,1637,2026-05-26 07:20:35,2026-05-26 08:56:35,organic,gs9ed78113
158,492,2026-04-23 08:00:20,2026-04-23 08:05:20,google,gs94a97e1e
159,1941,2026-05-27 11:13:11,2026-05-27 11:35:11,twitter,ff6942424b
160,1342,2026-04-09 11:42:30,2026-04-09 11:48:30,youtube,gd5f04d8b1
161,1194,2026-05-01 13:29:23,2026-05-01 14:56:23,twitter,ffe453a2f8
162,67,2026-05-02 14:44:29,2026-05-02 16:44:29,instagram,ir4bc640e6
163,693,2026-04-03 15:34:15,2026-04-03 15:49:15,instagram,ir4715088a
164,266,2026-04-18 13:23:36,2026-04-18 14:06:36,google,gs13f810d7
165,831,2026-04-27 11:07:31,2026-04-27 12:22:31,youtube,gs0223cdcd
166,658,2026-04-16 16:16:44,2026-04-16 16:22:44,youtube,gs695553a0
167,1557,2026-04-03 14:21:57,2026-04-03 15:41:57,organic,gsa00b60ea
168,1238,2026-05-08 17:35:52,2026-05-08 17:43:52,direct,gd26d86b52
169,1651,2026-05-22 12:54:38,2026-05-22 12:59:38,instagram,is8fe17cf6
170,1768,2026-04-16 10:10:47,2026-04-16 10:29:47,organic,gs73337af1
171,1447,2026-05-07 11:49:56,2026-05-07 12:19:56,google,gs5efc01df
172,989,2026-04-23 05:13:26,2026-04-23 06:13:26,bing,gs56b3db50
173,1453,2026-04-11 15:51:17,2026-04-11 17:26:17,bing,gs469e3909
174,1562,2026-05-16 07:01:00,2026-05-16 08:04:00,instagram,ir37e87a7c
175,1540,2026-05-14 05:02:20,2026-05-14 05:29:20,youtube,gsdbeb9c7d
176,1584,2026-04-29 14:13:58,2026-04-29 15:09:58,direct,gd8ea8019a
177,783,2026-05-30 20:08:42,2026-05-30 20:44:42,bing,gse9c5b935
178,178,2026-05-10 12:55:57,2026-05-10 14:19:57,instagram,ifa41738f1
179,861,2026-06-01 13:54:44,2026-06-01 14:04:44,bing,gd9b18aab1
180,1194,2026-04-26 10:41:52,2026-04-26 12:17:52,google,gs0223cdcd
181,3,2026-04-27 11:09:31,2026-04-27 12:12:31,google,gsaf752a95
182,1531,2026-05-21 09:11:25,2026-05-21 09:44:25,linkedin,fvfe7ee943
183,314,2026-04-23 20:48:37,2026-04-23 22:16:37,twitter,fvf072556a
184,1150,2026-05-10 22:12:00,2026-05-10 23:16:00,direct,gs1229ffc3
185,1520,2026-04-25 08:57:21,2026-04-25 10:11:21,organic,gsca7e12d9
186,425,2026-05-01 16:30:00,2026-05-01 17:06:00,bing,gdb3a8fbe5
187,639,2026-05-26 09:00:02,2026-05-26 09:40:02,bing,gs316c5ff6
188,426,2026-04-28 13:24:55,2026-04-28 14:59:55,twitter,fv8f53108e
189,1244,2026-06-03 09:10:40,2026-06-03 09:37:40,facebook,fv36d811cd
190,1934,2026-05-20 05:16:54,2026-05-20 06:48:54,bing,gs6e2a7b70
191,683,2026-05-14 08:33:25,2026-05-14 09:49:25,bing,gs4eb05cc4
192,810,2026-04-24 15:29:03,2026-04-24 16:38:03,facebook,fv074867d8
193,1413,2026-04-10 10:16:45,2026-04-10 11:10:45,organic,gd6361678a
194,1648,2026-04-08 11:30:19,2026-04-08 12:01:19,instagram,ir6fac6da6
195,790,2026-04-23 16:56:58,2026-04-23 17:40:58,organic,gs45d32d16
196,402,2026-04-14 08:57:11,2026-04-14 09:09:11,twitter,fffa39c3ba
197,1340,2026-04-03 15:58:11,2026-04-03 17:41:11,youtube,gs7d7a27a0
198,1529,2026-05-24 02:20:56,2026-05-24 03:31:56,organic,gs73337af1
199,128,2026-04-08 14:37:05,2026-04-08 15:42:05,twitter,fv36d811cd
200,1223,2026-05-04 15:37:01,2026-05-04 17:32:01,facebook,fv21a5b09e
201,6,2026-05-23 09:39:15,2026-05-23 11:21:15,direct,gsb803acdd
202,891,2026-06-01 20:47:27,2026-06-01 21:15:27,facebook,fvd6747fa5
203,643,2026-04-06 10:38:09,2026-04-06 10:55:09,linkedin,fv83943cca
204,1002,2026-04-17 11:58:39,2026-04-17 13:51:39,google,gs05e5cac3
205,1127,2026-05-13 10:09:41,2026-05-13 11:52:41,youtube,gd5117348e
206,86,2026-05-01 13:28:10,2026-05-01 14:02:10,twitter,fs957477a5
207,265,2026-05-27 12:43:44,2026-05-27 13:29:44,youtube,gs3ac8e779
208,815,2026-06-01 19:02:10,2026-06-01 20:48:10,linkedin,ffc84da0bb
209,1258,2026-05-08 12:27:40,2026-05-08 13:58:40,facebook,fv6f6687aa
210,312,2026-04-22 16:49:22,2026-04-22 17:12:22,twitter,fv4e0a1cde
211,624,2026-05-04 11:30:47,2026-05-04 11:43:47,youtube,gd899c8490
212,1427,2026-04-17 13:23:09,2026-04-17 14:53:09,youtube,gd899c8490
213,1669,2026-05-11 13:49:22,2026-05-11 14:32:22,bing,gsbde49a7b
214,326,2026-04-13 12:17:35,2026-04-13 13:10:35,bing,gs1e09d310
215,189,2026-04-14 07:59:32,2026-04-14 09:19:32,google,gd725da9b3
216,1848,2026-04-29 11:29:23,2026-04-29 12:46:23,facebook,ff16205e46
217,1436,2026-05-30 15:54:49,2026-05-30 17:16:49,linkedin,fsb4c4ae45
218,1882,2026-05-16 13:02:31,2026-05-16 13:47:31,bing,gsbd66cacf
219,1946,2026-05-03 10:21:18,2026-05-03 12:09:18,facebook,fs07bd5e3c
220,1197,2026-06-03 03:07:30,2026-06-03 04:49:30,google,gs45d32d16
221,1603,2026-04-26 03:15:59,2026-04-26 03:44:59,email,gseb982198
222,1565,2026-04-28 03:09:06,2026-04-28 05:02:06,bing,gs94ebf2ef
223,1488,2026-05-08 14:43:22,2026-05-08 16:21:22,email,gsca7e12d9
224,108,2026-05-16 12:58:37,2026-05-16 14:54:37,google,gsf75a761a
225,1804,2026-05-21 12:15:33,2026-05-21 13:48:33,email,gs4eb05cc4
226,1223,2026-04-16 12:26:49,2026-04-16 14:17:49,linkedin,fs4a32843d
227,668,2026-05-24 15:33:31,2026-05-24 16:40:31,organic,gd1cc13691
228,979,2026-05-04 07:37:47,2026-05-04 08:43:47,direct,gd38a04a60
229,1564,2026-06-01 15:50:25,2026-06-01 16:58:25,bing,gs49917a30
230,366,2026-04-15 10:14:37,2026-04-15 11:26:37,bing,gs14d567c8
231,1673,2026-05-15 18:56:01,2026-05-15 19:50:01,google,gs45d32d16
232,1819,2026-04-18 08:00:19,2026-04-18 08:37:19,linkedin,fs5faee6ba
233,163,2026-05-02 07:06:58,2026-05-02 08:24:58,bing,gd5117348e
234,195,2026-05-01 09:47:44,2026-05-01 11:24:44,twitter,ff70b39e3a
235,606,2026-05-29 11:10:32,2026-05-29 12:40:32,email,gs701fc626
236,1824,2026-04-13 07:49:31,2026-04-13 09:16:31,instagram,iff8f7b59c
237,745,2026-05-17 10:55:57,2026-05-17 11:16:57,google,gd26d86b52
238,1861,2026-04-22 14:07:12,2026-04-22 14:53:12,twitter,fv49b9a1c5
239,115,2026-04-13 07:27:35,2026-04-13 09:21:35,google,gd98a56336
240,1327,2026-05-17 18:48:21,2026-05-17 19:58:21,twitter,ff6988c7c8
241,1155,2026-05-27 12:27:34,2026-05-27 12:47:34,twitter,ffc860c8f0
242,1907,2026-05-04 13:13:51,2026-05-04 15:13:51,youtube,gd5f04d8b1
243,1507,2026-04-26 01:42:31,2026-04-26 03:09:31,facebook,fs1f6faaf0
244,1696,2026-05-05 09:38:19,2026-05-05 09:46:19,instagram,if9f3cdf2d
245,1485,2026-04-03 05:54:45,2026-04-03 07:41:45,google,gs08e0bf3b
246,119,2026-04-20 10:05:38,2026-04-20 11:52:38,email,gs0c6033ca
247,222,2026-06-02 18:48:14,2026-06-02 19:32:14,linkedin,fvc008b18c
248,397,2026-05-17 13:09:28,2026-05-17 14:00:28,email,gs7bcbc598
249,1366,2026-05-25 12:59:22,2026-05-25 14:06:22,google,gsfefbb177
250,1888,2026-04-11 16:06:14,2026-04-11 16:29:14,google,gs2876bc3e
251,84,2026-04-25 09:10:27,2026-04-25 10:52:27,direct,gd149b0cbc
252,878,2026-04-26 13:34:43,2026-04-26 14:29:43,facebook,fsc9e72601
253,995,2026-05-03 13:03:41,2026-05-03 13:43:41,direct,gddea12b96
254,992,2026-04-29 12:53:08,2026-04-29 14:19:08,organic,gd2883a0fe
255,198,2026-05-14 16:52:54,2026-05-14 17:37:54,facebook,ff61d43987
256,1013,2026-05-25 19:11:01,2026-05-25 20:40:01,email,gs27dbb69c
257,1727,2026-04-17 15:49:24,2026-04-17 17:15:24,organic,gsb13432cb
258,302,2026-05-25 15:13:54,2026-05-25 15:43:54,bing,gs71c4a516
259,1211,2026-04-18 11:26:49,2026-04-18 13:11:49,twitter,fsba30913c
260,48,2026-04-12 15:32:31,2026-04-12 16:01:31,instagram,ir6c3393df
261,1752,2026-04-16 05:41:59,2026-04-16 06:37:59,linkedin,ff986c3235
262,86,2026-04-25 10:34:20,2026-04-25 11:00:20,youtube,gsfca73ab1
263,747,2026-05-23 20:02:33,2026-05-23 21:12:33,direct,gd5117348e
264,1319,2026-05-23 15:33:39,2026-05-23 15:57:39,instagram,if51aa28c3
265,1476,2026-05-03 07:40:49,2026-05-03 08:25:49,twitter,ff101df4ac
266,1387,2026-05-16 07:55:21,2026-05-16 08:41:21,twitter,fv8f53108e
267,29,2026-04-04 19:46:59,2026-04-04 19:54:59,youtube,gsc9408f0b
268,1396,2026-04-09 07:08:26,2026-04-09 07:49:26,direct,gs91e8d3c7
269,1511,2026-05-20 13:53:41,2026-05-20 13:59:41,twitter,ff19a5d94b
270,1505,2026-05-06 07:41:10,2026-05-06 09:19:10,google,gsb803acdd
271,1778,2026-04-08 08:58:06,2026-04-08 09:20:06,organic,gsee4183c9
272,358,2026-05-27 15:36:24,2026-05-27 17:21:24,facebook,fs1f6faaf0
273,1110,2026-05-13 10:37:00,2026-05-13 10:48:00,twitter,fve4216e34
274,333,2026-05-16 14:25:42,2026-05-16 16:00:42,google,gd2883a0fe
275,184,2026-04-29 07:51:14,2026-04-29 08:43:14,organic,gdfdba7551
276,1728,2026-04-30 17:42:14,2026-04-30 19:20:14,linkedin,ff6942424b
277,977,2026-04-16 16:48:01,2026-04-16 18:33:01,instagram,ir7e668beb
278,340,2026-04-08 14:00:22,2026-04-08 15:21:22,linkedin,fsbbec5625
279,1311,2026-05-09 13:26:44,2026-05-09 13:34:44,youtube,gse9c5b935
280,594,2026-04-24 23:54:13,2026-04-25 00:29:13,organic,gd21987a20
281,1903,2026-04-30 20:59:05,2026-04-30 22:42:05,facebook,ff74d80edc
282,1820,2026-04-22 14:52:59,2026-04-22 15:23:59,linkedin,fs334bd8e8
283,757,2026-05-20 10:40:17,2026-05-20 12:23:17,linkedin,fsc1ad2f18
284,1511,2026-05-12 13:39:34,2026-05-12 15:34:34,instagram,is775a8721
285,1985,2026-04-22 12:09:19,2026-04-22 13:27:19,youtube,gsbde49a7b
286,1317,2026-04-08 18:47:49,2026-04-08 18:59:49,youtube,gsb803acdd
287,37,2026-04-03 11:20:06,2026-04-03 11:39:06,instagram,if5a60328c
288,49,2026-04-11 22:06:12,2026-04-11 23:14:12,facebook,fv358188ca
289,912,2026-05-26 11:21:50,2026-05-26 12:10:50,direct,gsde53376a
290,30,2026-05-09 09:21:51,2026-05-09 09:26:51,youtube,gsa6e64954
291,1915,2026-04-18 05:00:24,2026-04-18 06:12:24,bing,gs97536e4d
292,335,2026-05-06 13:13:19,2026-05-06 14:45:19,email,gseceef4e3
293,44,2026-04-19 02:36:35,2026-04-19 04:04:35,instagram,ir5b34ddd2
294,1817,2026-04-22 17:12:21,2026-04-22 17:36:21,linkedin,fsf30c2e3c
295,1586,2026-05-01 08:36:15,2026-05-01 09:33:15,linkedin,fv6f6687aa
296,112,2026-04-28 11:34:44,2026-04-28 12:12:44,bing,gd21987a20
297,1897,2026-04-27 16:46:00,2026-04-27 18:10:00,organic,gse2c5536a
298,938,2026-06-01 12:23:18,2026-06-01 13:43:18,organic,gs8ca7e72d
299,1307,2026-06-02 19:07:52,2026-06-02 19:32:52,linkedin,ff986c3235
300,932,2026-05-31 06:16:38,2026-05-31 06:58:38,organic,gdd7bca411
301,1694,2026-04-16 10:40:41,2026-04-16 12:16:41,bing,gdb3a8fbe5
302,127,2026-04-06 17:22:36,2026-04-06 18:26:36,organic,gsbe07aef0
303,257,2026-04-09 13:48:38,2026-04-09 15:46:38,google,gd98a56336
304,14,2026-05-02 10:46:49,2026-05-02 10:59:49,twitter,fs7a4ca234
305,1024,2026-06-01 11:28:28,2026-06-01 12:45:28,email,gsa6930cc7
306,1036,2026-05-10 15:12:13,2026-05-10 17:05:13,facebook,fv953ef8ad
307,1607,2026-05-16 08:30:58,2026-05-16 09:25:58,linkedin,fv36d811cd
308,153,2026-05-21 07:01:19,2026-05-21 08:27:19,twitter,fs1841be66
309,415,2026-04-24 08:33:49,2026-04-24 09:49:49,facebook,fv47a3c0a8
310,636,2026-05-30 11:48:25,2026-05-30 13:17:25,linkedin,ff71c0e6d7
311,452,2026-04-18 12:39:59,2026-04-18 13:23:59,instagram,ir725e14c0
312,1615,2026-04-26 16:23:07,2026-04-26 17:51:07,direct,gdbdecbcb4
313,1034,2026-04-06 09:21:15,2026-04-06 11:19:15,google,gs73337af1
314,654,2026-04-30 19:08:52,2026-04-30 20:23:52,organic,gs4f2aad1a
315,349,2026-04-03 16:08:21,2026-04-03 16:35:21,direct,gs6531637b
316,1791,2026-05-19 17:18:45,2026-05-19 18:25:45,linkedin,fv47a3c0a8
317,1783,2026-06-01 09:34:55,2026-06-01 11:13:55,organic,gs6b8e4cfc
318,1610,2026-05-02 07:39:53,2026-05-02 09:13:53,direct,gsf0b4b45c
319,1971,2026-05-03 11:05:14,2026-05-03 11:40:14,bing,gs8ca7e72d
320,854,2026-05-29 08:20:18,2026-05-29 10:20:18,twitter,ff4e82405d
321,1887,2026-04-26 17:58:56,2026-04-26 18:24:56,organic,gsb9ddd7b0
322,1395,2026-05-28 13:28:24,2026-05-28 14:48:24,linkedin,fvd6747fa5
323,1742,2026-04-30 10:44:02,2026-04-30 12:40:02,google,gd82a9ebf0
324,1186,2026-04-11 00:49:59,2026-04-11 02:24:59,facebook,fv3f202b8f
325,810,2026-04-30 15:00:59,2026-04-30 15:25:59,twitter,fv45ab9ef3
326,1807,2026-05-16 12:03:52,2026-05-16 13:02:52,email,gs3ac8e779
327,1695,2026-06-02 14:15:20,2026-06-02 15:55:20,email,gs695553a0
328,1921,2026-05-10 11:37:25,2026-05-10 12:54:25,twitter,ff2f4f680b
329,1472,2026-04-14 14:54:12,2026-04-14 16:45:12,youtube,gs8a7b7400
330,1399,2026-04-08 14:40:48,2026-04-08 15:00:48,email,gs94a97e1e
331,515,2026-04-21 06:51:35,2026-04-21 08:36:35,bing,gs91e8d3c7
332,1441,2026-05-17 11:25:22,2026-05-17 12:57:22,google,gdb05f4391
333,183,2026-04-27 12:17:08,2026-04-27 12:41:08,google,gs5c5f6452
334,1627,2026-05-28 15:28:10,2026-05-28 17:06:10,youtube,gs5efc01df
335,761,2026-05-19 16:37:06,2026-05-19 17:55:06,bing,gd420474bf
336,1870,2026-04-23 14:17:39,2026-04-23 15:29:39,facebook,ffe4e9d5c1
337,1285,2026-05-08 10:40:26,2026-05-08 12:17:26,twitter,fs767e2714
338,96,2026-05-12 13:46:32,2026-05-12 14:16:32,direct,gseceef4e3
339,71,2026-04-25 09:43:14,2026-04-25 09:51:14,email,gsde53376a
340,1427,2026-04-16 10:31:11,2026-04-16 11:48:11,linkedin,ffff896ac9
341,366,2026-05-21 14:32:07,2026-05-21 15:03:07,google,gs316c5ff6
342,303,2026-05-28 09:24:45,2026-05-28 11:09:45,organic,gsd37a69e5
343,1371,2026-04-15 13:54:52,2026-04-15 14:52:52,email,gs9b856c89
344,1615,2026-04-10 11:11:05,2026-04-10 12:56:05,youtube,gdb3a8fbe5
345,831,2026-05-20 19:29:16,2026-05-20 20:31:16,facebook,fvafc6a3be
346,1000,2026-04-24 12:47:25,2026-04-24 14:33:25,twitter,fsbbec5625
347,158,2026-04-09 06:59:19,2026-04-09 07:23:19,email,gd5adfbb52
348,1305,2026-05-27 15:36:26,2026-05-27 17:03:26,google,gs13f810d7
349,628,2026-05-17 17:38:35,2026-05-17 17:53:35,linkedin,fv948335be
350,1181,2026-05-30 14:19:39,2026-05-30 14:25:39,direct,gs6c1281f2
351,447,2026-04-04 10:51:07,2026-04-04 12:38:07,facebook,ffe453a2f8
352,665,2026-04-19 21:36:36,2026-04-19 21:47:36,linkedin,fs38be038f
353,513,2026-05-14 14:06:48,2026-05-14 15:55:48,facebook,ff84f1f546
354,568,2026-04-22 12:06:53,2026-04-22 12:25:53,twitter,ff90417a11
355,595,2026-05-24 01:41:03,2026-05-24 03:09:03,google,gd6c06be7b
356,148,2026-06-01 14:50:10,2026-06-01 16:22:10,email,gd5117348e
357,802,2026-04-07 05:23:56,2026-04-07 06:49:56,instagram,is6c1362ce
358,1093,2026-05-28 13:19:08,2026-05-28 14:15:08,organic,gd6361678a
359,771,2026-05-16 13:43:45,2026-05-16 15:32:45,google,gse2c5536a
360,674,2026-05-14 13:44:16,2026-05-14 13:56:16,organic,gd2ec38a5d
361,446,2026-04-10 00:59:51,2026-04-10 02:25:51,instagram,if1e18c0bf
362,539,2026-04-07 05:40:49,2026-04-07 07:26:49,linkedin,fs3abab503
363,228,2026-04-18 21:08:21,2026-04-18 22:34:21,direct,gs6b291adf
364,462,2026-04-18 11:46:25,2026-04-18 12:31:25,facebook,fvafc6a3be
365,1835,2026-05-21 00:18:13,2026-05-21 01:16:13,twitter,ff548c2f24
366,1561,2026-04-22 18:54:09,2026-04-22 19:49:09,linkedin,fsdaf03679
367,1544,2026-04-16 09:38:19,2026-04-16 10:39:19,instagram,ircd92d648
368,1515,2026-04-17 14:34:19,2026-04-17 15:21:19,direct,gsa6e64954
369,655,2026-04-24 17:14:28,2026-04-24 18:20:28,bing,gs9192c6a3
370,1324,2026-04-16 21:51:38,2026-04-16 23:40:38,email,gd6c06be7b
371,269,2026-05-14 06:36:42,2026-05-14 08:31:42,facebook,fvd26998fe
372,4,2026-05-19 12:20:43,2026-05-19 13:42:43,twitter,fv1864e775
373,1821,2026-04-22 13:49:12,2026-04-22 14:40:12,email,gs035bf887
374,656,2026-04-20 20:17:01,2026-04-20 20:52:01,bing,gd38a65925
375,1573,2026-04-04 13:47:00,2026-04-04 14:49:00,google,gs6d537575
376,1351,2026-05-23 12:01:08,2026-05-23 12:38:08,facebook,fse724b13e
377,357,2026-04-09 04:27:46,2026-04-09 06:21:46,youtube,gd3fc525da
378,409,2026-05-05 17:37:16,2026-05-05 18:53:16,facebook,fs964885e9
379,1115,2026-04-16 02:49:46,2026-04-16 04:23:46,organic,gs81c7385c
380,366,2026-04-03 16:03:25,2026-04-03 16:14:25,organic,gd6b21391d
381,1382,2026-05-02 09:26:42,2026-05-02 09:32:42,organic,gs695553a0
382,1963,2026-04-07 16:05:21,2026-04-07 17:54:21,youtube,gsca7e12d9
383,1199,2026-04-22 13:37:52,2026-04-22 15:19:52,facebook,fs48fc3769
384,865,2026-05-19 13:37:10,2026-05-19 14:11:10,direct,gs14d567c8
385,1293,2026-04-30 07:57:29,2026-04-30 09:26:29,bing,gde93bd042
386,627,2026-04-23 08:17:05,2026-04-23 10:01:05,email,gs6b8e4cfc
387,524,2026-05-22 14:27:54,2026-05-22 16:18:54,youtube,gsbd66cacf
388,1592,2026-04-04 16:06:45,2026-04-04 16:45:45,instagram,ir74afc9f1
389,1983,2026-06-02 17:54:26,2026-06-02 19:52:26,direct,gd75d01710
390,1078,2026-05-08 13:42:38,2026-05-08 15:02:38,google,gs7d7a27a0
391,48,2026-05-15 10:40:03,2026-05-15 11:39:03,facebook,ff17cee78d
392,1556,2026-05-13 02:10:09,2026-05-13 03:05:09,bing,gs6b5ab8e7
393,195,2026-04-18 15:59:19,2026-04-18 17:17:19,email,gd3fc525da
394,772,2026-04-07 11:34:39,2026-04-07 12:36:39,bing,gd41619a47
395,113,2026-05-09 16:51:52,2026-05-09 18:29:52,linkedin,fs48fc3769
396,199,2026-05-13 09:27:25,2026-05-13 10:32:25,youtube,gd21987a20
397,528,2026-05-22 06:37:10,2026-05-22 07:47:10,linkedin,fsa5892c27
398,1087,2026-05-07 06:06:05,2026-05-07 06:15:05,youtube,gde93bd042
399,1400,2026-05-30 19:43:59,2026-05-30 20:18:59,twitter,ffbfd82d75
400,832,2026-04-29 00:37:29,2026-04-29 02:32:29,facebook,fv1864e775
401,1001,2026-05-07 16:55:40,2026-05-07 17:07:40,instagram,irbf4fb7aa
402,773,2026-05-21 14:34:49,2026-05-21 15:20:49,direct,gs49917a30
403,257,2026-04-16 14:17:10,2026-04-16 15:29:10,email,gd98a56336
404,507,2026-05-04 15:18:07,2026-05-04 16:55:07,linkedin,fffa39c3ba
405,664,2026-05-27 18:09:42,2026-05-27 18:16:42,instagram,ir00eb515e
406,1712,2026-05-06 14:01:41,2026-05-06 15:01:41,email,gd9f97b1e6
407,1677,2026-06-02 14:25:00,2026-06-02 15:18:00,youtube,gs1801d39e
408,1510,2026-04-20 17:25:57,2026-04-20 19:20:57,organic,gsce7d346b
409,1122,2026-05-02 13:10:02,2026-05-02 14:00:02,direct,gd6361678a
410,617,2026-06-02 12:05:16,2026-06-02 12:16:16,organic,gd75d01710
411,671,2026-04-04 09:20:25,2026-04-04 10:07:25,bing,gs3ca3abfb
412,1614,2026-04-09 11:40:10,2026-04-09 13:21:10,twitter,ff4e82405d
413,569,2026-04-18 12:20:00,2026-04-18 14:06:00,direct,gsde53376a
414,1333,2026-04-18 06:25:25,2026-04-18 06:36:25,google,gddf4aba75
415,1374,2026-04-18 08:22:38,2026-04-18 09:54:38,bing,gs316c5ff6
416,1890,2026-05-09 12:33:42,2026-05-09 13:27:42,youtube,gd6b21391d
417,84,2026-04-15 15:51:16,2026-04-15 16:34:16,linkedin,ff70b39e3a
418,1355,2026-05-16 18:35:08,2026-05-16 18:47:08,direct,gsbde49a7b
419,388,2026-05-25 12:47:18,2026-05-25 13:13:18,linkedin,ff90417a11
420,1780,2026-05-07 23:47:17,2026-05-08 01:04:17,facebook,ff61a571ef
421,1380,2026-05-09 11:17:50,2026-05-09 12:16:50,youtube,gs035bf887
422,660,2026-04-09 11:03:17,2026-04-09 11:49:17,organic,gda8b9d3fb
423,1268,2026-05-04 00:19:31,2026-05-04 01:09:31,linkedin,ff356b2de1
424,1576,2026-04-17 03:47:46,2026-04-17 03:57:46,direct,gse241b3e5
425,667,2026-05-30 14:48:34,2026-05-30 15:56:34,linkedin,fvf7b381b7
426,1964,2026-05-30 11:10:18,2026-05-30 13:08:18,organic,gs80a8c415
427,1395,2026-05-13 06:24:00,2026-05-13 06:56:00,facebook,ff2c29078b
428,1558,2026-04-19 10:46:47,2026-04-19 12:11:47,email,gs006248fd
429,1200,2026-05-28 13:15:44,2026-05-28 13:44:44,instagram,ife95547d6
430,1551,2026-05-24 04:39:21,2026-05-24 06:39:21,organic,gs266e832d
431,269,2026-04-28 20:11:17,2026-04-28 20:54:17,linkedin,fs00c655ff
432,1062,2026-04-23 11:13:03,2026-04-23 13:06:03,facebook,fs00c655ff
433,1919,2026-04-27 18:14:09,2026-04-27 20:06:09,email,gs469e3909
434,1472,2026-04-07 04:38:04,2026-04-07 05:18:04,organic,gsfca73ab1
435,1847,2026-05-02 09:52:18,2026-05-02 11:41:18,email,gd371ddd33
436,395,2026-05-29 09:01:14,2026-05-29 09:39:14,twitter,ffb90046c9
437,210,2026-06-01 10:18:47,2026-06-01 11:22:47,google,gs6c1281f2
438,983,2026-05-03 07:24:51,2026-05-03 08:55:51,bing,gdd7bca411
439,139,2026-04-13 16:02:05,2026-04-13 16:13:05,youtube,gd2266f580
440,655,2026-04-09 17:55:51,2026-04-09 19:26:51,google,gdb1ca9a15
441,444,2026-05-28 14:53:42,2026-05-28 16:17:42,twitter,ffc7703d74
442,1177,2026-04-24 10:35:17,2026-04-24 11:01:17,twitter,fv6f6687aa
443,622,2026-04-15 15:38:37,2026-04-15 16:39:37,facebook,fs21ad900f
444,901,2026-05-07 09:09:07,2026-05-07 09:53:07,youtube,gsde53376a
445,200,2026-04-12 14:20:19,2026-04-12 14:45:19,instagram,if2b8962e1
446,1520,2026-05-11 23:03:15,2026-05-12 00:05:15,twitter,ffc41d8f45
447,215,2026-05-16 19:48:37,2026-05-16 20:39:37,instagram,if940af841
448,1024,2026-04-03 17:37:16,2026-04-03 19:24:16,google,gs3e94542d
449,662,2026-05-22 10:57:51,2026-05-22 11:59:51,google,gd5adfbb52
450,1264,2026-05-30 09:38:05,2026-05-30 10:56:05,youtube,gs316c5ff6
451,102,2026-04-11 09:13:56,2026-04-11 11:12:56,direct,gs6906869b
452,840,2026-05-22 09:52:18,2026-05-22 10:45:18,google,gsab7bf43d
453,1169,2026-06-01 10:50:46,2026-06-01 12:37:46,youtube,gda8b9d3fb
454,1876,2026-05-01 13:05:53,2026-05-01 13:44:53,facebook,fv29064b5b
455,1410,2026-04-17 08:12:13,2026-04-17 09:08:13,google,gsadc7bfae
456,1642,2026-04-04 12:25:29,2026-04-04 12:59:29,facebook,fv49b9a1c5
457,1674,2026-05-24 09:55:35,2026-05-24 11:54:35,email,gdb1ca9a15
458,478,2026-05-31 09:34:42,2026-05-31 11:18:42,facebook,ffc860c8f0
459,119,2026-04-26 06:43:18,2026-04-26 06:55:18,direct,gd9f97b1e6
460,1468,2026-05-01 05:41:27,2026-05-01 07:36:27,facebook,ff84d6d783
461,1917,2026-06-03 08:38:01,2026-06-03 10:35:01,google,gd41619a47
462,1558,2026-04-26 19:01:03,2026-04-26 20:15:03,google,gsd8c9449b
463,1430,2026-04-03 13:38:37,2026-04-03 13:49:37,direct,gsfd52f5e1
464,1623,2026-06-02 12:41:14,2026-06-02 13:12:14,twitter,fv6bd257de
465,1063,2026-04-27 16:33:30,2026-04-27 17:38:30,organic,gs0223cdcd
466,845,2026-05-19 22:32:40,2026-05-20 00:14:40,bing,gs9b856c89
467,1529,2026-04-05 20:02:52,2026-04-05 20:35:52,email,gsd8c9449b
468,738,2026-05-10 14:18:31,2026-05-10 16:18:31,bing,gddea12b96
469,272,2026-05-24 15:49:20,2026-05-24 16:19:20,google,gs266e832d
470,1338,2026-05-24 15:56:38,2026-05-24 16:57:38,google,gs75a13335
471,1951,2026-05-09 13:52:05,2026-05-09 14:03:05,instagram,ife46e68c4
472,186,2026-05-22 12:34:18,2026-05-22 14:27:18,linkedin,fsa5892c27
473,852,2026-06-01 07:03:15,2026-06-01 08:12:15,instagram,if7c27f8f7
474,119,2026-04-24 14:25:59,2026-04-24 15:23:59,youtube,gsd8c9449b
475,392,2026-05-06 19:07:51,2026-05-06 19:57:51,twitter,fsc1ad2f18
476,1376,2026-04-07 06:45:28,2026-04-07 08:20:28,instagram,is5a51dafa
477,38,2026-05-03 17:42:44,2026-05-03 18:00:44,youtube,gs51795970
478,1655,2026-05-14 10:36:50,2026-05-14 11:46:50,youtube,gdc7996486
479,1953,2026-04-06 15:12:22,2026-04-06 16:58:22,twitter,fv955ef55a
480,1274,2026-05-10 13:55:41,2026-05-10 14:45:41,bing,gde93bd042
481,1927,2026-04-13 15:48:36,2026-04-13 16:26:36,direct,gd21181620
482,608,2026-04-03 20:40:36,2026-04-03 21:44:36,organic,gseceef4e3
483,208,2026-04-22 09:01:32,2026-04-22 10:46:32,organic,gs6c1281f2
484,455,2026-05-10 06:12:14,2026-05-10 06:35:14,google,gdd7bca411
485,231,2026-05-19 09:32:18,2026-05-19 10:04:18,email,gs8ca7e72d
486,1715,2026-05-09 15:28:27,2026-05-09 16:15:27,twitter,fvccf458b2
487,1853,2026-04-28 08:34:53,2026-04-28 09:58:53,organic,gsed6fd34c
488,1225,2026-05-11 09:52:37,2026-05-11 10:51:37,linkedin,fs957477a5
489,1725,2026-04-04 18:55:03,2026-04-04 20:06:03,bing,gdba2776fa
490,207,2026-04-27 12:06:51,2026-04-27 12:41:51,youtube,gd3a6d69ac
491,1576,2026-05-13 08:16:58,2026-05-13 10:00:58,email,gd5117348e
492,352,2026-04-26 18:13:56,2026-04-26 18:32:56,twitter,fsd12aee6c
493,418,2026-06-03 10:10:33,2026-06-03 10:16:33,email,gsee4183c9
494,21,2026-05-11 14:41:18,2026-05-11 15:20:18,email,gs469e3909
495,177,2026-04-19 15:42:18,2026-04-19 15:57:18,instagram,ir0525cdf1
496,79,2026-04-06 08:23:11,2026-04-06 08:35:11,youtube,gs21d371fd
497,1001,2026-05-09 17:59:58,2026-05-09 19:44:58,bing,gs7bcbc598
498,168,2026-05-21 10:29:53,2026-05-21 11:30:53,direct,gs6a621487
499,984,2026-04-10 00:33:47,2026-04-10 01:15:47,direct,gd38a65925
500,90,2026-05-01 11:04:14,2026-05-01 12:15:14,youtube,gs1e09d310
501,720,2026-05-25 12:05:55,2026-05-25 12:55:55,youtube,gsb3a69bc0
502,993,2026-04-25 10:45:08,2026-04-25 11:55:08,youtube,gs6c1281f2
503,1957,2026-05-18 06:42:22,2026-05-18 07:07:22,youtube,gd6b21391d
504,520,2026-05-11 12:58:27,2026-05-11 14:28:27,direct,gs8ca7e72d
505,1961,2026-04-20 09:22:10,2026-04-20 11:22:10,direct,gs701fc626
506,1824,2026-05-09 10:53:49,2026-05-09 12:02:49,email,gd149b0cbc
507,1332,2026-05-10 13:05:29,2026-05-10 14:42:29,instagram,ird8c008b8
508,1226,2026-05-02 18:18:19,2026-05-02 18:32:19,email,gs703a9d1f
509,1939,2026-05-01 09:01:19,2026-05-01 10:29:19,youtube,gd5b91ae7e
510,1180,2026-06-02 19:18:55,2026-06-02 20:41:55,email,gs93ea998b
511,407,2026-04-26 16:40:57,2026-04-26 17:47:57,facebook,fseff03aaa
512,669,2026-04-27 11:11:33,2026-04-27 13:01:33,youtube,gsb3a69bc0
513,455,2026-04-27 15:40:36,2026-04-27 16:07:36,bing,gd1cc13691
514,1415,2026-05-16 14:26:42,2026-05-16 14:58:42,direct,gs52439ec1
515,1690,2026-05-26 13:13:55,2026-05-26 14:10:55,bing,gs27dbb69c
516,1730,2026-05-01 17:42:01,2026-05-01 19:14:01,facebook,ff84f1f546
517,927,2026-04-22 16:37:54,2026-04-22 17:16:54,instagram,is71e39dfe
518,1785,2026-05-31 18:48:37,2026-05-31 20:14:37,organic,gs0223cdcd
519,1219,2026-05-12 23:29:17,2026-05-13 00:08:17,instagram,if2b8962e1
520,1907,2026-04-30 10:37:22,2026-04-30 10:59:22,bing,gs73337af1
521,418,2026-05-20 08:09:11,2026-05-20 09:47:11,linkedin,fs7c8b7f9e
522,1550,2026-05-09 21:38:12,2026-05-09 22:43:12,twitter,fsb4c4ae45
523,1487,2026-05-24 11:51:15,2026-05-24 12:33:15,twitter,fvddb067fc
524,46,2026-05-01 15:32:59,2026-05-01 16:48:59,linkedin,ff20b93dc9
525,1719,2026-05-03 10:51:34,2026-05-03 12:01:34,direct,gdb3a8fbe5
526,1743,2026-04-04 16:07:51,2026-04-04 17:45:51,organic,gs469e3909
527,1887,2026-05-18 12:04:07,2026-05-18 12:50:07,instagram,ir9ba0fffc
528,36,2026-04-09 16:31:21,2026-04-09 16:39:21,facebook,fvb5751097
529,1460,2026-04-20 13:31:38,2026-04-20 15:25:38,direct,gs05e5cac3
530,532,2026-04-20 19:50:43,2026-04-20 21:34:43,youtube,gs5efc01df
531,1982,2026-04-20 09:07:06,2026-04-20 10:41:06,instagram,isb7014c1b
532,1839,2026-04-23 13:01:45,2026-04-23 13:11:45,google,gd4b27b245
533,1025,2026-04-10 15:21:50,2026-04-10 15:42:50,bing,gsf34f79e1
534,1968,2026-05-05 14:27:39,2026-05-05 15:18:39,youtube,gsa0e3e045
535,1723,2026-05-10 15:25:05,2026-05-10 15:31:05,google,gdfdba7551
536,1363,2026-06-03 11:09:12,2026-06-03 12:09:12,facebook,fv4ed2f156
537,558,2026-04-14 05:39:09,2026-04-14 05:58:09,google,gd2883a0fe
538,482,2026-05-11 10:18:37,2026-05-11 11:28:37,email,gd546bca75
539,283,2026-05-27 15:22:25,2026-05-27 16:08:25,direct,gs3feb9c95
540,1146,2026-04-04 14:26:43,2026-04-04 16:06:43,organic,gd38a04a60
541,1410,2026-05-29 15:28:59,2026-05-29 16:11:59,organic,gs2876bc3e
542,1329,2026-05-21 12:14:27,2026-05-21 13:41:27,google,gs3feb9c95
543,623,2026-05-19 16:30:01,2026-05-19 18:01:01,bing,gd90f8d35b
544,1754,2026-04-30 09:27:07,2026-04-30 11:12:07,youtube,gd38a04a60
545,129,2026-04-04 11:08:11,2026-04-04 12:38:11,twitter,ff84f1f546
546,1569,2026-04-07 12:18:41,2026-04-07 13:23:41,twitter,ff6942424b
547,36,2026-04-14 10:41:29,2026-04-14 11:38:29,email,gs7bcbc598
548,1701,2026-06-03 14:46:04,2026-06-03 15:19:04,instagram,irc1d280be
549,141,2026-04-23 14:19:38,2026-04-23 14:26:38,twitter,fvbbb991e3
550,284,2026-04-29 15:01:06,2026-04-29 15:29:06,twitter,fvbbb991e3
551,1917,2026-04-10 10:43:59,2026-04-10 11:18:59,google,gs316c5ff6
552,1010,2026-05-14 11:09:56,2026-05-14 13:08:56,twitter,fvaaba810e
553,24,2026-06-01 12:47:06,2026-06-01 14:26:06,organic,gd63dd069e
554,1362,2026-05-18 00:09:45,2026-05-18 02:08:45,facebook,fs8b65b6f5
555,804,2026-05-31 09:18:56,2026-05-31 10:17:56,bing,gdfdba7551
556,1024,2026-05-29 13:04:07,2026-05-29 13:43:07,email,gs6b5ab8e7
557,181,2026-04-04 10:41:45,2026-04-04 12:21:45,linkedin,fvb2cab6c8
558,1171,2026-05-30 14:53:22,2026-05-30 15:27:22,bing,gsa6e64954
559,886,2026-04-17 12:02:04,2026-04-17 13:20:04,direct,gd2ec38a5d
560,22,2026-04-05 11:01:06,2026-04-05 11:25:06,linkedin,fsdbe9d4f6
561,922,2026-05-15 15:13:52,2026-05-15 17:06:52,google,gd3e3b3adc
562,1203,2026-05-27 10:16:49,2026-05-27 12:11:49,email,gd2ec38a5d
563,142,2026-06-03 16:48:29,2026-06-03 17:53:29,email,gdb3a8fbe5
564,820,2026-06-02 10:35:32,2026-06-02 11:57:32,youtube,gs9f813500
565,1892,2026-05-26 06:23:09,2026-05-26 06:57:09,direct,gsbe320089
566,149,2026-05-21 12:19:24,2026-05-21 12:35:24,youtube,gs13f810d7
567,1053,2026-05-20 15:49:34,2026-05-20 17:20:34,linkedin,fv908d37c3
568,1728,2026-05-28 06:33:07,2026-05-28 07:42:07,facebook,ffc84da0bb
569,1607,2026-06-01 10:49:44,2026-06-01 11:14:44,linkedin,fs8669fa73
570,1548,2026-04-21 10:30:07,2026-04-21 10:40:07,google,gdc188a30e
571,1766,2026-05-10 15:01:08,2026-05-10 15:28:08,organic,gs94a97e1e
572,516,2026-05-07 20:33:16,2026-05-07 20:38:16,email,gs97f345d4
573,1208,2026-04-09 01:25:48,2026-04-09 01:40:48,direct,gsa6e64954
574,1851,2026-05-19 16:31:33,2026-05-19 18:28:33,email,gd41619a47
575,300,2026-05-11 13:17:35,2026-05-11 13:33:35,email,gs9192c6a3
576,1106,2026-05-26 13:05:22,2026-05-26 14:42:22,twitter,fv83943cca
577,1836,2026-05-02 17:02:56,2026-05-02 17:29:56,email,gsde53376a
578,189,2026-04-05 19:14:01,2026-04-05 20:39:01,instagram,ir10880026
579,179,2026-04-16 12:29:17,2026-04-16 14:06:17,facebook,fv4cf2d2c9
580,821,2026-04-08 14:43:18,2026-04-08 15:09:18,direct,gd5adfbb52
581,16,2026-05-12 06:56:57,2026-05-12 07:05:57,organic,gd63dd069e
582,1667,2026-04-21 11:10:19,2026-04-21 11:59:19,organic,gsed6fd34c
583,373,2026-05-14 12:52:16,2026-05-14 13:00:16,google,gsfd52f5e1
584,133,2026-04-30 10:23:29,2026-04-30 12:09:29,direct,gdba2776fa
585,1130,2026-04-11 15:15:06,2026-04-11 16:49:06,bing,gs924f142a
586,194,2026-04-17 12:19:23,2026-04-17 13:23:23,direct,gdb1ca9a15
587,1061,2026-04-15 13:47:55,2026-04-15 13:53:55,instagram,isdeb9a588
588,807,2026-04-10 01:38:33,2026-04-10 02:15:33,organic,gdc188a30e
589,425,2026-05-16 11:21:23,2026-05-16 12:56:23,facebook,fv6aaed5ad
590,1152,2026-04-12 10:16:17,2026-04-12 12:11:17,twitter,ff14c4ff09
591,820,2026-05-25 11:20:48,2026-05-25 12:27:48,twitter,fsb4c4ae45
592,717,2026-05-12 16:59:45,2026-05-12 18:54:45,youtube,gs5efc01df
593,39,2026-04-23 12:51:44,2026-04-23 14:02:44,organic,gdbbb479b7
594,1746,2026-05-09 21:11:46,2026-05-09 21:57:46,linkedin,fs3abab503
595,10,2026-04-03 09:19:29,2026-04-03 10:56:29,youtube,gs0223cdcd
596,1110,2026-04-05 12:55:48,2026-04-05 14:24:48,instagram,if71d18691
597,1525,2026-05-28 15:06:25,2026-05-28 15:13:25,direct,gd90f8d35b
598,1868,2026-05-23 18:15:39,2026-05-23 18:22:39,bing,gsbd66cacf
599,1193,2026-05-15 15:10:47,2026-05-15 17:05:47,youtube,gsbe320089
600,785,2026-05-06 10:21:16,2026-05-06 10:31:16,youtube,gsf1442202
601,839,2026-04-08 13:09:52,2026-04-08 14:46:52,instagram,is0d6f9f10
602,493,2026-04-13 08:43:04,2026-04-13 09:59:04,instagram,if23ed4243
603,161,2026-05-29 16:46:30,2026-05-29 18:18:30,facebook,ff66023ddc
604,1594,2026-05-24 13:14:48,2026-05-24 14:12:48,organic,gd149b0cbc
605,1554,2026-04-05 16:42:39,2026-04-05 18:00:39,bing,gs035bf887
606,797,2026-05-25 09:21:02,2026-05-25 09:43:02,instagram,ifa7b8ff7a
607,1671,2026-04-26 10:12:53,2026-04-26 10:22:53,twitter,fvcec2346a
608,1621,2026-06-03 08:23:45,2026-06-03 08:43:45,youtube,gs52439ec1
609,1095,2026-04-23 08:12:53,2026-04-23 08:52:53,email,gd3fc525da
610,1845,2026-04-16 18:46:58,2026-04-16 19:44:58,instagram,if827314e7
611,211,2026-04-23 11:32:37,2026-04-23 12:40:37,instagram,ire99e38e3
612,1413,2026-05-26 07:22:06,2026-05-26 07:44:06,twitter,fvb5751097
613,1176,2026-05-23 20:56:25,2026-05-23 22:47:25,instagram,isb63ac9d5
614,1553,2026-05-10 14:07:26,2026-05-10 15:01:26,direct,gs21d371fd
615,405,2026-04-13 19:37:42,2026-04-13 20:57:42,facebook,ffab8e13ee
616,483,2026-04-10 00:01:13,2026-04-10 01:18:13,direct,gs803a1f60
617,689,2026-05-12 00:34:45,2026-05-12 01:17:45,direct,gsbe07aef0
618,1698,2026-05-07 13:52:09,2026-05-07 14:02:09,direct,gde93bd042
619,569,2026-04-21 00:11:40,2026-04-21 00:28:40,google,gs27dbb69c
620,1779,2026-05-26 15:15:31,2026-05-26 17:15:31,youtube,gs2876bc3e
621,456,2026-05-18 15:48:07,2026-05-18 16:12:07,direct,gd41619a47
622,581,2026-04-04 09:06:05,2026-04-04 10:11:05,youtube,gs035bf887
623,1006,2026-05-12 14:13:13,2026-05-12 15:58:13,twitter,fv3f642888
624,479,2026-05-21 16:21:33,2026-05-21 17:10:33,linkedin,ff14c4ff09
625,274,2026-05-28 11:10:26,2026-05-28 12:30:26,twitter,fs0dfe22c9
626,1526,2026-04-28 13:49:24,2026-04-28 15:17:24,email,gd5117348e
627,946,2026-04-26 10:55:09,2026-04-26 12:48:09,twitter,fsafd2a714
628,526,2026-05-20 17:00:58,2026-05-20 18:21:58,facebook,ff08859d05
629,1841,2026-04-30 16:06:58,2026-04-30 17:03:58,twitter,fs811f0067
630,1617,2026-04-30 11:10:29,2026-04-30 13:02:29,google,gsca7e12d9
631,1478,2026-04-18 05:00:21,2026-04-18 05:42:21,instagram,is3531f134
632,687,2026-05-01 17:09:30,2026-05-01 17:29:30,email,gd5adfbb52
633,1902,2026-04-09 13:49:46,2026-04-09 14:40:46,linkedin,fv8f53108e
634,19,2026-05-15 12:45:56,2026-05-15 12:56:56,youtube,gs91e8d3c7
635,1914,2026-05-20 19:04:21,2026-05-20 19:20:21,twitter,fs8e766255
636,1214,2026-05-04 07:06:16,2026-05-04 08:12:16,google,gs91e8d3c7
637,1933,2026-04-27 11:56:51,2026-04-27 12:44:51,email,gsd9c1480f
638,1466,2026-05-13 08:02:56,2026-05-13 09:41:56,twitter,ff1849c687
639,1074,2026-04-18 05:21:53,2026-04-18 06:26:53,instagram,irb4d5bd76
640,1447,2026-04-22 11:36:42,2026-04-22 12:38:42,linkedin,fs7a4ca234
641,1130,2026-05-02 14:13:49,2026-05-02 15:57:49,direct,gdbbb479b7
642,1808,2026-04-19 17:54:29,2026-04-19 19:36:29,twitter,ff047790dc
643,901,2026-04-30 08:36:56,2026-04-30 10:02:56,organic,gdfdba7551
644,1157,2026-04-30 15:33:40,2026-04-30 17:28:40,linkedin,fs109b53ef
645,717,2026-05-27 14:11:57,2026-05-27 15:15:57,direct,gs36be54c4
646,457,2026-04-17 10:48:01,2026-04-17 11:11:01,organic,gs0223cdcd
647,269,2026-04-18 19:14:52,2026-04-18 20:29:52,bing,gd612af3c0
648,453,2026-05-26 14:24:43,2026-05-26 15:51:43,instagram,is16f110d9
649,1569,2026-04-29 13:31:50,2026-04-29 14:19:50,instagram,is8cffea19
650,1621,2026-05-11 13:46:57,2026-05-11 14:40:57,facebook,fvb5751097
651,122,2026-05-03 09:48:14,2026-05-03 11:33:14,organic,gs49917a30
652,579,2026-05-10 18:41:36,2026-05-10 20:12:36,youtube,gd9b18aab1
653,88,2026-04-29 05:10:33,2026-04-29 06:43:33,linkedin,fv8f53108e
654,64,2026-04-26 15:04:38,2026-04-26 17:02:38,youtube,gd90f8d35b
655,1914,2026-04-13 16:15:06,2026-04-13 16:22:06,linkedin,fvd6747fa5
656,217,2026-04-16 15:36:32,2026-04-16 16:08:32,direct,gsee4183c9
657,78,2026-04-07 11:20:13,2026-04-07 12:11:13,linkedin,ffd0401ac5
658,1405,2026-05-08 11:31:51,2026-05-08 13:17:51,organic,gsca7e12d9
659,1000,2026-04-14 13:33:13,2026-04-14 14:22:13,google,gd1cc13691
660,1506,2026-05-13 18:08:32,2026-05-13 20:06:32,direct,gs94ebf2ef
661,996,2026-05-28 09:11:27,2026-05-28 09:58:27,email,gse70f47ab
662,55,2026-04-27 09:41:42,2026-04-27 11:25:42,linkedin,fse724b13e
663,1300,2026-05-07 08:33:08,2026-05-07 09:08:08,youtube,gsa00b60ea
664,1078,2026-04-16 06:41:52,2026-04-16 08:27:52,linkedin,fv18ded47f
665,1995,2026-04-20 08:13:29,2026-04-20 09:06:29,twitter,fvf44c2007
666,81,2026-04-22 15:27:40,2026-04-22 15:48:40,facebook,fs7a4ca234
667,617,2026-04-17 19:03:18,2026-04-17 20:26:18,direct,gs623ab4a2
668,401,2026-04-15 14:14:18,2026-04-15 14:56:18,instagram,is4bcdcb09
669,679,2026-04-12 06:45:05,2026-04-12 07:57:05,linkedin,fs8b65b6f5
670,1395,2026-05-02 17:14:20,2026-05-02 18:27:20,facebook,fvafda83d5
671,795,2026-05-02 16:46:20,2026-05-02 18:29:20,organic,gsec7b4934
672,721,2026-05-23 12:04:44,2026-05-23 12:26:44,bing,gs803a1f60
673,919,2026-04-21 11:30:40,2026-04-21 12:13:40,bing,gd0c96ca02
674,82,2026-04-03 15:42:14,2026-04-03 16:39:14,email,gs2876bc3e
675,1105,2026-04-24 19:10:39,2026-04-24 20:21:39,bing,gs0223cdcd
676,519,2026-04-08 17:32:53,2026-04-08 18:44:53,youtube,gdc247b366
677,753,2026-04-14 11:29:48,2026-04-14 11:49:48,facebook,fff16f422b
678,1627,2026-04-11 15:07:04,2026-04-11 15:29:04,youtube,gd9f97b1e6
679,297,2026-04-27 11:44:46,2026-04-27 12:55:46,twitter,ff9a614e7c
680,1359,2026-05-05 14:56:29,2026-05-05 16:31:29,facebook,fv358188ca
681,687,2026-04-19 13:28:58,2026-04-19 14:15:58,direct,gsfca73ab1
682,1246,2026-04-22 19:48:48,2026-04-22 20:22:48,google,gd5adfbb52
683,601,2026-05-30 12:40:20,2026-05-30 13:23:20,facebook,fs3abab503
684,1961,2026-04-23 12:09:01,2026-04-23 13:02:01,direct,gs91e8d3c7
685,532,2026-05-14 11:05:37,2026-05-14 11:55:37,email,gdc7996486
686,1272,2026-05-12 12:21:15,2026-05-12 13:12:15,google,gs9192c6a3
687,1093,2026-04-30 13:33:39,2026-04-30 14:57:39,bing,gd6d5c4fb7
688,1255,2026-04-12 13:35:00,2026-04-12 13:44:00,twitter,ffab6aebac
689,48,2026-05-13 22:32:59,2026-05-14 00:30:59,instagram,if7ac51fc1
690,289,2026-04-12 08:35:12,2026-04-12 10:25:12,email,gsab7bf43d
691,20,2026-04-09 13:31:46,2026-04-09 15:08:46,google,gdb00bed11
692,1354,2026-04-16 14:00:42,2026-04-16 14:24:42,youtube,gd6b21391d
693,1660,2026-05-29 16:40:32,2026-05-29 17:57:32,google,gs8210a0f9
694,629,2026-04-18 17:49:32,2026-04-18 19:40:32,instagram,if23ed4243
695,606,2026-05-23 12:43:26,2026-05-23 13:40:26,twitter,fffba0a38e
696,665,2026-05-30 10:32:35,2026-05-30 11:45:35,organic,gd8ea8019a
697,286,2026-04-07 11:04:06,2026-04-07 11:55:06,twitter,fv29064b5b
698,1154,2026-04-06 08:28:57,2026-04-06 10:27:57,facebook,fs04b372da
699,648,2026-05-06 12:35:06,2026-05-06 13:40:06,email,gdc1451fac
700,1324,2026-05-17 12:44:39,2026-05-17 14:10:39,email,gd2266f580
701,761,2026-04-14 16:39:16,2026-04-14 17:54:16,email,gd21181620
702,708,2026-04-05 09:55:33,2026-04-05 10:58:33,organic,gd612af3c0
703,1677,2026-05-07 06:35:36,2026-05-07 07:35:36,bing,gd420474bf
704,907,2026-05-24 13:25:12,2026-05-24 14:50:12,instagram,isd9707a32
705,1349,2026-04-23 13:22:01,2026-04-23 14:31:01,bing,gs6e2a7b70
706,1532,2026-04-12 10:32:13,2026-04-12 12:29:13,instagram,ir6fac6da6
707,1985,2026-05-05 03:28:46,2026-05-05 05:02:46,youtube,gs71c4a516
708,1876,2026-04-09 13:29:04,2026-04-09 14:56:04,email,gsa00b60ea
709,638,2026-04-30 08:51:12,2026-04-30 10:47:12,direct,gse9c5b935
710,385,2026-04-25 10:06:04,2026-04-25 10:54:04,direct,gd5adfbb52
711,1118,2026-05-08 11:29:56,2026-05-08 13:01:56,bing,gsd9c1480f
712,153,2026-05-01 14:44:51,2026-05-01 15:42:51,twitter,ff6988c7c8
713,1215,2026-04-18 08:55:02,2026-04-18 10:34:02,instagram,is3207dbcf
714,423,2026-04-09 05:34:15,2026-04-09 06:00:15,facebook,fvd6747fa5
715,1506,2026-05-03 11:00:19,2026-05-03 11:42:19,direct,gd0c96ca02
716,1150,2026-04-17 09:10:35,2026-04-17 09:23:35,bing,gd725da9b3
717,1865,2026-04-28 12:37:01,2026-04-28 13:01:01,bing,gsb9ddd7b0
718,1404,2026-04-03 09:27:32,2026-04-03 10:29:32,bing,gsdbeb9c7d
719,1706,2026-05-15 12:28:54,2026-05-15 13:58:54,youtube,gdb05f4391
720,1232,2026-05-31 12:49:30,2026-05-31 14:01:30,email,gs623ab4a2
721,339,2026-04-26 10:59:35,2026-04-26 11:36:35,google,gdc247b366
722,651,2026-05-24 12:18:53,2026-05-24 14:18:53,direct,gddea12b96
723,84,2026-04-14 14:57:36,2026-04-14 16:29:36,direct,gd21987a20
724,1396,2026-04-11 12:00:42,2026-04-11 13:21:42,bing,gd1cc13691
725,389,2026-04-23 20:37:38,2026-04-23 22:26:38,linkedin,ff9a614e7c
726,1121,2026-04-20 12:25:20,2026-04-20 14:14:20,facebook,fv7fa331c7
727,838,2026-04-16 07:53:40,2026-04-16 08:32:40,direct,gdc247b366
728,9,2026-05-29 16:00:09,2026-05-29 16:31:09,facebook,fvccf458b2
729,556,2026-05-07 15:26:16,2026-05-07 16:47:16,google,gsf1442202
730,1172,2026-04-13 07:13:01,2026-04-13 07:38:01,twitter,fs4a32843d
731,1795,2026-05-09 18:26:27,2026-05-09 18:58:27,google,gs91e8d3c7
732,1097,2026-05-04 18:56:01,2026-05-04 19:02:01,twitter,ff61a571ef
733,1421,2026-05-29 08:25:48,2026-05-29 09:22:48,twitter,ff041f0027
734,579,2026-04-18 16:27:01,2026-04-18 16:58:01,direct,gdef38a51b
735,1382,2026-05-23 10:25:35,2026-05-23 10:42:35,youtube,gd25855c08
736,1298,2026-05-10 02:52:11,2026-05-10 03:41:11,instagram,ir72c8eef4
737,88,2026-05-25 17:14:01,2026-05-25 18:40:01,facebook,ff6988c7c8
738,1071,2026-04-09 13:32:06,2026-04-09 14:25:06,google,gs6b22736f
739,1954,2026-04-28 14:48:29,2026-04-28 15:34:29,organic,gsfefbb177
740,836,2026-05-18 12:53:12,2026-05-18 13:33:12,youtube,gd149b0cbc
741,888,2026-06-01 11:48:43,2026-06-01 13:33:43,youtube,gd63dd069e
742,1159,2026-05-31 10:37:08,2026-05-31 12:01:08,facebook,ff7d30346c
743,1043,2026-05-13 10:15:09,2026-05-13 10:38:09,email,gsb803acdd
744,773,2026-04-17 09:56:36,2026-04-17 10:52:36,google,gs3feb9c95
745,558,2026-05-15 16:14:13,2026-05-15 16:28:13,bing,gsfb3225bb
746,1098,2026-04-05 19:55:32,2026-04-05 20:41:32,google,gs80a8c415
747,173,2026-04-30 12:22:57,2026-04-30 14:03:57,direct,gd2883a0fe
748,1445,2026-06-03 14:26:38,2026-06-03 14:55:38,email,gd3fc525da
749,1738,2026-06-01 12:11:33,2026-06-01 13:28:33,instagram,isc80020bc
750,1459,2026-04-21 17:59:26,2026-04-21 18:18:26,email,gs924f142a
751,719,2026-05-22 10:32:45,2026-05-22 10:38:45,twitter,ff9a614e7c
752,1830,2026-05-06 18:38:46,2026-05-06 20:23:46,linkedin,ff548c2f24
753,142,2026-04-06 00:27:41,2026-04-06 00:36:41,email,gs71c4a516
754,121,2026-05-04 12:26:38,2026-05-04 13:06:38,linkedin,ff74d80edc
755,1897,2026-05-13 09:30:32,2026-05-13 11:16:32,bing,gdb3a8fbe5
756,1058,2026-05-03 17:41:09,2026-05-03 18:00:09,twitter,fv1864e775
757,1942,2026-05-06 09:22:44,2026-05-06 09:43:44,facebook,ff98646822
758,204,2026-04-19 08:47:00,2026-04-19 09:49:00,facebook,fv8b51355e
759,1590,2026-04-25 14:10:03,2026-04-25 15:04:03,twitter,ff458d541e
760,1811,2026-04-16 09:47:24,2026-04-16 11:47:24,bing,gd26d86b52
761,1740,2026-04-08 15:13:23,2026-04-08 15:36:23,direct,gs469e3909
762,920,2026-05-24 12:48:25,2026-05-24 12:54:25,twitter,fvd3ce7119
763,963,2026-04-25 18:30:41,2026-04-25 18:42:41,facebook,ffc860c8f0
764,137,2026-06-01 14:59:37,2026-06-01 16:56:37,instagram,ir84294357
765,1561,2026-04-25 09:59:36,2026-04-25 11:47:36,organic,gsee4183c9
766,639,2026-04-24 15:09:42,2026-04-24 16:15:42,youtube,gd0c96ca02
767,942,2026-06-03 12:24:37,2026-06-03 12:42:37,youtube,gd21987a20
768,1985,2026-04-17 13:07:43,2026-04-17 13:54:43,direct,gsb3a69bc0
769,706,2026-05-03 10:17:19,2026-05-03 11:11:19,linkedin,fs00c655ff
770,1302,2026-04-14 13:44:21,2026-04-14 15:24:21,email,gs13f810d7
771,1698,2026-05-07 10:25:12,2026-05-07 11:56:12,organic,gsf8386734
772,910,2026-04-21 18:02:33,2026-04-21 18:54:33,linkedin,fv8b51355e
773,1211,2026-05-16 14:18:04,2026-05-16 15:59:04,organic,gsa6930cc7
774,778,2026-05-10 13:40:07,2026-05-10 14:05:07,email,gddea12b96
775,140,2026-06-02 14:55:42,2026-06-02 15:27:42,instagram,isc9a8e08d
776,1196,2026-05-06 06:38:25,2026-05-06 08:27:25,instagram,is94aaf93a
777,353,2026-05-31 12:37:57,2026-05-31 14:24:57,organic,gsbe07aef0
778,1136,2026-04-21 15:25:46,2026-04-21 16:31:46,direct,gsdbeb9c7d
779,1587,2026-05-21 07:58:06,2026-05-21 09:17:06,facebook,fv8f53108e
780,249,2026-05-21 11:50:56,2026-05-21 13:33:56,linkedin,ff2c29078b
781,352,2026-06-02 07:02:50,2026-06-02 08:13:50,direct,gdb0888941
782,1548,2026-05-10 10:35:04,2026-05-10 11:26:04,twitter,fse724b13e
783,114,2026-04-16 10:55:24,2026-04-16 11:50:24,email,gsb9ddd7b0
784,1372,2026-04-05 10:19:54,2026-04-05 11:25:54,twitter,fv47a3c0a8
785,127,2026-04-05 15:48:33,2026-04-05 16:36:33,youtube,gd6361678a
786,49,2026-05-14 09:57:05,2026-05-14 11:49:05,youtube,gsa00b60ea
787,902,2026-04-21 11:15:20,2026-04-21 11:22:20,instagram,ire99e38e3
788,49,2026-04-08 07:28:22,2026-04-08 08:55:22,instagram,if2b8962e1
789,1106,2026-04-14 16:41:37,2026-04-14 17:09:37,twitter,fv948335be
790,1590,2026-05-07 11:39:56,2026-05-07 13:22:56,linkedin,ffe453a2f8
791,785,2026-05-30 06:14:00,2026-05-30 07:44:00,email,gd38a65925
792,1648,2026-05-15 15:39:31,2026-05-15 17:12:31,email,gdc1451fac
793,1187,2026-04-03 08:46:32,2026-04-03 10:30:32,email,gs316c5ff6
794,1760,2026-04-05 15:29:06,2026-04-05 15:40:06,twitter,fs1c195c37
795,143,2026-05-02 11:42:19,2026-05-02 12:21:19,linkedin,ffe4e9d5c1
796,1727,2026-04-22 11:17:06,2026-04-22 12:08:06,instagram,ire412e1fe
797,1868,2026-04-24 11:08:20,2026-04-24 11:45:20,bing,gdb05f4391
798,1387,2026-04-12 23:27:31,2026-04-13 00:31:31,direct,gsf1442202
799,583,2026-05-08 17:47:19,2026-05-08 18:16:19,organic,gsa0e3e045
800,1443,2026-04-23 10:04:14,2026-04-23 11:12:14,organic,gs4eb05cc4
801,528,2026-05-13 08:36:35,2026-05-13 10:07:35,linkedin,ff98646822
802,438,2026-05-30 11:31:44,2026-05-30 11:47:44,twitter,ffb1f290f5
803,806,2026-05-20 16:45:56,2026-05-20 18:17:56,direct,gs1e09d310
804,462,2026-05-24 09:34:10,2026-05-24 11:10:10,organic,gd546bca75
805,1998,2026-05-09 11:47:35,2026-05-09 13:19:35,organic,gsa6e64954
806,804,2026-04-13 05:49:48,2026-04-13 06:28:48,google,gd8ea8019a
807,493,2026-05-03 10:20:07,2026-05-03 12:11:07,organic,gs14d567c8
808,778,2026-04-16 07:42:25,2026-04-16 08:10:25,direct,gd420474bf
809,603,2026-05-14 08:28:40,2026-05-14 08:59:40,direct,gs45d32d16
810,585,2026-04-23 14:16:38,2026-04-23 14:26:38,email,gs0c6033ca
811,1899,2026-04-07 09:25:45,2026-04-07 10:00:45,organic,gs94a97e1e
812,1036,2026-04-07 22:48:31,2026-04-08 00:16:31,youtube,gseceef4e3
813,656,2026-05-01 13:04:02,2026-05-01 13:50:02,linkedin,ffcc4a31e2
814,421,2026-05-14 16:41:10,2026-05-14 17:45:10,twitter,fs04b372da
815,1300,2026-05-08 10:05:17,2026-05-08 10:11:17,linkedin,fv955ef55a
816,268,2026-04-29 15:04:47,2026-04-29 15:50:47,facebook,fsba30913c
817,1848,2026-05-09 09:14:41,2026-05-09 11:09:41,direct,gdfdba7551
818,1536,2026-05-05 11:59:58,2026-05-05 13:09:58,youtube,gs97f345d4
819,1837,2026-05-16 14:05:04,2026-05-16 15:05:04,twitter,fva9f2e07b
820,1824,2026-04-16 15:54:32,2026-04-16 16:34:32,direct,gd149b0cbc
821,222,2026-06-03 06:03:24,2026-06-03 06:38:24,linkedin,fs7c8b7f9e
822,577,2026-04-26 04:14:42,2026-04-26 05:08:42,email,gs81c7385c
823,1030,2026-05-25 07:33:04,2026-05-25 08:51:04,direct,gs97536e4d
824,353,2026-04-04 11:30:08,2026-04-04 11:58:08,organic,gs4f2aad1a
825,1818,2026-05-02 10:35:21,2026-05-02 12:30:21,email,gs97f345d4
826,283,2026-04-21 17:28:30,2026-04-21 17:57:30,email,gs3feb9c95
827,1532,2026-06-01 19:11:23,2026-06-01 19:18:23,bing,gd149b0cbc
828,888,2026-04-13 13:20:39,2026-04-13 14:09:39,linkedin,ffcbf3bd70
829,895,2026-05-03 12:41:59,2026-05-03 13:56:59,linkedin,ff84d6d783
830,973,2026-05-06 13:35:40,2026-05-06 15:17:40,linkedin,ff458d541e
831,740,2026-04-10 18:47:12,2026-04-10 19:09:12,twitter,fs334bd8e8
832,1074,2026-04-28 08:21:30,2026-04-28 10:05:30,youtube,gs39364384
833,1252,2026-04-26 13:31:24,2026-04-26 15:20:24,email,gseceef4e3
834,982,2026-05-05 18:45:24,2026-05-05 20:37:24,organic,gsbe07aef0
835,571,2026-05-21 17:55:07,2026-05-21 19:15:07,instagram,is3c07063f
836,724,2026-05-10 11:10:52,2026-05-10 11:59:52,twitter,fv7fa331c7
837,787,2026-05-27 04:14:46,2026-05-27 05:51:46,organic,gseceef4e3
838,1541,2026-04-22 18:21:17,2026-04-22 19:16:17,linkedin,ffb1f290f5
839,361,2026-04-19 11:58:41,2026-04-19 12:08:41,linkedin,ffc41d8f45
840,607,2026-05-07 12:57:39,2026-05-07 13:11:39,bing,gd82a9ebf0
841,715,2026-04-06 12:24:16,2026-04-06 14:00:16,instagram,ife95547d6
842,831,2026-04-26 15:57:03,2026-04-26 16:41:03,linkedin,fvd3ce7119
843,655,2026-04-09 12:21:36,2026-04-09 14:01:36,instagram,if57b14c4f
844,1863,2026-05-15 18:36:36,2026-05-15 19:16:36,instagram,is9ed2af75
845,126,2026-05-25 20:02:41,2026-05-25 20:23:41,facebook,ff1aced35b
846,1894,2026-05-20 10:10:39,2026-05-20 11:47:39,instagram,is649a04b6
847,1157,2026-04-28 08:52:33,2026-04-28 10:10:33,organic,gs6e2a7b70
848,667,2026-04-10 12:49:32,2026-04-10 14:33:32,facebook,fs1aa89207
849,1869,2026-05-29 12:43:57,2026-05-29 13:50:57,organic,gd149b0cbc
850,1851,2026-04-07 07:55:51,2026-04-07 08:22:51,email,gs266e832d
851,1422,2026-04-15 17:49:37,2026-04-15 19:29:37,direct,gdb46f6d2b
852,1426,2026-05-25 14:36:04,2026-05-25 15:10:04,youtube,gdfdba7551
853,1074,2026-04-21 09:41:21,2026-04-21 10:56:21,instagram,isd9707a32
854,252,2026-05-30 10:20:34,2026-05-30 10:51:34,youtube,gd26d86b52
855,112,2026-04-11 18:41:13,2026-04-11 18:58:13,facebook,ff90417a11
856,1192,2026-05-22 17:47:29,2026-05-22 19:17:29,direct,gd0500c2b3
857,1961,2026-04-29 08:29:43,2026-04-29 10:22:43,direct,gd3e3b3adc
858,76,2026-05-07 20:13:29,2026-05-07 21:35:29,email,gs1c6883a4
859,701,2026-04-07 12:37:13,2026-04-07 12:47:13,twitter,ff4f7713d5
860,1281,2026-04-29 10:20:03,2026-04-29 11:17:03,youtube,gd3c70a473
861,449,2026-04-18 10:58:01,2026-04-18 11:42:01,youtube,gs803a1f60
862,1076,2026-04-26 15:16:10,2026-04-26 15:40:10,twitter,fv6f6687aa
863,1123,2026-04-30 16:58:12,2026-04-30 17:38:12,instagram,if2b8962e1
864,455,2026-04-07 12:05:37,2026-04-07 13:23:37,youtube,gs13f810d7
865,862,2026-05-31 11:10:36,2026-05-31 12:54:36,youtube,gs91e8d3c7
866,730,2026-04-26 09:31:20,2026-04-26 10:45:20,organic,gseb982198
867,1809,2026-04-29 12:40:04,2026-04-29 13:47:04,linkedin,fv074867d8
868,549,2026-04-25 17:08:09,2026-04-25 17:21:09,linkedin,fvf072556a
869,998,2026-05-13 16:40:23,2026-05-13 17:21:23,twitter,fs143eac27
870,676,2026-04-20 15:11:25,2026-04-20 15:56:25,instagram,ir4bc640e6
871,961,2026-05-15 12:20:38,2026-05-15 13:47:38,email,gsf34f79e1
872,37,2026-06-01 12:43:49,2026-06-01 13:11:49,facebook,fff59e8db3
873,860,2026-04-23 15:49:21,2026-04-23 16:55:21,direct,gd9b18aab1
874,1305,2026-06-01 14:50:48,2026-06-01 15:51:48,email,gscc974594
875,1990,2026-05-04 15:00:31,2026-05-04 15:30:31,facebook,fs3abab503
876,918,2026-04-28 17:18:22,2026-04-28 18:48:22,organic,gsbde49a7b
877,996,2026-04-30 17:29:56,2026-04-30 18:12:56,facebook,fs1aa89207
878,133,2026-04-25 10:15:50,2026-04-25 11:51:50,email,gsce7d346b
879,986,2026-04-20 20:30:32,2026-04-20 21:13:32,google,gsc9408f0b
880,1462,2026-04-20 06:37:14,2026-04-20 07:09:14,facebook,fv4cf2d2c9
881,303,2026-05-25 10:15:55,2026-05-25 10:38:55,bing,gdc188a30e
882,351,2026-04-04 15:32:09,2026-04-04 16:45:09,google,gd4b27b245
883,1586,2026-04-26 20:15:31,2026-04-26 20:49:31,bing,gd0500c2b3
884,1133,2026-04-22 18:06:55,2026-04-22 19:38:55,bing,gd3a6d69ac
885,583,2026-04-04 12:13:39,2026-04-04 12:35:39,twitter,fv6bd257de
886,733,2026-05-09 10:49:02,2026-05-09 11:41:02,facebook,fv953ef8ad
887,437,2026-04-29 09:30:51,2026-04-29 10:35:51,direct,gs45d32d16
888,107,2026-04-09 10:42:38,2026-04-09 12:06:38,linkedin,fv074867d8
889,1190,2026-04-08 09:55:51,2026-04-08 10:56:51,youtube,gsf75a761a
890,824,2026-06-01 20:04:35,2026-06-01 21:27:35,facebook,fvb5751097
891,343,2026-06-02 21:29:12,2026-06-02 22:56:12,organic,gd38a04a60
892,76,2026-04-04 14:06:37,2026-04-04 15:53:37,email,gs316c5ff6
893,680,2026-04-12 07:17:47,2026-04-12 07:54:47,direct,gs80a8c415
894,1636,2026-04-09 08:30:38,2026-04-09 09:10:38,youtube,gdabc6673f
895,1936,2026-04-10 09:53:50,2026-04-10 11:49:50,direct,gd9f97b1e6
896,1808,2026-05-20 13:35:12,2026-05-20 15:17:12,direct,gs8a7b7400
897,1181,2026-05-03 04:06:42,2026-05-03 04:15:42,google,gs2876bc3e
898,1537,2026-05-14 09:36:20,2026-05-14 10:13:20,linkedin,fv6f6687aa
899,953,2026-05-26 14:41:16,2026-05-26 15:12:16,instagram,ir4bc640e6
900,520,2026-04-07 03:36:21,2026-04-07 03:47:21,linkedin,fv955ef55a
901,491,2026-06-01 12:53:33,2026-06-01 13:30:33,twitter,fs767e2714
902,138,2026-05-01 10:52:04,2026-05-01 11:36:04,email,gdef38a51b
903,1983,2026-05-29 08:14:50,2026-05-29 09:16:50,youtube,gs6b8e4cfc
904,611,2026-06-01 10:57:15,2026-06-01 12:15:15,organic,gs97f345d4
905,537,2026-04-27 11:24:41,2026-04-27 12:35:41,organic,gs5c5f6452
906,505,2026-05-07 18:29:24,2026-05-07 19:19:24,instagram,is34b38385
907,1395,2026-04-04 16:20:12,2026-04-04 16:29:12,linkedin,ff041f0027
908,37,2026-04-28 15:59:03,2026-04-28 16:51:03,twitter,ff90417a11
909,820,2026-04-04 17:10:57,2026-04-04 17:26:57,organic,gs6906869b
910,1887,2026-05-03 17:53:25,2026-05-03 19:51:25,youtube,gs6e2a7b70
911,1743,2026-05-23 12:04:23,2026-05-23 13:49:23,direct,gd26d86b52
912,614,2026-04-10 16:11:59,2026-04-10 17:13:59,email,gdef38a51b
913,1555,2026-05-25 13:36:49,2026-05-25 15:04:49,instagram,isc8fd835d
914,434,2026-04-12 10:08:02,2026-04-12 10:58:02,instagram,if12a3e808
915,121,2026-04-09 06:46:00,2026-04-09 08:12:00,facebook,ff7d547a32
916,1099,2026-04-08 08:54:17,2026-04-08 09:15:17,organic,gd5f04d8b1
917,1933,2026-04-28 16:57:28,2026-04-28 18:15:28,google,gsf0b4b45c
918,1699,2026-05-19 15:15:50,2026-05-19 15:25:50,organic,gd5117348e
919,1022,2026-05-08 14:37:10,2026-05-08 14:57:10,linkedin,fff8a1c725
920,1307,2026-04-29 05:40:37,2026-04-29 07:14:37,youtube,gd9b18aab1
921,309,2026-05-27 08:35:39,2026-05-27 10:23:39,email,gs93ea998b
922,1064,2026-05-15 14:17:56,2026-05-15 15:59:56,organic,gsaf752a95
923,71,2026-05-20 09:12:30,2026-05-20 10:39:30,direct,gs6b8e4cfc
924,1246,2026-04-05 16:09:09,2026-04-05 17:00:09,bing,gse2c5536a
925,1597,2026-05-20 07:09:03,2026-05-20 07:40:03,direct,gdc1451fac
926,228,2026-05-31 16:51:34,2026-05-31 17:51:34,google,gseb982198
927,1588,2026-05-20 11:37:03,2026-05-20 13:06:03,linkedin,fs539ae755
928,1584,2026-04-16 02:18:05,2026-04-16 02:45:05,email,gd6d5c4fb7
929,42,2026-05-12 15:43:42,2026-05-12 16:45:42,organic,gd371ddd33
930,1015,2026-06-03 09:56:19,2026-06-03 10:07:19,organic,gsbd66cacf
931,437,2026-04-16 17:03:41,2026-04-16 18:32:41,facebook,ffcbf3bd70
932,1252,2026-04-08 06:51:38,2026-04-08 08:17:38,facebook,fsf6032f58
933,381,2026-05-08 13:54:52,2026-05-08 15:44:52,direct,gs52439ec1
934,1561,2026-05-13 10:13:57,2026-05-13 10:53:57,google,gd21181620
935,412,2026-04-05 14:02:02,2026-04-05 15:17:02,organic,gsdbeb9c7d
936,1842,2026-05-18 17:04:12,2026-05-18 17:29:12,facebook,fvbbb991e3
937,397,2026-04-26 11:20:15,2026-04-26 11:38:15,google,gs3feb9c95
938,1146,2026-05-21 10:19:10,2026-05-21 12:16:10,instagram,ir47ee1469
939,113,2026-05-23 16:46:13,2026-05-23 17:28:13,twitter,fs964885e9
940,1170,2026-05-12 06:01:54,2026-05-12 06:09:54,email,gd4b27b245
941,1882,2026-04-10 20:42:24,2026-04-10 22:07:24,facebook,fsbbec5625
942,1304,2026-04-20 17:28:25,2026-04-20 18:04:25,twitter,fs1841be66
943,938,2026-04-10 10:07:42,2026-04-10 11:33:42,direct,gs3e94542d
944,1685,2026-05-27 15:54:19,2026-05-27 17:43:19,facebook,fseff03aaa
945,947,2026-05-13 07:02:09,2026-05-13 07:21:09,youtube,gsd8c9449b
946,1832,2026-04-28 09:53:02,2026-04-28 11:48:02,linkedin,fvc008b18c
947,1314,2026-04-09 06:57:09,2026-04-09 08:20:09,organic,gs6b291adf
948,1121,2026-04-24 11:03:49,2026-04-24 11:23:49,direct,gs14d567c8
949,405,2026-04-10 18:57:05,2026-04-10 20:54:05,bing,gd25855c08
950,1379,2026-05-17 15:30:00,2026-05-17 17:24:00,organic,gs3ac8e779
951,730,2026-06-01 08:29:14,2026-06-01 09:09:14,twitter,fsc1ad2f18
952,360,2026-05-16 16:00:10,2026-05-16 17:53:10,bing,gs14d567c8
953,1244,2026-04-19 11:06:55,2026-04-19 12:13:55,google,gsa6930cc7
954,166,2026-05-08 16:14:31,2026-05-08 16:39:31,google,gd546bca75
955,645,2026-05-23 05:51:28,2026-05-23 06:47:28,youtube,gsc9408f0b
956,705,2026-05-26 02:02:50,2026-05-26 02:12:50,linkedin,fv953ef8ad
957,475,2026-05-20 06:29:48,2026-05-20 07:41:48,instagram,isa9a548ea
958,1595,2026-05-26 17:45:48,2026-05-26 18:40:48,linkedin,fv6f6687aa
959,571,2026-04-08 11:32:35,2026-04-08 12:01:35,bing,gd612af3c0
960,1231,2026-05-31 13:06:10,2026-05-31 14:58:10,google,gd90f8d35b
961,652,2026-05-18 19:12:00,2026-05-18 20:01:00,facebook,fva9f2e07b
962,232,2026-06-02 16:10:44,2026-06-02 16:24:44,linkedin,fs828c2d72
963,96,2026-05-02 08:46:23,2026-05-02 09:08:23,email,gsb3a69bc0
964,1538,2026-04-24 10:11:46,2026-04-24 11:52:46,bing,gdd7bca411
965,1395,2026-04-19 15:07:29,2026-04-19 15:46:29,organic,gs3feb9c95
966,535,2026-04-16 21:59:51,2026-04-16 22:16:51,facebook,fs1c195c37
967,148,2026-05-20 17:53:56,2026-05-20 19:04:56,facebook,ff19a5d94b
968,432,2026-04-20 08:28:25,2026-04-20 08:40:25,google,gs6b22736f
969,1336,2026-04-11 13:07:04,2026-04-11 14:10:04,youtube,gs80a8c415
970,1277,2026-04-25 12:43:30,2026-04-25 14:20:30,google,gsab7bf43d
971,484,2026-04-15 03:24:18,2026-04-15 05:12:18,email,gse70f47ab
972,1185,2026-05-11 05:53:54,2026-05-11 06:04:54,organic,gs73337af1
973,487,2026-04-14 16:53:21,2026-04-14 17:03:21,instagram,is99ec201d
974,1832,2026-05-30 16:26:00,2026-05-30 17:38:00,twitter,fs143eac27
975,457,2026-04-06 11:31:45,2026-04-06 13:18:45,instagram,isdc1672db
976,1530,2026-04-24 09:35:53,2026-04-24 09:47:53,email,gs08e0bf3b
977,619,2026-05-05 15:25:30,2026-05-05 16:55:30,youtube,gs94a97e1e
978,374,2026-05-12 11:04:22,2026-05-12 12:07:22,linkedin,fs4a32843d
979,429,2026-05-31 15:31:58,2026-05-31 17:01:58,linkedin,fv39f5ab97
980,963,2026-05-25 04:23:06,2026-05-25 05:23:06,email,gdc247b366
981,512,2026-04-26 10:58:41,2026-04-26 12:54:41,facebook,ff84d6d783
982,1955,2026-05-29 08:00:36,2026-05-29 09:13:36,email,gs9ed78113
983,564,2026-04-08 20:10:32,2026-04-08 21:50:32,direct,gdbbb479b7
984,1029,2026-04-19 08:34:30,2026-04-19 10:20:30,facebook,ff71c0e6d7
985,664,2026-04-14 10:28:27,2026-04-14 12:20:27,linkedin,fs109b53ef
986,986,2026-04-05 08:56:43,2026-04-05 09:13:43,bing,gsc4c5b7dd
987,1679,2026-04-14 13:05:16,2026-04-14 14:06:16,organic,gs9192c6a3
988,1836,2026-04-22 11:42:58,2026-04-22 12:17:58,google,gsf34f79e1
989,164,2026-05-20 08:39:34,2026-05-20 09:54:34,twitter,fv3916ae56
990,1195,2026-05-25 17:21:20,2026-05-25 17:46:20,youtube,gd5117348e
991,53,2026-05-24 10:44:35,2026-05-24 12:30:35,email,gs14d567c8
992,380,2026-05-04 12:41:08,2026-05-04 14:12:08,linkedin,fvccf458b2
993,1799,2026-04-29 19:25:31,2026-04-29 21:01:31,twitter,fvcb701b22
994,1379,2026-05-12 13:34:29,2026-05-12 15:26:29,youtube,gs9192c6a3
995,818,2026-05-11 07:10:25,2026-05-11 08:32:25,organic,gs39364384
996,804,2026-05-14 06:36:26,2026-05-14 06:55:26,google,gdd7bca411
997,641,2026-04-07 15:09:36,2026-04-07 16:31:36,twitter,ffc41d8f45
998,1480,2026-05-13 03:58:55,2026-05-13 05:56:55,bing,gsec7b4934
999,299,2026-04-10 11:05:18,2026-04-10 12:24:18,organic,gd2ec38a5d
1000,1627,2026-04-26 11:02:55,2026-04-26 11:15:55,google,gd3fc525da
1001,515,2026-04-26 16:27:34,2026-04-26 16:58:34,direct,gs9f813500
1002,998,2026-05-03 19:48:36,2026-05-03 20:12:36,linkedin,fscfd87f64
1003,1471,2026-04-12 01:38:05,2026-04-12 02:41:05,youtube,gdd7bca411
1004,978,2026-05-12 17:55:30,2026-05-12 18:41:30,linkedin,fvccf458b2
1005,1865,2026-04-30 10:33:14,2026-04-30 11:16:14,bing,gse70f47ab
1006,1660,2026-04-10 23:42:53,2026-04-11 00:53:53,organic,gd82a9ebf0
1007,907,2026-04-14 11:10:46,2026-04-14 12:19:46,google,gs006248fd
1008,181,2026-05-10 14:58:55,2026-05-10 15:34:55,google,gs316c5ff6
1009,320,2026-05-06 12:36:37,2026-05-06 13:49:37,linkedin,fv955ef55a
1010,812,2026-05-02 14:45:14,2026-05-02 15:05:14,direct,gsed6fd34c
1011,1010,2026-04-13 13:28:48,2026-04-13 14:41:48,direct,gsab7bf43d
1012,812,2026-05-12 12:26:46,2026-05-12 13:35:46,email,gs14d567c8
1013,900,2026-04-21 09:17:53,2026-04-21 10:01:53,facebook,fvf44c2007
1014,790,2026-04-25 15:48:13,2026-04-25 16:36:13,youtube,gs703a9d1f
1015,1284,2026-04-16 10:00:29,2026-04-16 11:58:29,google,gsa6930cc7
1016,1782,2026-06-02 12:50:43,2026-06-02 13:10:43,linkedin,fs95512219
1017,598,2026-04-07 19:18:01,2026-04-07 20:55:01,direct,gs1e09d310
1018,96,2026-05-06 12:02:09,2026-05-06 12:46:09,bing,gs81c7385c
1019,425,2026-04-15 05:28:45,2026-04-15 06:37:45,google,gs623ab4a2
1020,1769,2026-05-21 15:39:20,2026-05-21 15:59:20,youtube,gs6b22736f
1021,1016,2026-06-03 12:53:55,2026-06-03 13:04:55,youtube,gd2883a0fe
1022,1016,2026-05-29 12:36:38,2026-05-29 13:44:38,bing,gs1e09d310
1023,382,2026-05-30 14:05:17,2026-05-30 14:43:17,email,gs94ebf2ef
1024,1313,2026-04-29 20:25:47,2026-04-29 21:15:47,google,gd38a04a60
1025,1794,2026-05-10 02:49:34,2026-05-10 03:44:34,twitter,ff2c29078b
1026,630,2026-05-12 20:36:24,2026-05-12 22:29:24,bing,gs9f813500
1027,1834,2026-05-12 15:47:31,2026-05-12 16:19:31,instagram,isb00060c5
1028,48,2026-06-02 10:44:56,2026-06-02 11:16:56,direct,gd8ea8019a
1029,1773,2026-05-09 12:51:34,2026-05-09 14:37:34,direct,gs1801d39e
1030,1174,2026-04-08 08:39:30,2026-04-08 09:01:30,twitter,ffb53593bf
1031,59,2026-04-04 10:05:56,2026-04-04 10:47:56,organic,gd75d01710
1032,1504,2026-05-27 13:59:50,2026-05-27 15:04:50,facebook,ff74d80edc
1033,945,2026-05-30 16:33:56,2026-05-30 16:41:56,instagram,is3207dbcf
1034,148,2026-05-16 08:19:44,2026-05-16 08:41:44,instagram,if7ae91629
1035,572,2026-04-27 09:13:21,2026-04-27 10:03:21,bing,gdfdba7551
1036,238,2026-05-29 12:18:05,2026-05-29 12:36:05,linkedin,fs3abab503
1037,132,2026-04-09 12:45:12,2026-04-09 14:07:12,linkedin,fs334bd8e8
1038,1593,2026-05-25 11:39:49,2026-05-25 13:28:49,instagram,ifeb9da2b9
1039,1507,2026-05-24 01:24:06,2026-05-24 02:21:06,direct,gs8a7b7400
1040,841,2026-04-17 07:19:01,2026-04-17 08:45:01,facebook,fv45ab9ef3
1041,33,2026-05-28 17:52:29,2026-05-28 17:58:29,instagram,ife95547d6
1042,49,2026-05-21 14:08:51,2026-05-21 15:33:51,instagram,irc3be5819
1043,1921,2026-04-28 10:52:43,2026-04-28 11:46:43,facebook,fvafc6a3be
1044,315,2026-05-15 08:19:42,2026-05-15 09:14:42,linkedin,fvc008b18c
1045,1924,2026-06-03 16:56:21,2026-06-03 18:10:21,email,gsfefbb177
1046,586,2026-05-17 12:08:24,2026-05-17 13:55:24,bing,gdb0888941
1047,252,2026-05-16 12:32:21,2026-05-16 14:13:21,bing,gs6b22736f
1048,813,2026-06-01 12:52:20,2026-06-01 13:27:20,youtube,gseb982198
1049,743,2026-05-01 09:39:21,2026-05-01 11:03:21,bing,gdbdecbcb4
1050,1752,2026-05-03 13:51:58,2026-05-03 15:42:58,email,gd25855c08
1051,460,2026-05-08 12:12:56,2026-05-08 12:41:56,instagram,is7178af5d
1052,1227,2026-05-28 08:56:36,2026-05-28 09:52:36,organic,gd25855c08
1053,221,2026-05-24 10:01:04,2026-05-24 11:48:04,organic,gsf8386734
1054,1623,2026-04-23 11:46:08,2026-04-23 13:32:08,facebook,ffe4e9d5c1
1055,713,2026-05-08 14:42:59,2026-05-08 15:27:59,linkedin,ff8ebfba9f
1056,908,2026-04-12 12:03:02,2026-04-12 13:48:02,google,gs8210a0f9
1057,471,2026-05-28 08:33:15,2026-05-28 10:12:15,youtube,gsab7bf43d
1058,1471,2026-05-16 15:45:36,2026-05-16 17:03:36,instagram,ir0525cdf1
1059,634,2026-04-17 12:36:19,2026-04-17 13:45:19,email,gs4eb05cc4
1060,1067,2026-05-01 06:43:38,2026-05-01 07:11:38,facebook,fvccf458b2
1061,96,2026-05-15 18:03:16,2026-05-15 18:39:16,email,gs49917a30
1062,1383,2026-05-09 18:00:12,2026-05-09 18:14:12,linkedin,ff36b32408
1063,1619,2026-05-11 00:29:31,2026-05-11 02:16:31,direct,gsf1442202
1064,1115,2026-05-19 13:50:58,2026-05-19 14:36:58,email,gd21181620
1065,953,2026-05-18 16:30:32,2026-05-18 17:02:32,facebook,ff860e3ca6
1066,655,2026-04-18 13:54:54,2026-04-18 15:34:54,bing,gsa0e3e045
1067,1654,2026-04-20 19:47:08,2026-04-20 20:05:08,facebook,ffb02c1170
1068,291,2026-05-05 11:09:57,2026-05-05 11:17:57,instagram,isc80020bc
1069,175,2026-05-23 13:17:14,2026-05-23 13:27:14,instagram,is9e376887
1070,1597,2026-04-25 13:08:46,2026-04-25 13:19:46,twitter,fvddb067fc
1071,404,2026-05-30 12:04:03,2026-05-30 13:30:03,youtube,gsbde49a7b
1072,936,2026-05-25 17:57:21,2026-05-25 19:15:21,twitter,fv29064b5b
1073,1310,2026-04-15 07:44:48,2026-04-15 09:00:48,direct,gd2ec38a5d
1074,1422,2026-05-30 11:12:44,2026-05-30 12:55:44,organic,gs3e94542d
1075,27,2026-04-22 19:54:36,2026-04-22 20:56:36,linkedin,fs1f6bff02
1076,1952,2026-05-26 10:29:19,2026-05-26 11:18:19,bing,gs91e8d3c7
1077,1506,2026-04-26 11:47:33,2026-04-26 12:36:33,direct,gs6b5ab8e7
1078,71,2026-04-21 18:31:54,2026-04-21 19:38:54,twitter,ff1849c687
1079,1784,2026-05-21 05:55:55,2026-05-21 07:51:55,email,gs73337af1
1080,1668,2026-04-04 08:09:14,2026-04-04 10:06:14,facebook,ffab6aebac
1081,715,2026-04-27 18:48:24,2026-04-27 19:40:24,bing,gsb13432cb
1082,1386,2026-05-21 10:12:10,2026-05-21 11:52:10,email,gsab7bf43d
1083,388,2026-04-19 10:20:20,2026-04-19 11:41:20,google,gs71c4a516
1084,1408,2026-05-03 07:51:38,2026-05-03 09:46:38,twitter,fvf072556a
1085,1029,2026-04-15 09:56:17,2026-04-15 10:31:17,youtube,gsde53376a
1086,1167,2026-04-12 14:49:23,2026-04-12 16:10:23,instagram,is3bd38c3e
1087,338,2026-06-02 15:13:57,2026-06-02 16:00:57,email,gsa00b60ea
1088,188,2026-05-13 04:42:46,2026-05-13 06:32:46,direct,gs3feb9c95
1089,517,2026-05-31 12:04:37,2026-05-31 13:23:37,email,gs91e8d3c7
1090,1905,2026-05-31 14:42:08,2026-05-31 15:11:08,instagram,if1e18c0bf
1091,283,2026-05-14 05:08:46,2026-05-14 06:22:46,youtube,gs49917a30
1092,1931,2026-05-09 12:52:35,2026-05-09 13:25:35,instagram,is9ed2af75
1093,334,2026-04-15 23:10:45,2026-04-15 23:47:45,email,gsd37a69e5
1094,513,2026-04-13 07:25:00,2026-04-13 07:43:00,twitter,fs8669fa73
1095,1870,2026-05-21 13:47:54,2026-05-21 15:45:54,bing,gd38a65925
1096,712,2026-04-08 11:11:25,2026-04-08 11:23:25,google,gd5adfbb52
1097,972,2026-05-10 09:50:47,2026-05-10 10:53:47,youtube,gd90f8d35b
1098,779,2026-06-03 15:15:36,2026-06-03 16:38:36,bing,gs19375e76
1099,45,2026-05-25 12:30:40,2026-05-25 13:17:40,organic,gs6c1281f2
1100,792,2026-05-28 16:43:33,2026-05-28 17:09:33,direct,gd0c96ca02
1101,1357,2026-05-22 07:08:14,2026-05-22 07:41:14,direct,gs6e2a7b70
1102,986,2026-05-30 19:39:05,2026-05-30 20:40:05,linkedin,fvc008b18c
1103,596,2026-05-07 09:58:24,2026-05-07 11:50:24,instagram,if8c68d212
1104,1492,2026-05-15 05:35:53,2026-05-15 06:24:53,twitter,fvddb067fc
1105,673,2026-04-18 12:10:24,2026-04-18 13:50:24,facebook,fvd3ce7119
1106,548,2026-05-19 09:29:18,2026-05-19 11:26:18,instagram,if8c68d212
1107,675,2026-05-08 16:36:05,2026-05-08 18:15:05,facebook,ff84d6d783
1108,671,2026-05-05 14:32:13,2026-05-05 14:43:13,youtube,gs14d567c8
1109,1379,2026-04-29 20:06:53,2026-04-29 21:36:53,linkedin,fvcec2346a
1110,385,2026-05-29 12:44:55,2026-05-29 13:41:55,google,gsbd66cacf
1111,81,2026-05-15 06:34:12,2026-05-15 06:50:12,youtube,gs05e5cac3
1112,1181,2026-04-05 03:55:36,2026-04-05 05:52:36,bing,gdcf273b8b
1113,1720,2026-04-04 17:12:05,2026-04-04 17:23:05,email,gdcf273b8b
1114,139,2026-04-29 06:11:52,2026-04-29 06:43:52,twitter,ffcc3aaac0
1115,1861,2026-05-08 01:53:32,2026-05-08 02:26:32,direct,gs36be54c4
1116,624,2026-05-17 17:48:11,2026-05-17 18:24:11,instagram,if340650c8
1117,1634,2026-04-17 14:31:39,2026-04-17 16:17:39,facebook,fvf35ac62e
1118,723,2026-04-30 10:30:16,2026-04-30 10:38:16,organic,gs5efc01df
1119,213,2026-04-19 18:10:27,2026-04-19 18:50:27,instagram,ir78c8046c
1120,544,2026-04-25 10:48:44,2026-04-25 12:34:44,instagram,if6112e386
1121,1426,2026-05-18 11:09:59,2026-05-18 12:26:59,direct,gs6b3def12
1122,1364,2026-05-03 09:10:37,2026-05-03 10:57:37,instagram,ir3cde7d2e
1123,1494,2026-04-08 15:19:40,2026-04-08 17:15:40,organic,gsfefbb177
1124,616,2026-04-15 15:43:29,2026-04-15 16:32:29,instagram,isb9ff5579
1125,1190,2026-05-09 15:19:43,2026-05-09 16:04:43,bing,gs6d537575
1126,859,2026-05-15 05:42:26,2026-05-15 07:41:26,email,gd38a65925
1127,1544,2026-04-19 14:17:53,2026-04-19 15:49:53,facebook,ff4f7713d5
1128,1171,2026-04-28 18:55:13,2026-04-28 20:45:13,email,gs469e3909
1129,1317,2026-04-29 09:51:33,2026-04-29 10:32:33,direct,gs39364384
1130,834,2026-05-23 12:53:06,2026-05-23 14:25:06,youtube,gd546bca75
1131,1291,2026-05-26 14:47:13,2026-05-26 15:09:13,organic,gsaf752a95
1132,420,2026-04-21 07:47:40,2026-04-21 09:06:40,organic,gs6b8e4cfc
1133,559,2026-06-01 10:57:52,2026-06-01 11:13:52,twitter,fvafda83d5
1134,1105,2026-06-01 18:12:25,2026-06-01 20:11:25,email,gs6b22736f
1135,1485,2026-04-12 15:43:08,2026-04-12 17:03:08,facebook,fffba0a38e
1136,1311,2026-05-25 11:36:24,2026-05-25 12:45:24,facebook,fs38be038f
1137,897,2026-04-20 09:24:45,2026-04-20 10:44:45,twitter,fscfd87f64
1138,1957,2026-06-03 18:41:45,2026-06-03 20:20:45,instagram,iffcf78a67
1139,115,2026-06-03 15:22:36,2026-06-03 16:25:36,youtube,gs8ca7e72d
1140,1259,2026-04-07 14:35:51,2026-04-07 15:33:51,youtube,gs5efc01df
1141,1548,2026-05-20 12:45:49,2026-05-20 12:50:49,youtube,gse9c5b935
1142,1527,2026-05-15 12:31:16,2026-05-15 13:37:16,direct,gsab7bf43d
1143,1475,2026-05-26 11:29:05,2026-05-26 11:39:05,youtube,gd9b18aab1
1144,1844,2026-04-03 09:20:16,2026-04-03 10:46:16,google,gs035bf887
1145,1389,2026-04-03 09:09:13,2026-04-03 09:53:13,instagram,ifdcb49093
1146,1718,2026-05-17 09:00:02,2026-05-17 10:19:02,youtube,gd5f04d8b1
1147,1814,2026-04-19 06:24:49,2026-04-19 07:34:49,twitter,ff860e3ca6
1148,1268,2026-04-10 13:55:27,2026-04-10 15:03:27,organic,gsb803acdd
1149,964,2026-04-11 20:24:04,2026-04-11 22:05:04,direct,gd6d5c4fb7
1150,1174,2026-04-28 13:00:18,2026-04-28 14:00:18,google,gs91e8d3c7
1151,501,2026-05-05 13:28:46,2026-05-05 14:49:46,youtube,gsde53376a
1152,1805,2026-04-26 15:27:31,2026-04-26 16:37:31,instagram,ir9ba0fffc
1153,1629,2026-04-29 11:30:57,2026-04-29 13:06:57,facebook,ffcc4a31e2
1154,1560,2026-04-18 15:07:43,2026-04-18 15:13:43,instagram,ir6c3393df
1155,552,2026-04-27 06:05:46,2026-04-27 07:03:46,youtube,gdba2776fa
1156,163,2026-05-26 11:51:21,2026-05-26 12:05:21,linkedin,fsa92319ba
1157,1095,2026-05-02 10:53:00,2026-05-02 12:48:00,email,gs8ca7e72d
1158,80,2026-04-12 12:12:57,2026-04-12 13:19:57,email,gs6b3def12
1159,189,2026-04-15 10:45:11,2026-04-15 12:38:11,youtube,gs0223cdcd
1160,536,2026-04-06 14:42:16,2026-04-06 15:29:16,youtube,gsf8386734
1161,1602,2026-05-11 15:09:15,2026-05-11 15:38:15,linkedin,fs19dfdc39
1162,570,2026-05-04 15:47:49,2026-05-04 16:00:49,direct,gd38a04a60
1163,1355,2026-04-07 12:19:23,2026-04-07 12:28:23,bing,gd41619a47
1164,1916,2026-05-23 14:53:56,2026-05-23 16:15:56,bing,gdb3a8fbe5
1165,1887,2026-04-19 16:53:48,2026-04-19 17:00:48,twitter,fvf7b381b7
1166,1769,2026-04-27 10:59:01,2026-04-27 12:09:01,twitter,fv29064b5b
1167,1221,2026-05-11 16:47:28,2026-05-11 17:45:28,facebook,ffb53593bf
1168,83,2026-04-30 11:14:02,2026-04-30 12:55:02,youtube,gsa00b60ea
1169,265,2026-04-07 15:56:02,2026-04-07 16:58:02,direct,gsf1442202
1170,1039,2026-04-07 21:35:59,2026-04-07 23:23:59,email,gd38a65925
1171,254,2026-04-07 12:26:00,2026-04-07 12:55:00,linkedin,fv3e433c83
1172,111,2026-06-03 11:28:46,2026-06-03 12:44:46,google,gs803a1f60
1173,1746,2026-05-22 14:06:15,2026-05-22 14:41:15,google,gd3a6d69ac
1174,1943,2026-06-03 19:08:39,2026-06-03 20:11:39,email,gs695553a0
1175,776,2026-05-01 10:53:11,2026-05-01 11:55:11,email,gs6b8e4cfc
1176,111,2026-04-11 16:29:27,2026-04-11 18:29:27,facebook,fv8f53108e
1177,982,2026-05-16 09:54:34,2026-05-16 11:11:34,organic,gsec7b4934
1178,642,2026-05-26 10:14:28,2026-05-26 11:11:28,organic,gd6b21391d
1179,1021,2026-04-21 06:32:16,2026-04-21 06:59:16,facebook,fs8b65b6f5
1180,1363,2026-04-07 08:30:25,2026-04-07 08:52:25,twitter,ff1aced35b
1181,773,2026-04-14 09:55:39,2026-04-14 11:35:39,email,gscc974594
1182,22,2026-05-29 16:40:31,2026-05-29 16:47:31,youtube,gs623ab4a2
1183,1804,2026-04-08 12:19:19,2026-04-08 13:21:19,organic,gs81c7385c
1184,657,2026-05-05 06:27:30,2026-05-05 08:15:30,twitter,fs828c2d72
1185,1454,2026-05-17 14:25:50,2026-05-17 14:48:50,email,gs14d567c8
1186,1265,2026-05-04 11:18:36,2026-05-04 11:59:36,organic,gsce7d346b
1187,1159,2026-05-15 08:51:04,2026-05-15 09:28:04,twitter,fv8b51355e
1188,1549,2026-04-12 15:09:15,2026-04-12 16:22:15,email,gs6906869b
1189,1090,2026-04-23 15:06:11,2026-04-23 15:42:11,instagram,isbef2512e
1190,807,2026-05-19 06:35:25,2026-05-19 07:21:25,organic,gdd7bca411
1191,616,2026-04-12 11:50:14,2026-04-12 13:07:14,email,gd2ec38a5d
1192,1486,2026-04-22 14:26:14,2026-04-22 15:14:14,bing,gdabc6673f
1193,651,2026-04-17 16:02:49,2026-04-17 17:45:49,youtube,gs21d371fd
1194,1861,2026-04-22 12:36:34,2026-04-22 13:28:34,direct,gd2883a0fe
1195,1434,2026-05-29 00:44:50,2026-05-29 01:16:50,facebook,ffc7703d74
1196,809,2026-05-15 09:59:04,2026-05-15 11:21:04,youtube,gs1801d39e
1197,225,2026-04-11 14:16:52,2026-04-11 15:44:52,google,gs695553a0
1198,1227,2026-05-27 14:46:34,2026-05-27 15:39:34,google,gdc1451fac
1199,1933,2026-04-11 07:55:13,2026-04-11 08:37:13,email,gd4b27b245
1200,176,2026-04-15 03:10:05,2026-04-15 04:45:05,twitter,fsafd2a714
1201,986,2026-04-14 09:45:49,2026-04-14 09:59:49,bing,gsd9c1480f
1202,1622,2026-05-13 21:35:21,2026-05-13 23:00:21,linkedin,fv8b51355e
1203,979,2026-04-29 10:05:49,2026-04-29 10:34:49,facebook,ff14c4ff09
1204,333,2026-04-12 08:27:43,2026-04-12 10:05:43,organic,gsfca73ab1
1205,1979,2026-04-26 03:24:10,2026-04-26 05:20:10,instagram,isdc1672db
1206,106,2026-04-18 12:40:21,2026-04-18 13:59:21,facebook,fffa39c3ba
1207,568,2026-05-12 11:27:39,2026-05-12 13:05:39,direct,gde93bd042
1208,344,2026-05-28 11:57:27,2026-05-28 13:00:27,youtube,gsbde49a7b
1209,1756,2026-05-01 23:08:48,2026-05-02 00:53:48,organic,gs9ed78113
1210,820,2026-05-24 10:04:36,2026-05-24 11:10:36,email,gsb803acdd
1211,446,2026-04-22 18:27:14,2026-04-22 19:12:14,organic,gsbe320089
1212,176,2026-05-08 11:48:20,2026-05-08 12:44:20,google,gs6b291adf
1213,739,2026-05-16 10:20:42,2026-05-16 10:48:42,linkedin,fv83943cca
1214,904,2026-05-28 18:42:50,2026-05-28 19:37:50,email,gs3feb9c95
1215,966,2026-05-26 11:34:38,2026-05-26 12:54:38,google,gdb624c327
1216,1657,2026-04-14 11:14:29,2026-04-14 13:04:29,linkedin,fsdbe9d4f6
1217,1167,2026-04-13 12:59:52,2026-04-13 14:25:52,facebook,fvcb701b22
1218,484,2026-04-27 12:30:09,2026-04-27 13:27:09,linkedin,ffab6aebac
1219,1862,2026-04-21 15:36:09,2026-04-21 16:35:09,facebook,fv165d9499
1220,202,2026-05-28 10:34:23,2026-05-28 11:22:23,instagram,ir4d41e177
1221,1919,2026-04-04 18:39:06,2026-04-04 19:58:06,organic,gs9b856c89
1222,1754,2026-04-18 09:51:28,2026-04-18 10:38:28,email,gs701fc626
1223,405,2026-05-29 10:42:26,2026-05-29 12:39:26,email,gsb9ddd7b0
1224,549,2026-05-10 16:52:12,2026-05-10 18:14:12,instagram,iref5b8c1c
1225,574,2026-04-09 15:05:40,2026-04-09 16:26:40,direct,gdc7996486
1226,1864,2026-04-19 16:50:51,2026-04-19 18:49:51,facebook,fsafd2a714
1227,647,2026-04-03 08:13:02,2026-04-03 09:02:02,email,gd6d5c4fb7
1228,1118,2026-04-26 18:40:42,2026-04-26 19:38:42,twitter,fv908d37c3
1229,174,2026-05-22 03:15:59,2026-05-22 03:36:59,google,gdb0888941
1230,106,2026-05-01 10:23:40,2026-05-01 11:17:40,instagram,ircd92d648
1231,589,2026-05-16 15:12:19,2026-05-16 16:14:19,twitter,fv49b9a1c5
1232,1438,2026-05-16 23:46:22,2026-05-16 23:54:22,organic,gsa00b60ea
1233,785,2026-04-17 11:26:13,2026-04-17 13:23:13,email,gs9ed78113
1234,1426,2026-04-26 13:13:07,2026-04-26 13:59:07,twitter,fv3916ae56
1235,1214,2026-04-07 05:53:20,2026-04-07 07:31:20,instagram,ir4715088a
1236,551,2026-04-22 06:00:33,2026-04-22 07:22:33,linkedin,fs386eeea8
1237,1865,2026-05-15 06:37:34,2026-05-15 08:20:34,email,gdd7bca411
1238,857,2026-04-22 16:51:26,2026-04-22 17:21:26,linkedin,fvb2cab6c8
1239,963,2026-04-27 13:35:22,2026-04-27 14:41:22,instagram,if5d8d9475
1240,1922,2026-05-01 21:28:50,2026-05-01 22:12:50,twitter,ff08859d05
1241,1904,2026-05-14 09:53:34,2026-05-14 10:46:34,twitter,fs386eeea8
1242,1375,2026-04-15 13:52:17,2026-04-15 15:03:17,bing,gsbde49a7b
1243,612,2026-05-01 10:43:45,2026-05-01 12:04:45,organic,gsbde49a7b
1244,420,2026-06-01 15:14:28,2026-06-01 15:35:28,email,gd3e3b3adc
1245,491,2026-05-22 10:47:00,2026-05-22 11:36:00,youtube,gs6d537575
1246,1076,2026-05-15 13:37:50,2026-05-15 15:09:50,twitter,fs1aa89207
1247,697,2026-04-22 08:41:54,2026-04-22 09:55:54,google,gddea12b96
1248,470,2026-05-13 20:19:35,2026-05-13 21:05:35,youtube,gdc7996486
1249,1047,2026-05-10 08:29:22,2026-05-10 10:13:22,linkedin,fs767e2714
1250,218,2026-04-08 12:19:21,2026-04-08 12:32:21,facebook,fs0dfe22c9
1251,24,2026-04-28 06:01:55,2026-04-28 06:20:55,facebook,ff101df4ac
1252,785,2026-04-04 14:20:20,2026-04-04 14:44:20,email,gd725da9b3
1253,1260,2026-04-27 17:10:33,2026-04-27 18:09:33,twitter,fvd6747fa5
1254,1077,2026-04-27 14:01:19,2026-04-27 15:57:19,twitter,fs04b372da
1255,487,2026-06-01 20:41:01,2026-06-01 21:38:01,twitter,ffb02c1170
1256,1036,2026-05-30 11:58:11,2026-05-30 13:39:11,google,gs3ca3abfb
1257,1901,2026-05-04 15:45:41,2026-05-04 16:27:41,facebook,fvcec2346a
1258,1793,2026-06-03 13:53:24,2026-06-03 15:40:24,email,gs52439ec1
1259,196,2026-06-01 14:06:51,2026-06-01 15:15:51,facebook,ffe4e9d5c1
1260,1081,2026-05-22 00:33:18,2026-05-22 02:27:18,youtube,gdbdecbcb4
1261,1695,2026-06-02 13:07:34,2026-06-02 15:04:34,google,gdc7996486
1262,1353,2026-05-30 04:59:10,2026-05-30 06:29:10,instagram,ir4ef3258e
1263,357,2026-05-23 06:02:48,2026-05-23 06:32:48,google,gsaf752a95
1264,1169,2026-04-26 11:33:33,2026-04-26 12:00:33,email,gs469e3909
1265,435,2026-05-11 12:22:11,2026-05-11 13:45:11,instagram,ir84294357
1266,1871,2026-05-17 08:32:20,2026-05-17 09:06:20,direct,gsa00b60ea
1267,547,2026-05-19 09:37:24,2026-05-19 10:22:24,direct,gd6361678a
1268,319,2026-04-12 05:39:09,2026-04-12 06:01:09,facebook,ff6988c7c8
1269,258,2026-05-24 13:46:14,2026-05-24 14:36:14,google,gd75d01710
1270,1615,2026-04-21 13:45:25,2026-04-21 14:58:25,google,gd39a1a758
1271,961,2026-04-07 16:07:50,2026-04-07 16:30:50,organic,gd3c70a473
1272,1707,2026-05-15 09:47:54,2026-05-15 10:08:54,email,gsdbeb9c7d
1273,1764,2026-04-28 17:53:12,2026-04-28 18:37:12,google,gd420474bf
1274,1235,2026-05-13 12:02:17,2026-05-13 12:25:17,google,gs3feb9c95
1275,1686,2026-05-28 11:00:53,2026-05-28 11:44:53,direct,gsbde49a7b
1276,1102,2026-05-06 15:39:43,2026-05-06 16:31:43,linkedin,ff7d30346c
1277,182,2026-04-10 19:22:11,2026-04-10 19:32:11,google,gdba2776fa
1278,535,2026-05-25 11:57:00,2026-05-25 13:39:00,instagram,if7ac51fc1
1279,1759,2026-04-04 05:55:19,2026-04-04 06:37:19,email,gs9ed78113
1280,497,2026-05-29 11:37:51,2026-05-29 11:52:51,instagram,ir02477502
1281,209,2026-05-28 02:24:29,2026-05-28 03:56:29,bing,gs21d371fd
1282,1467,2026-05-14 12:53:32,2026-05-14 13:59:32,google,gsbe07aef0
1283,1760,2026-05-15 13:08:55,2026-05-15 13:24:55,bing,gd899c8490
1284,1461,2026-04-14 02:14:46,2026-04-14 03:42:46,linkedin,fs9f528f37
1285,572,2026-05-23 18:44:09,2026-05-23 19:50:09,organic,gs71c4a516
1286,1489,2026-05-11 15:54:06,2026-05-11 17:22:06,direct,gs623ab4a2
1287,1852,2026-05-24 03:09:26,2026-05-24 04:20:26,youtube,gdc7996486
1288,347,2026-05-07 08:22:37,2026-05-07 09:58:37,facebook,ff16205e46
1289,1385,2026-05-16 17:07:55,2026-05-16 17:12:55,instagram,is3207dbcf
1290,202,2026-05-27 08:53:34,2026-05-27 09:04:34,youtube,gs19375e76
1291,362,2026-04-17 13:08:30,2026-04-17 14:20:30,instagram,ir37e87a7c
1292,1044,2026-04-20 13:25:39,2026-04-20 15:25:39,facebook,fs539ae755
1293,123,2026-05-19 06:21:28,2026-05-19 07:45:28,youtube,gs9f813500
1294,219,2026-05-29 07:37:18,2026-05-29 08:24:18,linkedin,fv074867d8
1295,1179,2026-05-01 14:36:34,2026-05-01 15:26:34,youtube,gs3e94542d
1296,247,2026-05-15 08:42:27,2026-05-15 09:01:27,facebook,fv29064b5b
1297,942,2026-04-14 20:36:34,2026-04-14 20:51:34,linkedin,ff9a614e7c
1298,1320,2026-04-29 15:13:10,2026-04-29 16:32:10,facebook,fv6f6687aa
1299,1845,2026-04-27 08:15:09,2026-04-27 09:44:09,email,gs81c7385c
1300,877,2026-06-02 09:18:44,2026-06-02 09:43:44,instagram,if6112e386
1301,1185,2026-05-12 13:42:23,2026-05-12 13:59:23,youtube,gsb803acdd
1302,1372,2026-05-24 04:31:35,2026-05-24 05:16:35,linkedin,ff84d6d783
1303,1500,2026-05-26 11:22:31,2026-05-26 11:31:31,email,gdcf273b8b
1304,1250,2026-04-06 06:31:10,2026-04-06 08:22:10,direct,gdabc6673f
1305,1751,2026-05-13 11:28:16,2026-05-13 11:38:16,linkedin,fv18b7b133
1306,745,2026-05-02 09:11:56,2026-05-02 09:36:56,email,gseceef4e3
1307,1702,2026-04-13 12:19:12,2026-04-13 13:32:12,instagram,ir725e14c0
1308,1451,2026-05-22 10:44:18,2026-05-22 11:28:18,instagram,is5de02b73
1309,1152,2026-04-26 10:10:47,2026-04-26 11:19:47,bing,gs2876bc3e
1310,1847,2026-05-15 12:27:20,2026-05-15 14:09:20,instagram,if7465f961
1311,312,2026-05-12 17:46:39,2026-05-12 19:26:39,instagram,if57b14c4f
1312,648,2026-05-22 16:03:29,2026-05-22 16:14:29,direct,gs36be54c4
1313,1600,2026-05-20 13:09:41,2026-05-20 14:50:41,linkedin,fs8b65b6f5
1314,1152,2026-04-09 13:37:52,2026-04-09 15:03:52,linkedin,ff66023ddc
1315,1127,2026-05-11 03:19:13,2026-05-11 03:37:13,instagram,if9b5b13a4
1316,370,2026-05-14 11:36:35,2026-05-14 11:50:35,organic,gd0500c2b3
1317,1914,2026-04-22 19:32:54,2026-04-22 21:00:54,linkedin,fs9f528f37
1318,1142,2026-04-30 13:13:43,2026-04-30 13:26:43,twitter,fv6aaed5ad
1319,882,2026-05-09 20:43:34,2026-05-09 22:32:34,instagram,if340650c8
1320,1127,2026-04-30 05:52:22,2026-04-30 05:58:22,direct,gs6a621487
1321,1091,2026-05-01 12:24:59,2026-05-01 13:17:59,twitter,fve4216e34
1322,309,2026-05-09 11:38:54,2026-05-09 12:05:54,email,gd6d5c4fb7
1323,925,2026-05-24 15:40:29,2026-05-24 17:18:29,linkedin,fs00c655ff
1324,378,2026-04-16 14:49:19,2026-04-16 16:09:19,twitter,fvd06cbbab
1325,356,2026-04-21 14:55:19,2026-04-21 16:15:19,google,gsa6e64954
1326,1842,2026-04-08 07:39:57,2026-04-08 09:39:57,bing,gd6361678a
1327,845,2026-05-08 11:22:48,2026-05-08 12:39:48,youtube,gs05e5cac3
1328,1789,2026-05-25 11:34:59,2026-05-25 11:42:59,email,gd21987a20
1329,1323,2026-05-23 12:16:22,2026-05-23 13:03:22,instagram,is5ca82812
1330,136,2026-04-21 17:53:07,2026-04-21 19:15:07,google,gsb3a69bc0
1331,1362,2026-04-06 17:26:48,2026-04-06 18:36:48,facebook,fsf2a981c6
1332,1388,2026-05-14 10:41:31,2026-05-14 12:27:31,youtube,gs14d567c8
1333,1905,2026-04-13 05:33:40,2026-04-13 07:14:40,youtube,gsadc7bfae
1334,1708,2026-05-03 09:46:46,2026-05-03 11:27:46,linkedin,fsafd2a714
1335,1662,2026-04-11 07:39:55,2026-04-11 09:27:55,twitter,ffc860c8f0
1336,606,2026-04-29 18:31:04,2026-04-29 19:19:04,linkedin,fv3e433c83
1337,502,2026-05-27 05:51:59,2026-05-27 06:50:59,youtube,gsb9ddd7b0
1338,1257,2026-04-13 16:32:52,2026-04-13 17:17:52,youtube,gs94a97e1e
1339,626,2026-05-06 23:34:14,2026-05-07 01:33:14,bing,gd0c96ca02
1340,172,2026-06-03 08:20:15,2026-06-03 10:17:15,twitter,ff041f0027
1341,1779,2026-06-02 13:22:01,2026-06-02 13:57:01,facebook,fsafd2a714
1342,1705,2026-04-19 13:22:22,2026-04-19 14:18:22,google,gsbd66cacf
1343,36,2026-04-08 18:31:08,2026-04-08 19:24:08,direct,gs91e8d3c7
1344,1934,2026-04-09 10:59:00,2026-04-09 12:46:00,bing,gddea12b96
1345,410,2026-04-09 10:22:52,2026-04-09 11:01:52,google,gsf75a761a
1346,1708,2026-04-05 17:34:59,2026-04-05 18:08:59,facebook,ff6988c7c8
1347,1327,2026-05-02 20:26:23,2026-05-02 20:57:23,organic,gdc7996486
1348,1367,2026-04-21 03:37:26,2026-04-21 04:36:26,instagram,if9f05c7b4
1349,947,2026-05-06 10:26:43,2026-05-06 12:18:43,facebook,fse724b13e
1350,1757,2026-05-26 17:54:13,2026-05-26 19:31:13,google,gsa6930cc7
1351,1295,2026-04-03 07:42:21,2026-04-03 08:11:21,instagram,isc9a8e08d
1352,1341,2026-04-28 20:14:36,2026-04-28 21:18:36,google,gsf34f79e1
1353,1097,2026-05-09 12:52:47,2026-05-09 14:20:47,instagram,ir725e14c0
1354,713,2026-06-03 15:02:15,2026-06-03 15:56:15,facebook,ff4cf38105
1355,1908,2026-05-23 17:30:42,2026-05-23 17:40:42,direct,gs6b291adf
1356,563,2026-05-03 06:27:31,2026-05-03 07:50:31,bing,gs27dbb69c
1357,572,2026-05-29 08:54:42,2026-05-29 10:37:42,linkedin,ff4f7713d5
1358,1864,2026-04-29 06:13:26,2026-04-29 06:42:26,youtube,gd21181620
1359,912,2026-04-10 08:43:45,2026-04-10 09:04:45,email,gsf34f79e1
1360,753,2026-04-25 12:04:09,2026-04-25 13:03:09,linkedin,fs4d40a068
1361,478,2026-05-11 10:50:25,2026-05-11 11:43:25,google,gs6906869b
1362,526,2026-06-01 12:24:02,2026-06-01 14:02:02,direct,gdbdecbcb4
1363,844,2026-06-02 14:19:50,2026-06-02 15:41:50,instagram,isdeb9a588
1364,1006,2026-04-16 18:47:48,2026-04-16 20:15:48,email,gs695553a0
1365,300,2026-04-30 18:32:12,2026-04-30 19:44:12,email,gd8ea8019a
1366,1688,2026-05-07 14:25:38,2026-05-07 14:35:38,direct,gd41619a47
1367,1756,2026-04-29 08:35:12,2026-04-29 09:00:12,direct,gd3fc525da
1368,456,2026-05-24 15:26:57,2026-05-24 17:13:57,twitter,fs3abab503
1369,555,2026-05-07 17:31:08,2026-05-07 19:16:08,youtube,gseceef4e3
1370,1854,2026-04-20 20:17:23,2026-04-20 21:17:23,linkedin,ffc84da0bb
1371,1590,2026-05-01 10:30:54,2026-05-01 11:12:54,bing,gsca7e12d9
1372,465,2026-05-20 15:00:30,2026-05-20 15:59:30,email,gd63dd069e
1373,853,2026-04-28 07:57:42,2026-04-28 09:19:42,youtube,gd39a1a758
1374,14,2026-04-29 14:49:43,2026-04-29 16:25:43,twitter,fffba0a38e
1375,1965,2026-05-20 14:52:50,2026-05-20 15:06:50,twitter,fs8b65b6f5
1376,948,2026-05-16 12:24:28,2026-05-16 12:50:28,instagram,if8c68d212
1377,1084,2026-04-10 12:14:33,2026-04-10 12:34:33,direct,gs49917a30
1378,513,2026-04-08 14:05:23,2026-04-08 14:57:23,google,gd1cc13691
1379,1635,2026-04-17 08:29:24,2026-04-17 09:26:24,youtube,gseceef4e3
1380,1200,2026-04-16 09:41:30,2026-04-16 10:33:30,google,gd38a65925
1381,1005,2026-04-08 16:58:57,2026-04-08 17:49:57,twitter,fv3ba275cd
1382,1806,2026-04-04 16:15:37,2026-04-04 16:53:37,instagram,isb7014c1b
1383,342,2026-05-31 09:22:36,2026-05-31 09:38:36,organic,gs36be54c4
1384,380,2026-05-08 19:16:37,2026-05-08 20:21:37,facebook,fs76b8234e
1385,1537,2026-05-09 09:40:08,2026-05-09 09:45:08,youtube,gdc1451fac
1386,247,2026-04-20 09:22:44,2026-04-20 09:59:44,facebook,fvccf458b2
1387,1833,2026-04-25 09:52:21,2026-04-25 09:59:21,direct,gs803a1f60
1388,385,2026-04-08 08:02:32,2026-04-08 08:58:32,youtube,gd41619a47
1389,1848,2026-05-28 15:16:22,2026-05-28 16:01:22,youtube,gs1229ffc3
1390,1741,2026-05-04 11:59:28,2026-05-04 12:44:28,google,gsfb3225bb
1391,1511,2026-04-11 15:43:56,2026-04-11 17:36:56,twitter,fs1aa89207
1392,1496,2026-05-25 12:10:51,2026-05-25 13:49:51,twitter,fffa39c3ba
1393,1870,2026-05-26 12:12:33,2026-05-26 13:47:33,facebook,fs1c195c37
1394,1822,2026-04-09 09:54:54,2026-04-09 11:53:54,youtube,gs4eb05cc4
1395,226,2026-04-05 15:57:33,2026-04-05 16:33:33,organic,gs6531637b
1396,614,2026-04-10 14:15:41,2026-04-10 14:41:41,facebook,fff16f422b
1397,478,2026-04-26 08:30:04,2026-04-26 09:44:04,instagram,if0925051b
1398,1960,2026-04-14 13:05:32,2026-04-14 13:41:32,direct,gdef38a51b
1399,51,2026-04-18 14:46:30,2026-04-18 15:57:30,organic,gd0c96ca02
1400,1560,2026-04-17 23:04:54,2026-04-17 23:23:54,organic,gsfca73ab1
1401,1911,2026-04-16 06:50:58,2026-04-16 07:06:58,direct,gs05e5cac3
1402,1167,2026-05-08 10:18:20,2026-05-08 11:20:20,email,gs9f813500
1403,1146,2026-04-09 16:27:42,2026-04-09 17:25:42,email,gs8ca7e72d
1404,611,2026-06-03 11:24:45,2026-06-03 13:08:45,direct,gs035bf887
1405,1443,2026-04-30 13:07:38,2026-04-30 13:52:38,direct,gsfb3225bb
1406,625,2026-04-21 16:03:39,2026-04-21 17:41:39,organic,gd26d86b52
1407,1186,2026-04-13 05:54:27,2026-04-13 07:26:27,linkedin,ff1aced35b
1408,1110,2026-04-13 06:23:57,2026-04-13 07:57:57,youtube,gdb1ca9a15
1409,250,2026-04-14 09:39:36,2026-04-14 10:47:36,email,gs94ebf2ef
1410,966,2026-04-29 16:08:59,2026-04-29 17:23:59,bing,gdcf273b8b
1411,932,2026-04-25 11:42:12,2026-04-25 13:15:12,direct,gs71c4a516
1412,636,2026-05-06 05:49:58,2026-05-06 06:41:58,google,gd26d86b52
1413,127,2026-04-16 16:14:30,2026-04-16 16:47:30,youtube,gd2266f580
1414,676,2026-05-18 18:14:12,2026-05-18 19:58:12,organic,gs695553a0
1415,1513,2026-04-24 11:57:28,2026-04-24 12:52:28,bing,gsee4183c9
1416,209,2026-05-26 16:06:15,2026-05-26 17:02:15,direct,gdb624c327
1417,1039,2026-04-26 15:35:22,2026-04-26 15:46:22,organic,gd38a04a60
1418,1928,2026-05-24 12:43:54,2026-05-24 13:22:54,bing,gseceef4e3
1419,776,2026-04-18 15:58:22,2026-04-18 16:43:22,twitter,ffcc4a31e2
1420,1205,2026-04-16 18:45:45,2026-04-16 19:08:45,organic,gs56951b99
1421,1903,2026-05-13 10:44:39,2026-05-13 12:03:39,email,gd4b27b245
1422,636,2026-05-14 10:54:02,2026-05-14 12:34:02,google,gd3fc525da
1423,979,2026-04-12 15:27:58,2026-04-12 17:11:58,bing,gd6b21391d
1424,1480,2026-05-09 15:41:41,2026-05-09 17:36:41,email,gse9c5b935
1425,776,2026-05-29 10:35:45,2026-05-29 11:56:45,organic,gd9f97b1e6
1426,586,2026-06-03 16:46:57,2026-06-03 17:28:57,email,gd2883a0fe
1427,469,2026-05-31 08:38:20,2026-05-31 08:45:20,twitter,fsba30913c
1428,1245,2026-05-05 14:09:13,2026-05-05 14:23:13,linkedin,fsa5892c27
1429,681,2026-05-16 09:35:06,2026-05-16 10:16:06,bing,gdb1ca9a15
1430,328,2026-05-21 17:38:01,2026-05-21 17:47:01,email,gd2ec38a5d
1431,1146,2026-04-25 19:11:32,2026-04-25 19:43:32,bing,gd6c06be7b
1432,1952,2026-05-07 13:36:58,2026-05-07 15:07:58,bing,gs6b8e4cfc
1433,327,2026-04-14 13:05:09,2026-04-14 14:20:09,facebook,ffbfd82d75
1434,859,2026-05-21 15:22:49,2026-05-21 16:07:49,bing,gda8b9d3fb
1435,1528,2026-04-26 10:42:17,2026-04-26 11:46:17,linkedin,fv955ef55a
1436,272,2026-05-19 11:35:59,2026-05-19 12:50:59,linkedin,fv6bd257de
1437,1114,2026-05-23 08:51:09,2026-05-23 10:51:09,organic,gdbbb479b7
1438,139,2026-05-07 07:12:57,2026-05-07 08:07:57,facebook,ffe4e9d5c1
1439,1168,2026-05-08 13:30:13,2026-05-08 14:27:13,direct,gd420f68b1
1440,245,2026-05-22 17:00:50,2026-05-22 18:18:50,bing,gsce7d346b
1441,1821,2026-04-24 07:46:18,2026-04-24 09:36:18,linkedin,ff4e82405d
1442,311,2026-04-04 09:02:15,2026-04-04 10:47:15,email,gd725da9b3
1443,976,2026-05-19 08:02:17,2026-05-19 09:36:17,linkedin,fv6bd257de
1444,973,2026-05-30 13:45:00,2026-05-30 13:50:00,google,gdc188a30e
1445,472,2026-05-04 14:02:43,2026-05-04 15:43:43,google,gs80a8c415
1446,1187,2026-05-09 09:35:37,2026-05-09 10:15:37,google,gs623ab4a2
1447,1004,2026-04-09 05:59:08,2026-04-09 06:11:08,bing,gse241b3e5
1448,1534,2026-05-19 11:15:25,2026-05-19 11:44:25,youtube,gs14d567c8
1449,174,2026-04-07 19:36:47,2026-04-07 20:39:47,facebook,fs109b53ef
1450,1536,2026-05-27 16:49:04,2026-05-27 17:37:04,organic,gs3ac8e779
1451,383,2026-05-30 15:34:23,2026-05-30 17:03:23,youtube,gse1a6bf13
1452,750,2026-06-02 15:15:41,2026-06-02 16:01:41,instagram,isa0c97429
1453,530,2026-04-23 12:53:52,2026-04-23 13:09:52,direct,gs803a1f60
1454,1765,2026-05-31 12:07:49,2026-05-31 12:21:49,google,gd3a6d69ac
1455,1921,2026-04-05 12:02:29,2026-04-05 14:00:29,twitter,ff047790dc
1456,1600,2026-05-22 05:54:26,2026-05-22 07:07:26,linkedin,fsdbe9d4f6
1457,1581,2026-05-18 18:59:46,2026-05-18 19:32:46,organic,gd4b27b245
1458,1970,2026-05-18 13:02:57,2026-05-18 13:42:57,instagram,is1397645f
1459,1744,2026-04-28 09:46:36,2026-04-28 10:22:36,facebook,fs386eeea8
1460,1441,2026-04-08 14:20:32,2026-04-08 15:46:32,bing,gse9c5b935
1461,244,2026-05-14 13:27:34,2026-05-14 13:45:34,facebook,fv948335be
1462,1895,2026-05-21 11:39:26,2026-05-21 13:12:26,twitter,ff263e7617
1463,1260,2026-05-31 06:16:11,2026-05-31 06:52:11,twitter,ffbfd82d75
1464,1136,2026-04-22 10:07:46,2026-04-22 10:43:46,bing,gsf0b4b45c
1465,1941,2026-04-27 09:54:11,2026-04-27 11:07:11,direct,gs94a97e1e
1466,541,2026-04-18 09:49:46,2026-04-18 11:30:46,twitter,fsf30c2e3c
1467,958,2026-04-11 17:23:49,2026-04-11 19:12:49,twitter,fvf44c2007
1468,1440,2026-04-17 13:28:59,2026-04-17 13:59:59,facebook,ff98646822
1469,547,2026-04-12 02:50:11,2026-04-12 03:04:11,youtube,gs21d371fd
1470,1832,2026-04-24 07:12:34,2026-04-24 07:44:34,linkedin,fv4e0a1cde
1471,419,2026-05-22 06:23:24,2026-05-22 06:41:24,email,gs2876bc3e
1472,1752,2026-05-02 10:14:03,2026-05-02 11:23:03,twitter,fvf8deaa39
1473,468,2026-04-24 15:17:24,2026-04-24 17:03:24,direct,gd5adfbb52
1474,518,2026-04-19 15:56:03,2026-04-19 17:56:03,facebook,fs8e766255
1475,740,2026-04-10 11:20:26,2026-04-10 12:28:26,email,gs3e94542d
1476,1805,2026-04-10 19:10:50,2026-04-10 19:26:50,organic,gsa00b60ea
1477,1943,2026-04-15 14:04:26,2026-04-15 14:49:26,twitter,fs04b372da
1478,1065,2026-05-08 10:34:47,2026-05-08 12:17:47,twitter,fseff03aaa
1479,1327,2026-04-14 11:12:30,2026-04-14 12:15:30,bing,gs6b8e4cfc
1480,1225,2026-05-06 09:02:01,2026-05-06 10:57:01,bing,gs97f345d4
1481,556,2026-04-30 18:12:15,2026-04-30 19:15:15,google,gs623ab4a2
1482,798,2026-05-07 19:02:30,2026-05-07 20:07:30,bing,gsfca73ab1
1483,1045,2026-04-27 08:06:19,2026-04-27 09:40:19,facebook,fffba0a38e
1484,159,2026-04-12 16:05:22,2026-04-12 16:27:22,facebook,fs957477a5
1485,1490,2026-04-16 12:42:06,2026-04-16 13:04:06,twitter,ff98646822
1486,242,2026-04-18 12:03:37,2026-04-18 13:09:37,twitter,ff041f0027
1487,1161,2026-04-13 09:38:02,2026-04-13 11:16:02,organic,gs27dbb69c
1488,1101,2026-05-30 12:54:12,2026-05-30 14:09:12,twitter,fvd26998fe
1489,1438,2026-06-01 12:56:21,2026-06-01 13:26:21,google,gs8ca7e72d
1490,530,2026-05-11 10:30:36,2026-05-11 11:54:36,facebook,fs04b372da
1491,226,2026-04-23 11:56:42,2026-04-23 13:46:42,twitter,fv6bd257de
1492,553,2026-04-07 14:50:18,2026-04-07 16:44:18,facebook,fsbbec5625
1493,323,2026-04-03 04:59:09,2026-04-03 06:37:09,bing,gd6c06be7b
1494,145,2026-04-24 13:50:56,2026-04-24 15:00:56,twitter,fv39f5ab97
1495,1454,2026-05-25 03:39:03,2026-05-25 04:21:03,organic,gs3e94542d
1496,196,2026-04-12 02:26:28,2026-04-12 03:31:28,youtube,gsa00b60ea
1497,1948,2026-05-02 07:46:56,2026-05-02 08:43:56,linkedin,fff8a1c725
1498,1275,2026-05-17 17:27:32,2026-05-17 18:05:32,linkedin,fv948335be
1499,1321,2026-04-12 09:01:23,2026-04-12 09:38:23,direct,gdb3a8fbe5
1500,1418,2026-05-04 11:04:58,2026-05-04 12:55:58,twitter,ffab8e13ee
1501,298,2026-04-21 08:53:53,2026-04-21 09:21:53,bing,gs469e3909
1502,1274,2026-05-18 14:50:19,2026-05-18 15:06:19,email,gs93ea998b
1503,281,2026-04-28 12:48:37,2026-04-28 14:16:37,email,gd0db60bec
1504,1766,2026-05-16 16:40:31,2026-05-16 17:02:31,direct,gs3feb9c95
1505,1525,2026-05-26 12:26:14,2026-05-26 14:04:14,bing,gs08e0bf3b
1506,506,2026-04-17 09:38:13,2026-04-17 09:55:13,bing,gd64392ee9
1507,1104,2026-05-05 11:00:07,2026-05-05 12:52:07,email,gsd9c1480f
1508,1358,2026-05-30 14:46:51,2026-05-30 16:31:51,youtube,gd25855c08
1509,1810,2026-05-06 15:00:16,2026-05-06 15:13:16,facebook,ff16205e46
1510,1360,2026-04-23 10:52:02,2026-04-23 12:34:02,linkedin,fs386eeea8
1511,1891,2026-04-29 21:55:35,2026-04-29 23:33:35,instagram,if8cab9899
1512,946,2026-05-12 15:38:22,2026-05-12 16:52:22,bing,gs6b291adf
1513,335,2026-04-29 10:53:28,2026-04-29 12:41:28,organic,gs75a13335
1514,1536,2026-05-15 16:11:12,2026-05-15 16:35:12,bing,gddf4aba75
1515,490,2026-05-25 17:47:52,2026-05-25 18:11:52,linkedin,fs1c195c37
1516,1493,2026-06-03 14:12:40,2026-06-03 14:57:40,direct,gsbd66cacf
1517,300,2026-05-16 18:54:35,2026-05-16 20:19:35,email,gse2c5536a
1518,1347,2026-04-12 13:39:25,2026-04-12 13:53:25,bing,gd4b27b245
1519,1742,2026-04-21 08:42:27,2026-04-21 10:20:27,linkedin,ff458d541e
1520,454,2026-05-07 12:59:51,2026-05-07 13:28:51,youtube,gs97f345d4
1521,279,2026-04-12 09:54:12,2026-04-12 11:20:12,bing,gs6d537575
1522,333,2026-05-13 10:35:48,2026-05-13 12:22:48,google,gs13f810d7
1523,1045,2026-05-06 11:17:54,2026-05-06 11:52:54,organic,gd26d86b52
1524,332,2026-05-24 18:37:42,2026-05-24 20:18:42,twitter,fs95512219
1525,1585,2026-05-30 12:18:40,2026-05-30 13:33:40,direct,gs97536e4d
1526,505,2026-04-30 16:17:16,2026-04-30 17:14:16,bing,gs71c4a516
1527,1081,2026-05-17 22:35:02,2026-05-18 00:22:02,google,gsb803acdd
1528,1515,2026-04-18 17:48:51,2026-04-18 19:13:51,youtube,gs006248fd
1529,1149,2026-06-02 11:55:10,2026-06-02 12:30:10,google,gs3ca3abfb
1530,1392,2026-04-29 15:35:46,2026-04-29 17:35:46,instagram,ir7775da57
1531,363,2026-04-03 20:00:30,2026-04-03 20:50:30,instagram,is8fe17cf6
1532,1854,2026-06-03 07:22:40,2026-06-03 08:26:40,linkedin,fsf2a981c6
1533,890,2026-05-04 08:05:43,2026-05-04 08:19:43,instagram,ir8c098d5a
1534,1107,2026-04-06 11:44:05,2026-04-06 12:07:05,direct,gd6c06be7b
1535,831,2026-05-24 15:40:26,2026-05-24 16:18:26,google,gs9f813500
1536,430,2026-05-22 10:46:04,2026-05-22 11:07:04,google,gdc1451fac
1537,751,2026-05-11 11:33:31,2026-05-11 12:23:31,linkedin,fv83943cca
1538,1511,2026-05-26 05:51:31,2026-05-26 07:21:31,twitter,fv3ba275cd
1539,1484,2026-06-02 17:13:29,2026-06-02 19:10:29,twitter,fv3f202b8f
1540,920,2026-05-22 08:57:23,2026-05-22 10:17:23,twitter,ff98646822
1541,1912,2026-06-03 02:02:45,2026-06-03 03:03:45,direct,gsec7b4934
1542,723,2026-04-14 11:17:14,2026-04-14 12:21:14,linkedin,ff20b93dc9
1543,90,2026-05-28 13:20:42,2026-05-28 14:24:42,instagram,is34b38385
1544,1149,2026-05-11 08:51:24,2026-05-11 10:07:24,bing,gdc1451fac
1545,1471,2026-04-22 10:44:15,2026-04-22 11:48:15,linkedin,fsd9870d75
1546,1905,2026-05-29 11:13:00,2026-05-29 11:44:00,organic,gd6c06be7b
1547,207,2026-04-10 08:46:44,2026-04-10 10:33:44,organic,gs14d567c8
1548,1982,2026-06-01 15:31:29,2026-06-01 17:16:29,facebook,fseff03aaa
1549,505,2026-05-10 08:33:29,2026-05-10 08:47:29,youtube,gd90f8d35b
1550,1991,2026-05-20 14:46:51,2026-05-20 15:14:51,facebook,fsafd2a714
1551,992,2026-04-10 12:54:32,2026-04-10 14:34:32,youtube,gsde53376a
1552,9,2026-05-17 13:46:21,2026-05-17 14:50:21,facebook,fv8f53108e
1553,697,2026-04-12 10:06:40,2026-04-12 11:33:40,twitter,ff2c29078b
1554,319,2026-04-26 03:47:55,2026-04-26 04:27:55,linkedin,fs7c8b7f9e
1555,235,2026-04-26 06:26:05,2026-04-26 07:02:05,organic,gs924f142a
1556,48,2026-04-25 10:25:56,2026-04-25 11:54:56,instagram,isb90f0093
1557,335,2026-04-16 21:40:01,2026-04-16 21:57:01,linkedin,fvf7b381b7
1558,925,2026-04-17 16:28:47,2026-04-17 17:23:47,organic,gsbe07aef0
1559,22,2026-05-03 07:28:21,2026-05-03 08:10:21,bing,gsb803acdd
1560,1152,2026-06-02 15:21:03,2026-06-02 17:17:03,linkedin,fffba0a38e
1561,741,2026-06-01 14:54:08,2026-06-01 15:05:08,direct,gs97f345d4
1562,897,2026-05-20 00:44:35,2026-05-20 01:17:35,bing,gde93bd042
1563,1685,2026-04-28 15:45:47,2026-04-28 16:18:47,bing,gs36be54c4
1564,142,2026-05-28 20:39:24,2026-05-28 21:23:24,facebook,fv4e0a1cde
1565,234,2026-05-11 05:16:22,2026-05-11 06:53:22,direct,gs6b8e4cfc
1566,591,2026-04-10 16:33:13,2026-04-10 18:02:13,youtube,gd2883a0fe
1567,1782,2026-04-19 16:42:27,2026-04-19 17:30:27,twitter,fv47a3c0a8
1568,1829,2026-04-29 06:51:58,2026-04-29 08:06:58,facebook,fs1f6bff02
1569,652,2026-05-16 20:03:44,2026-05-16 20:13:44,bing,gs703a9d1f
1570,961,2026-05-15 14:25:09,2026-05-15 15:16:09,google,gs803a1f60
1571,1512,2026-05-19 08:48:10,2026-05-19 10:27:10,email,gdb0888941
1572,662,2026-04-29 17:48:58,2026-04-29 19:02:58,organic,gdb3a8fbe5
1573,537,2026-04-16 06:06:37,2026-04-16 07:56:37,twitter,fsf6032f58
1574,137,2026-05-10 08:20:12,2026-05-10 09:12:12,linkedin,fv3e433c83
1575,1425,2026-05-29 15:37:29,2026-05-29 15:46:29,instagram,if08867e61
1576,652,2026-06-02 19:28:03,2026-06-02 21:28:03,twitter,ff66023ddc
1577,591,2026-04-06 18:18:47,2026-04-06 18:32:47,youtube,gd41619a47
1578,890,2026-05-24 11:52:48,2026-05-24 12:07:48,bing,gs6b3def12
1579,1374,2026-04-05 13:47:54,2026-04-05 15:39:54,youtube,gdfd11b1a0
1580,345,2026-04-24 09:41:28,2026-04-24 10:27:28,facebook,ff1aced35b
1581,392,2026-05-28 14:00:02,2026-05-28 15:59:02,bing,gd2ec38a5d
1582,1413,2026-04-08 21:44:33,2026-04-08 21:54:33,twitter,fv8f53108e
1583,1629,2026-05-09 10:44:58,2026-05-09 12:03:58,bing,gd6b21391d
1584,353,2026-05-20 08:24:07,2026-05-20 09:34:07,organic,gd75d01710
1585,1754,2026-04-09 10:08:21,2026-04-09 11:37:21,instagram,ir7e668beb
1586,1180,2026-05-24 14:11:53,2026-05-24 15:54:53,email,gsd8c9449b
1587,731,2026-05-02 05:22:28,2026-05-02 05:56:28,organic,gd420f68b1
1588,1606,2026-05-03 10:16:10,2026-05-03 10:46:10,twitter,ff90417a11
1589,995,2026-05-18 11:16:18,2026-05-18 12:01:18,facebook,ffb16de626
1590,1885,2026-04-18 06:06:24,2026-04-18 07:36:24,bing,gs71c4a516
1591,1818,2026-05-18 13:01:54,2026-05-18 13:27:54,email,gd0c96ca02
1592,603,2026-05-21 08:39:46,2026-05-21 08:46:46,linkedin,ff84f1f546
1593,1373,2026-04-29 10:20:21,2026-04-29 11:11:21,facebook,fs95512219
1594,1232,2026-04-08 10:51:52,2026-04-08 12:12:52,linkedin,fs3abab503
1595,1158,2026-04-20 18:16:17,2026-04-20 19:26:17,twitter,fseff03aaa
1596,805,2026-05-04 17:05:25,2026-05-04 18:49:25,email,gs6b8e4cfc
1597,245,2026-05-17 11:26:45,2026-05-17 12:02:45,facebook,ffab6aebac
1598,1565,2026-05-06 12:11:12,2026-05-06 13:20:12,linkedin,fsd9870d75
1599,670,2026-04-14 15:13:24,2026-04-14 17:05:24,google,gs6c1281f2
1600,1619,2026-04-12 15:04:02,2026-04-12 16:55:02,youtube,gs1229ffc3
1601,1109,2026-05-17 15:15:34,2026-05-17 15:37:34,organic,gs4f2aad1a
1602,1934,2026-05-28 13:56:01,2026-05-28 14:09:01,linkedin,ff74d80edc
1603,327,2026-04-24 11:57:12,2026-04-24 12:43:12,instagram,if6f304681
1604,1084,2026-05-21 13:27:56,2026-05-21 14:40:56,google,gs75a13335
1605,1587,2026-04-06 12:28:07,2026-04-06 13:03:07,linkedin,fs109b53ef
1606,171,2026-05-23 08:19:55,2026-05-23 08:45:55,bing,gsfb3225bb
1607,303,2026-04-24 10:34:46,2026-04-24 11:51:46,linkedin,fvc008b18c
1608,1563,2026-04-13 05:28:59,2026-04-13 06:50:59,organic,gs035bf887
1609,1361,2026-04-26 10:13:24,2026-04-26 10:21:24,youtube,gd371ddd33
1610,96,2026-05-03 10:05:05,2026-05-03 10:34:05,direct,gd2266f580
1611,766,2026-04-11 13:05:59,2026-04-11 14:28:59,bing,gs6b3def12
1612,599,2026-04-09 10:39:03,2026-04-09 12:04:03,youtube,gd0500c2b3
1613,1499,2026-04-29 16:41:28,2026-04-29 18:06:28,youtube,gsca7e12d9
1614,1747,2026-04-19 13:37:41,2026-04-19 15:33:41,facebook,fsa92319ba
1615,1104,2026-05-02 08:58:40,2026-05-02 09:05:40,instagram,is092e2a78
1616,1473,2026-05-08 12:16:14,2026-05-08 13:31:14,twitter,ffe453a2f8
1617,1102,2026-04-20 12:58:19,2026-04-20 13:42:19,facebook,fsc9e72601
1618,541,2026-05-01 11:51:55,2026-05-01 12:11:55,google,gd25855c08
1619,818,2026-04-15 11:52:34,2026-04-15 12:32:34,youtube,gs035bf887
1620,709,2026-04-22 19:14:09,2026-04-22 20:01:09,google,gs8210a0f9
1621,161,2026-05-23 14:04:45,2026-05-23 14:21:45,google,gs6e2a7b70
1622,1872,2026-05-17 08:45:00,2026-05-17 09:36:00,bing,gsbe07aef0
1623,579,2026-05-29 12:33:08,2026-05-29 13:23:08,twitter,fv6bd257de
1624,1064,2026-04-19 11:03:59,2026-04-19 11:45:59,email,gs81c7385c
1625,1458,2026-05-15 10:29:30,2026-05-15 12:02:30,youtube,gs97f345d4
1626,768,2026-05-20 09:40:14,2026-05-20 11:23:14,youtube,gs8210a0f9
1627,1188,2026-04-23 08:26:31,2026-04-23 09:13:31,bing,gd82a9ebf0
1628,1594,2026-05-08 09:48:45,2026-05-08 10:51:45,twitter,ff14c4ff09
1629,1484,2026-04-12 08:56:49,2026-04-12 09:10:49,email,gd0c96ca02
1630,509,2026-04-30 12:14:35,2026-04-30 13:59:35,organic,gs6b3def12
1631,1234,2026-05-07 16:18:06,2026-05-07 17:15:06,email,gs6b5ab8e7
1632,1375,2026-05-02 12:45:34,2026-05-02 13:23:34,direct,gdc7996486
1633,70,2026-05-09 10:08:18,2026-05-09 11:50:18,youtube,gdb46f6d2b
1634,591,2026-04-25 11:41:27,2026-04-25 12:02:27,twitter,fv953ef8ad
1635,553,2026-04-12 16:15:13,2026-04-12 16:31:13,google,gsfd52f5e1
1636,1236,2026-05-25 16:45:53,2026-05-25 17:33:53,youtube,gs1801d39e
1637,1412,2026-05-18 07:24:40,2026-05-18 08:05:40,linkedin,fv6f6687aa
1638,1718,2026-05-22 20:48:05,2026-05-22 21:31:05,youtube,gs473cc056
1639,1814,2026-06-01 16:32:29,2026-06-01 17:26:29,twitter,fsa5892c27
1640,1267,2026-04-06 11:44:36,2026-04-06 12:08:36,organic,gd38a65925
1641,1516,2026-04-22 16:28:03,2026-04-22 17:58:03,twitter,fvf072556a
1642,217,2026-06-03 11:05:05,2026-06-03 12:59:05,facebook,fv3f202b8f
1643,896,2026-04-20 12:19:41,2026-04-20 13:44:41,facebook,fv3ba275cd
1644,984,2026-05-19 17:46:11,2026-05-19 19:24:11,youtube,gd21987a20
1645,1406,2026-04-15 17:13:47,2026-04-15 18:15:47,facebook,ff14c4ff09
1646,752,2026-05-24 14:19:45,2026-05-24 14:39:45,direct,gsb803acdd
1647,903,2026-04-17 03:47:55,2026-04-17 03:52:55,facebook,ffcc4a31e2
1648,1715,2026-05-08 13:19:53,2026-05-08 14:21:53,facebook,ff84f1f546
1649,40,2026-05-23 12:20:21,2026-05-23 13:44:21,linkedin,fs1841be66
1650,298,2026-05-06 15:48:12,2026-05-06 17:27:12,email,gs27dbb69c
1651,1450,2026-05-15 11:52:00,2026-05-15 12:08:00,bing,gs08e0bf3b
1652,1161,2026-06-02 18:48:05,2026-06-02 19:01:05,bing,gs6b8e4cfc
1653,981,2026-05-20 13:25:58,2026-05-20 14:26:58,email,gd2883a0fe
1654,1974,2026-05-02 06:47:30,2026-05-02 08:01:30,organic,gs6c1281f2
1655,1569,2026-04-26 13:57:14,2026-04-26 14:40:14,google,gs924f142a
1656,622,2026-05-01 09:37:01,2026-05-01 11:30:01,organic,gsaf752a95
1657,767,2026-04-17 05:56:05,2026-04-17 06:31:05,facebook,ff90417a11
1658,385,2026-05-21 05:32:36,2026-05-21 07:25:36,bing,gsf8386734
1659,1830,2026-04-09 18:11:22,2026-04-09 20:09:22,direct,gsfca73ab1
1660,1230,2026-05-07 12:38:36,2026-05-07 13:11:36,email,gdfdba7551
1661,629,2026-04-10 12:26:23,2026-04-10 12:39:23,email,gs19375e76
1662,466,2026-05-25 08:57:38,2026-05-25 09:17:38,instagram,is4bcdcb09
1663,886,2026-04-16 16:21:44,2026-04-16 17:33:44,linkedin,fv955ef55a
1664,241,2026-04-30 10:37:29,2026-04-30 12:29:29,facebook,fse6e6b396
1665,570,2026-04-08 11:29:57,2026-04-08 12:01:57,linkedin,fffa39c3ba
1666,493,2026-05-23 11:42:44,2026-05-23 12:47:44,direct,gs8210a0f9
1667,1382,2026-04-30 11:20:19,2026-04-30 12:33:19,youtube,gd3c70a473
1668,642,2026-05-07 05:38:56,2026-05-07 07:11:56,facebook,ff9a614e7c
1669,1945,2026-05-15 14:56:51,2026-05-15 16:34:51,google,gdb3a8fbe5
1670,1538,2026-05-25 07:31:10,2026-05-25 07:47:10,bing,gd371ddd33
1671,1696,2026-04-21 08:07:09,2026-04-21 08:29:09,google,gs7d7a27a0
1672,489,2026-05-22 15:33:56,2026-05-22 16:12:56,bing,gs27dbb69c
1673,1193,2026-04-15 10:25:33,2026-04-15 11:30:33,direct,gs4eb05cc4
1674,1985,2026-05-18 14:02:18,2026-05-18 15:04:18,email,gd6b21391d
1675,354,2026-04-09 09:23:40,2026-04-09 10:25:40,linkedin,fs957477a5
1676,198,2026-04-13 14:05:45,2026-04-13 15:46:45,facebook,fs1ea975ea
1677,1319,2026-05-30 10:39:18,2026-05-30 11:07:18,facebook,ffb4ef5724
1678,812,2026-04-30 09:42:25,2026-04-30 10:55:25,organic,gdfd11b1a0
1679,1078,2026-04-20 20:08:23,2026-04-20 20:43:23,facebook,fs8e766255
1680,1103,2026-05-07 19:56:26,2026-05-07 21:41:26,google,gs4f2aad1a
1681,1848,2026-05-08 09:32:19,2026-05-08 10:35:19,instagram,is8054d284
1682,1569,2026-05-01 13:16:26,2026-05-01 15:06:26,email,gd420f68b1
1683,1525,2026-05-09 13:17:30,2026-05-09 13:44:30,instagram,irb4d5bd76
1684,1114,2026-04-11 19:22:42,2026-04-11 20:55:42,twitter,fs8b65b6f5
1685,1759,2026-04-20 17:26:21,2026-04-20 18:42:21,twitter,fscfd87f64
1686,1280,2026-05-06 16:04:15,2026-05-06 17:11:15,organic,gd2883a0fe
1687,978,2026-05-09 06:53:23,2026-05-09 08:31:23,google,gd5f04d8b1
1688,1355,2026-04-09 15:33:08,2026-04-09 16:47:08,email,gs14d567c8
1689,132,2026-05-16 15:10:11,2026-05-16 15:25:11,email,gdbbb479b7
1690,16,2026-04-28 12:25:32,2026-04-28 13:35:32,direct,gdc1451fac
1691,615,2026-05-11 13:55:06,2026-05-11 15:19:06,twitter,ffb16de626
1692,1865,2026-05-29 07:59:13,2026-05-29 09:02:13,bing,gd149b0cbc
1693,981,2026-04-08 03:50:29,2026-04-08 04:22:29,linkedin,fvd3ce7119
1694,1520,2026-05-29 19:42:10,2026-05-29 20:10:10,youtube,gd1cc13691
1695,1831,2026-05-23 13:03:41,2026-05-23 14:07:41,linkedin,ffbfd82d75
1696,508,2026-04-20 12:51:36,2026-04-20 14:13:36,youtube,gse241b3e5
1697,1522,2026-04-13 16:27:18,2026-04-13 16:36:18,direct,gde93bd042
1698,479,2026-05-23 10:47:45,2026-05-23 11:09:45,twitter,fs7c8b7f9e
1699,532,2026-04-21 12:52:48,2026-04-21 13:41:48,organic,gs36be54c4
1700,1558,2026-04-08 09:48:40,2026-04-08 10:52:40,facebook,fvd06cbbab
1701,272,2026-05-16 08:27:54,2026-05-16 09:10:54,instagram,irafa82f71
1702,1439,2026-04-07 20:16:48,2026-04-07 20:54:48,facebook,ff2f4f680b
1703,1319,2026-04-07 08:05:58,2026-04-07 09:05:58,facebook,fs9f528f37
1704,911,2026-05-14 08:33:20,2026-05-14 10:10:20,youtube,gs05e5cac3
1705,420,2026-05-14 16:04:19,2026-05-14 16:15:19,youtube,gse1a6bf13
1706,718,2026-04-05 15:19:40,2026-04-05 16:15:40,organic,gsbde49a7b
1707,1222,2026-05-31 18:22:49,2026-05-31 18:37:49,bing,gs08e0bf3b
1708,1220,2026-04-28 18:21:24,2026-04-28 20:13:24,bing,gsd37a69e5
1709,26,2026-04-14 19:51:30,2026-04-14 21:02:30,facebook,ff6988c7c8
1710,1102,2026-04-13 10:46:00,2026-04-13 11:08:00,youtube,gs73337af1
1711,1845,2026-04-10 10:11:10,2026-04-10 11:14:10,bing,gd64392ee9
1712,1982,2026-04-09 09:10:15,2026-04-09 11:09:15,instagram,if940af841
1713,952,2026-04-28 02:55:05,2026-04-28 03:01:05,instagram,is94aaf93a
1714,233,2026-04-04 08:25:32,2026-04-04 09:10:32,email,gs6b291adf
1715,1010,2026-04-18 15:13:15,2026-04-18 15:57:15,instagram,ira692b24a
1716,592,2026-04-08 07:01:21,2026-04-08 08:34:21,youtube,gs5efc01df
1717,993,2026-05-04 11:44:11,2026-05-04 13:38:11,google,gsd9c1480f
1718,1063,2026-04-22 15:15:30,2026-04-22 15:56:30,google,gs52439ec1
1719,87,2026-05-31 18:04:29,2026-05-31 19:32:29,organic,gd64392ee9
1720,1293,2026-05-02 15:21:19,2026-05-02 16:45:19,bing,gs695553a0
1721,515,2026-05-09 15:53:31,2026-05-09 16:31:31,youtube,gddf4aba75
1722,1265,2026-05-06 16:00:59,2026-05-06 17:25:59,direct,gs36be54c4
1723,1834,2026-04-05 13:26:18,2026-04-05 15:21:18,linkedin,ff06b8f726
1724,1098,2026-05-11 12:34:11,2026-05-11 13:56:11,direct,gs701fc626
1725,155,2026-06-02 00:31:19,2026-06-02 00:49:19,email,gsc9408f0b
1726,692,2026-05-07 14:07:00,2026-05-07 15:15:00,instagram,ifa41738f1
1727,1295,2026-05-05 09:48:47,2026-05-05 11:08:47,twitter,ffd0401ac5
1728,371,2026-04-19 11:25:26,2026-04-19 12:21:26,twitter,ffab6aebac
1729,1835,2026-04-24 14:07:23,2026-04-24 15:27:23,twitter,fs21ad900f
1730,1813,2026-04-09 19:00:02,2026-04-09 19:15:02,facebook,fs2924f0f6
1731,1554,2026-04-26 17:43:55,2026-04-26 18:28:55,direct,gd6b21391d
1732,204,2026-04-15 02:20:20,2026-04-15 03:58:20,facebook,fv8b51355e
1733,681,2026-04-16 14:19:29,2026-04-16 15:19:29,google,gs924f142a
1734,1021,2026-04-12 10:34:38,2026-04-12 12:28:38,facebook,fvada99c36
1735,1410,2026-06-02 18:40:45,2026-06-02 19:06:45,instagram,isd151e5c3
1736,1123,2026-04-12 10:28:13,2026-04-12 10:37:13,direct,gddf4aba75
1737,1080,2026-04-27 09:08:27,2026-04-27 10:35:27,twitter,ffc84da0bb
1738,923,2026-04-09 16:09:23,2026-04-09 18:03:23,youtube,gs6531637b
1739,36,2026-04-13 01:38:40,2026-04-13 03:09:40,direct,gd21181620
1740,195,2026-05-17 10:26:32,2026-05-17 11:04:32,direct,gd9b18aab1
1741,62,2026-05-29 11:56:18,2026-05-29 12:31:18,direct,gs6906869b
1742,1818,2026-04-15 10:11:20,2026-04-15 10:49:20,linkedin,fv8b51355e
1743,1772,2026-05-18 17:08:21,2026-05-18 18:32:21,bing,gd0c96ca02
1744,1359,2026-04-10 15:35:15,2026-04-10 17:27:15,linkedin,fs9f528f37
1745,622,2026-04-06 13:56:42,2026-04-06 14:43:42,instagram,if9b5b13a4
1746,128,2026-05-16 14:22:26,2026-05-16 14:50:26,facebook,fs38be038f
1747,303,2026-05-25 13:55:31,2026-05-25 14:54:31,organic,gs81c7385c
1748,633,2026-05-28 11:10:44,2026-05-28 12:31:44,twitter,fv3f642888
1749,698,2026-06-01 12:32:06,2026-06-01 13:14:06,youtube,gs695553a0
1750,1092,2026-04-18 08:30:36,2026-04-18 08:49:36,facebook,ff4f7713d5
1751,1177,2026-04-26 08:47:32,2026-04-26 10:33:32,facebook,ffcc4a31e2
1752,65,2026-05-19 13:31:28,2026-05-19 13:51:28,bing,gd63dd069e
1753,185,2026-04-20 11:22:57,2026-04-20 11:31:57,facebook,fs1ea975ea
1754,119,2026-05-15 12:45:33,2026-05-15 12:56:33,organic,gdb00bed11
1755,1279,2026-04-23 16:37:42,2026-04-23 17:32:42,linkedin,ffff896ac9
1756,1229,2026-05-23 05:47:07,2026-05-23 07:43:07,google,gd3fc525da
1757,165,2026-05-17 04:58:20,2026-05-17 06:55:20,facebook,ff860e3ca6
1758,838,2026-04-22 18:59:51,2026-04-22 20:36:51,facebook,fs8669fa73
1759,1808,2026-04-21 08:17:40,2026-04-21 09:51:40,facebook,fs1ea975ea
1760,405,2026-04-27 06:26:47,2026-04-27 07:36:47,instagram,ir74afc9f1
1761,1405,2026-05-28 17:08:31,2026-05-28 17:47:31,twitter,ff4e82405d
1762,1804,2026-04-20 08:56:29,2026-04-20 09:25:29,bing,gs08e0bf3b
1763,1296,2026-06-01 06:46:30,2026-06-01 08:18:30,twitter,fs2359549c
1764,545,2026-05-03 08:53:42,2026-05-03 09:43:42,twitter,fsd9870d75
1765,1603,2026-05-26 02:45:32,2026-05-26 02:52:32,google,gd38a04a60
1766,1482,2026-04-07 18:52:02,2026-04-07 19:20:02,instagram,ir78c8046c
1767,424,2026-05-22 00:43:39,2026-05-22 02:17:39,linkedin,fsf30c2e3c
1768,21,2026-05-08 10:45:13,2026-05-08 12:44:13,bing,gsaf752a95
1769,1051,2026-04-24 11:11:16,2026-04-24 12:49:16,facebook,ff101df4ac
1770,1879,2026-05-09 17:38:58,2026-05-09 17:53:58,organic,gsb3a69bc0
1771,1632,2026-04-08 15:31:53,2026-04-08 16:09:53,instagram,ir0525cdf1
1772,702,2026-04-07 16:07:38,2026-04-07 16:28:38,google,gd0db60bec
1773,117,2026-04-29 16:21:36,2026-04-29 17:43:36,facebook,fvf35ac62e
1774,314,2026-05-13 12:27:08,2026-05-13 14:10:08,direct,gd2266f580
1775,1516,2026-05-29 14:27:43,2026-05-29 15:48:43,twitter,fsd9870d75
1776,825,2026-04-24 23:37:51,2026-04-25 00:21:51,bing,gs36be54c4
1777,1845,2026-05-14 12:38:18,2026-05-14 13:47:18,instagram,is6fc0555a
1778,844,2026-04-07 14:12:59,2026-04-07 15:35:59,email,gs7d7a27a0
1779,83,2026-05-25 19:36:00,2026-05-25 20:19:00,bing,gs6b3def12
1780,1911,2026-04-23 10:20:23,2026-04-23 11:01:23,organic,gd82a9ebf0
1781,1168,2026-04-19 11:45:49,2026-04-19 12:12:49,twitter,ff70b39e3a
1782,70,2026-05-04 15:16:51,2026-05-04 16:32:51,instagram,isf97e5599
1783,501,2026-05-30 20:17:37,2026-05-30 20:46:37,direct,gs6906869b
1784,1538,2026-04-27 19:50:44,2026-04-27 21:27:44,instagram,ir68e936ef
1785,1427,2026-05-03 08:52:36,2026-05-03 09:40:36,bing,gs1229ffc3
1786,776,2026-04-17 11:36:03,2026-04-17 12:29:03,youtube,gd0db60bec
1787,487,2026-05-27 14:39:34,2026-05-27 14:53:34,linkedin,ff6942424b
1788,750,2026-05-10 14:39:12,2026-05-10 16:00:12,linkedin,fs4d40a068
1789,1509,2026-05-19 06:03:18,2026-05-19 07:10:18,bing,gd98a56336
1790,536,2026-05-23 11:06:00,2026-05-23 12:07:00,email,gs56951b99
1791,801,2026-04-22 18:04:35,2026-04-22 19:56:35,twitter,fvf35ac62e
1792,1681,2026-05-30 08:59:07,2026-05-30 09:22:07,linkedin,ff101df4ac
1793,261,2026-05-09 04:41:29,2026-05-09 05:20:29,twitter,ffdb4f1bd1
1794,229,2026-04-25 17:22:02,2026-04-25 18:59:02,direct,gd41619a47
1795,851,2026-06-03 13:28:35,2026-06-03 15:17:35,organic,gd9b18aab1
1796,1672,2026-05-27 22:36:27,2026-05-28 00:13:27,direct,gs9f813500
1797,1465,2026-05-19 05:51:37,2026-05-19 07:16:37,organic,gdb46f6d2b
1798,810,2026-05-24 00:05:58,2026-05-24 02:02:58,facebook,fv3916ae56
1799,1212,2026-05-04 18:47:01,2026-05-04 18:53:01,direct,gs39364384
1800,1174,2026-05-28 11:29:49,2026-05-28 12:56:49,instagram,if5a60328c
1801,900,2026-04-07 18:14:01,2026-04-07 19:42:01,twitter,fs2924f0f6
1802,402,2026-04-09 09:20:27,2026-04-09 10:39:27,google,gs8210a0f9
1803,1121,2026-05-23 16:54:35,2026-05-23 18:51:35,google,gs8ca7e72d
1804,1400,2026-05-25 12:23:16,2026-05-25 13:01:16,instagram,is6fc0555a
1805,1797,2026-04-26 11:33:15,2026-04-26 13:09:15,instagram,if7c27f8f7
1806,967,2026-04-13 06:24:41,2026-04-13 07:28:41,facebook,fs4a32843d
1807,199,2026-05-13 16:33:51,2026-05-13 18:09:51,facebook,ff8ebfba9f
1808,238,2026-05-04 09:52:38,2026-05-04 11:15:38,bing,gs6a621487
1809,742,2026-05-17 07:25:45,2026-05-17 08:08:45,organic,gd64392ee9
1810,1450,2026-06-01 18:07:19,2026-06-01 19:18:19,email,gse241b3e5
1811,1025,2026-04-07 07:24:03,2026-04-07 07:33:03,google,gs0223cdcd
1812,448,2026-04-03 17:53:27,2026-04-03 18:37:27,linkedin,fs1f6bff02
1813,1502,2026-06-01 12:01:22,2026-06-01 13:27:22,bing,gd6d5c4fb7
1814,1594,2026-05-18 12:10:34,2026-05-18 13:04:34,instagram,is4bcdcb09
1815,1504,2026-04-07 15:01:57,2026-04-07 15:52:57,organic,gd21181620
1816,1198,2026-05-05 10:10:54,2026-05-05 11:22:54,direct,gdb3a8fbe5
1817,261,2026-06-01 10:07:03,2026-06-01 10:34:03,email,gs71c4a516
1818,481,2026-04-22 08:26:28,2026-04-22 10:14:28,instagram,ir9ba0fffc
1819,101,2026-05-21 17:10:49,2026-05-21 18:44:49,direct,gdc7996486
1820,1935,2026-04-27 13:42:50,2026-04-27 14:37:50,bing,gd3e3b3adc
1821,160,2026-05-22 17:36:34,2026-05-22 17:48:34,direct,gda8b9d3fb
1822,2,2026-05-07 14:39:43,2026-05-07 16:38:43,direct,gd5117348e
1823,1634,2026-05-10 16:00:41,2026-05-10 17:38:41,google,gd8ea8019a
1824,1865,2026-05-22 11:04:51,2026-05-22 11:12:51,email,gsf8386734
1825,1351,2026-04-11 11:41:04,2026-04-11 12:55:04,facebook,ff860e3ca6
1826,244,2026-06-01 12:15:53,2026-06-01 14:02:53,linkedin,fv4ed2f156
1827,51,2026-05-20 07:37:28,2026-05-20 08:52:28,email,gd82a9ebf0
1828,1161,2026-04-19 16:14:23,2026-04-19 18:11:23,youtube,gse70f47ab
1829,1627,2026-05-23 13:45:12,2026-05-23 14:03:12,linkedin,fs4d40a068
1830,147,2026-04-22 07:56:07,2026-04-22 09:24:07,direct,gd75d01710
1831,1859,2026-04-21 19:42:05,2026-04-21 20:24:05,direct,gd6c06be7b
1832,667,2026-04-26 07:19:40,2026-04-26 07:52:40,google,gsca7e12d9
1833,1798,2026-04-09 22:52:00,2026-04-09 23:19:00,linkedin,ffc860c8f0
1834,620,2026-04-20 02:40:43,2026-04-20 03:09:43,bing,gs473cc056
1835,670,2026-05-18 09:18:46,2026-05-18 10:17:46,facebook,ff4cf38105
1836,806,2026-04-05 08:37:27,2026-04-05 08:51:27,facebook,fs109b53ef
1837,1325,2026-05-16 10:49:17,2026-05-16 11:37:17,organic,gd5adfbb52
1838,939,2026-05-31 09:44:43,2026-05-31 10:11:43,organic,gdc247b366
1839,257,2026-04-09 05:17:48,2026-04-09 07:17:48,linkedin,fs386eeea8
1840,197,2026-04-29 22:54:08,2026-04-30 00:30:08,email,gs701fc626
1841,525,2026-05-22 00:34:33,2026-05-22 01:42:33,direct,gd21987a20
1842,1617,2026-05-29 07:19:58,2026-05-29 07:25:58,twitter,ff90417a11
1843,616,2026-04-26 14:41:22,2026-04-26 16:40:22,instagram,ifb196a7a8
1844,1452,2026-06-02 13:32:19,2026-06-02 15:29:19,email,gs36be54c4
1845,1442,2026-05-05 14:57:51,2026-05-05 15:38:51,linkedin,fvf35ac62e
1846,301,2026-05-28 19:13:59,2026-05-28 20:38:59,youtube,gd3c70a473
1847,1644,2026-05-10 18:47:40,2026-05-10 19:45:40,email,gd98a56336
1848,1837,2026-05-03 11:26:34,2026-05-03 12:45:34,linkedin,fvbbb991e3
1849,57,2026-04-28 11:31:16,2026-04-28 13:11:16,google,gs006248fd
1850,771,2026-05-14 14:44:38,2026-05-14 15:48:38,direct,gs5c5f6452
1851,1859,2026-05-23 23:35:48,2026-05-23 23:41:48,facebook,fv4ed2f156
1852,1079,2026-04-24 17:42:12,2026-04-24 18:13:12,bing,gs4eb05cc4
1853,1389,2026-04-12 13:36:32,2026-04-12 14:58:32,instagram,ir4d41e177
1854,1344,2026-04-13 10:50:45,2026-04-13 11:27:45,organic,gse9c5b935
1855,1586,2026-05-08 09:57:01,2026-05-08 11:27:01,bing,gd420474bf
1856,1726,2026-05-26 09:55:26,2026-05-26 10:06:26,direct,gs75a13335
1857,300,2026-05-26 19:19:12,2026-05-26 21:18:12,twitter,fs143eac27
1858,843,2026-04-30 11:52:21,2026-04-30 12:12:21,direct,gda8b9d3fb
1859,1433,2026-06-01 09:37:54,2026-06-01 09:50:54,youtube,gdc1451fac
1860,972,2026-05-13 08:29:54,2026-05-13 10:29:54,direct,gs9b856c89
1861,1784,2026-05-18 09:49:27,2026-05-18 10:06:27,youtube,gs97f345d4
1862,1279,2026-05-16 19:24:48,2026-05-16 20:58:48,direct,gd6d5c4fb7
1863,543,2026-04-22 13:34:33,2026-04-22 15:06:33,linkedin,fv41abc365
1864,1162,2026-05-18 14:21:57,2026-05-18 16:12:57,organic,gsa6930cc7
1865,1363,2026-05-01 05:34:24,2026-05-01 07:09:24,linkedin,fvafc6a3be
1866,626,2026-05-21 13:56:53,2026-05-21 15:09:53,email,gd2266f580
1867,876,2026-05-16 10:32:25,2026-05-16 11:58:25,bing,gsfefbb177
1868,1949,2026-05-21 22:16:45,2026-05-21 23:55:45,google,gs0223cdcd
1869,221,2026-04-24 20:30:21,2026-04-24 21:03:21,linkedin,ff4cf38105
1870,1395,2026-05-19 12:13:19,2026-05-19 12:58:19,instagram,if5b866552
1871,1615,2026-05-04 05:08:30,2026-05-04 05:47:30,organic,gs94ebf2ef
1872,70,2026-05-12 01:41:57,2026-05-12 02:00:57,email,gs51795970
1873,1260,2026-05-10 16:28:55,2026-05-10 17:53:55,email,gd90f8d35b
1874,1642,2026-05-05 15:14:25,2026-05-05 16:53:25,instagram,is4bcdcb09
1875,1233,2026-04-26 10:07:09,2026-04-26 10:58:09,instagram,ira8be2a7d
1876,242,2026-05-27 12:54:10,2026-05-27 13:17:10,direct,gd82a9ebf0
1877,676,2026-05-16 06:44:23,2026-05-16 07:38:23,organic,gd38a04a60
1878,1439,2026-04-13 14:56:49,2026-04-13 16:06:49,facebook,ffab6aebac
1879,222,2026-04-12 09:05:11,2026-04-12 09:37:11,direct,gd98a56336
1880,1375,2026-05-21 12:51:35,2026-05-21 13:12:35,twitter,ff986c3235
1881,1425,2026-04-23 12:52:48,2026-04-23 14:23:48,facebook,ffb90046c9
1882,393,2026-04-29 19:19:12,2026-04-29 21:02:12,facebook,fs8b65b6f5
1883,281,2026-04-06 13:26:56,2026-04-06 14:27:56,twitter,fvccf458b2
1884,1466,2026-05-20 18:43:12,2026-05-20 20:05:12,linkedin,fs4a32843d
1885,1810,2026-05-28 13:05:16,2026-05-28 13:58:16,facebook,fvada99c36
1886,1725,2026-05-09 09:57:57,2026-05-09 11:43:57,organic,gs924f142a
1887,1327,2026-05-23 14:17:55,2026-05-23 15:10:55,email,gs316c5ff6
1888,947,2026-04-05 11:09:17,2026-04-05 12:07:17,linkedin,fs21ad900f
1889,1660,2026-05-06 11:15:58,2026-05-06 12:09:58,google,gsa00b60ea
1890,289,2026-04-30 15:51:19,2026-04-30 17:50:19,email,gdc7996486
1891,1239,2026-04-12 12:07:44,2026-04-12 13:05:44,bing,gd2883a0fe
1892,512,2026-04-15 20:50:39,2026-04-15 21:37:39,email,gs9f813500
1893,1536,2026-05-22 14:38:45,2026-05-22 15:55:45,bing,gd8ea8019a
1894,1320,2026-05-07 13:45:40,2026-05-07 13:56:40,organic,gsa6930cc7
1895,878,2026-05-02 07:41:17,2026-05-02 07:50:17,google,gd420f68b1
1896,1985,2026-04-13 08:15:58,2026-04-13 09:07:58,instagram,ir37e87a7c
1897,1218,2026-04-30 16:22:49,2026-04-30 17:33:49,organic,gs08e0bf3b
1898,1552,2026-04-11 16:11:23,2026-04-11 17:43:23,bing,gd2883a0fe
1899,485,2026-05-28 21:12:19,2026-05-28 22:53:19,email,gse70f47ab
1900,1946,2026-05-06 17:55:35,2026-05-06 18:13:35,direct,gsaf752a95
1901,782,2026-05-08 09:57:40,2026-05-08 10:55:40,instagram,if940af841
1902,591,2026-05-17 15:31:18,2026-05-17 15:47:18,bing,gd0c96ca02
1903,637,2026-04-29 02:49:53,2026-04-29 03:23:53,twitter,fvd3ce7119
1904,1915,2026-04-11 13:21:12,2026-04-11 13:49:12,instagram,is16f110d9
1905,280,2026-05-23 14:49:53,2026-05-23 15:04:53,facebook,ff458d541e
1906,1478,2026-04-21 01:08:32,2026-04-21 02:18:32,direct,gdb46f6d2b
1907,1811,2026-05-13 11:08:46,2026-05-13 11:41:46,bing,gsa00b60ea
1908,1291,2026-05-03 09:44:29,2026-05-03 10:21:29,instagram,is8cffea19
1909,1016,2026-05-11 06:36:24,2026-05-11 07:33:24,twitter,fv21a5b09e
1910,1377,2026-04-18 14:37:06,2026-04-18 16:25:06,youtube,gdba2776fa
